id,machine_id,operator_id,timestamp,engine_hours,fuel_used_l,load_cycles,idling_time_min,seatbelt_status,safety_alert_triggered
1,EXC001,OP1001,2026-09-10 07:00:00,1520.25,5.33,3,3,Fastened,False
2,EXC001,OP1001,2026-09-10 07:15:00,1520.5,11.83,6,3,Fastened,False
3,EXC001,OP1001,2026-09-10 07:30:00,1520.75,18.27,9,5,Fastened,False
4,EXC001,OP1001,2026-09-10 07:45:00,1521.0,23.08,12,9,Fastened,False
5,EXC001,OP1001,2026-09-10 08:00:00,1521.25,32.35,13,0,Fastened,False
6,EXC001,OP1001,2026-09-10 08:15:00,1521.5,38.86,14,1,Fastened,False
7,EXC001,OP1001,2026-09-10 08:30:00,1521.75,43.55,17,1,Fastened,False
8,EXC001,OP1001,2026-09-10 08:45:00,1522.0,51.03,18,6,Fastened,False
9,EXC001,OP1001,2026-09-10 09:00:00,1522.15,53.27,18,33,Fastened,False
10,EXC001,OP1001,2026-09-10 09:15:00,1522.3,55.24,18,36,Fastened,False
11,EXC001,OP1001,2026-09-10 09:30:00,1522.55,60.5,21,2,Unfastened,True
12,EXC001,OP1001,2026-09-10 09:45:00,1522.8,65.4,23,4,Unfastened,True
13,EXC001,OP1001,2026-09-10 10:00:00,1523.05,72.41,25,6,Unfastened,True
14,EXC001,OP1001,2026-09-10 10:15:00,1523.3,80.87,27,20,Unfastened,True
15,EXC001,OP1001,2026-09-10 10:30:00,1523.55,86.76,30,9,Unfastened,True
16,EXC001,OP1001,2026-09-10 10:45:00,1523.8,96.2,32,9,Unfastened,True
17,EXC001,OP1001,2026-09-10 11:00:00,1524.05,103.72,34,5,Fastened,False
18,EXC001,OP1001,2026-09-10 11:15:00,1524.3,108.27,36,4,Fastened,False
19,EXC001,OP1001,2026-09-10 11:30:00,1524.55,115.86,39,5,Fastened,False
20,EXC001,OP1001,2026-09-10 11:45:00,1524.7,117.42,39,38,Fastened,False
21,EXC001,OP1001,2026-09-10 12:00:00,1524.95,122.04,41,3,Fastened,False
22,EXC001,OP1001,2026-09-10 12:15:00,1525.2,128.46,42,1,Fastened,False
23,EXC001,OP1001,2026-09-10 12:30:00,1525.45,135.17,45,9,Fastened,False
24,EXC001,OP1001,2026-09-10 12:45:00,1525.7,142.44,48,7,Fastened,False
25,EXC001,OP1001,2026-09-10 13:00:00,1525.85,144.22,48,50,Unfastened,True
26,EXC001,OP1001,2026-09-10 13:15:00,1526.0,146.21,48,48,Fastened,False
27,EXC001,OP1001,2026-09-10 13:30:00,1526.15,148.03,48,48,Unfastened,False
28,EXC001,OP1001,2026-09-10 13:45:00,1526.3,150.02,48,46,Fastened,False
29,EXC001,OP1001,2026-09-10 14:00:00,1526.45,151.51,48,52,Fastened,False
30,EXC001,OP1001,2026-09-10 14:15:00,1526.6,153.28,48,48,Fastened,False
31,EXC001,OP1001,2026-09-10 14:30:00,1526.75,155.44,48,44,Fastened,False
32,EXC001,OP1001,2026-09-10 14:45:00,1526.9,156.71,48,44,Fastened,False
33,EXC002,OP1002,2026-09-10 07:00:00,2840.25,19.62,3,2,Fastened,False
34,EXC002,OP1002,2026-09-10 07:15:00,2840.5,30.2,4,2,Fastened,False
35,EXC002,OP1002,2026-09-10 07:30:00,2840.75,49.76,6,2,Fastened,False
36,EXC002,OP1002,2026-09-10 07:45:00,2840.9,51.97,6,24,Fastened,False
37,EXC002,OP1002,2026-09-10 08:00:00,2841.15,68.98,7,0,Fastened,False
38,EXC002,OP1002,2026-09-10 08:15:00,2841.4,82.14,8,7,Fastened,False
39,EXC002,OP1002,2026-09-10 08:30:00,2841.65,100.36,10,9,Fastened,False
40,EXC002,OP1002,2026-09-10 08:45:00,2841.9,117.78,13,5,Unfastened,False
41,EXC002,OP1002,2026-09-10 09:00:00,2842.05,119.08,13,37,Unfastened,False
42,EXC002,OP1002,2026-09-10 09:15:00,2842.3,133.56,14,8,Unfastened,False
43,EXC002,OP1002,2026-09-10 09:30:00,2842.45,135.54,14,35,Fastened,False
44,EXC002,OP1002,2026-09-10 09:45:00,2842.7,146.5,16,4,Fastened,False
45,EXC002,OP1002,2026-09-10 10:00:00,2842.95,162.41,18,9,Fastened,False
46,EXC002,OP1002,2026-09-10 10:15:00,2843.2,179.22,21,1,Fastened,False
47,EXC002,OP1002,2026-09-10 10:30:00,2843.45,196.69,23,4,Fastened,False
48,EXC002,OP1002,2026-09-10 10:45:00,2843.7,213.52,26,8,Fastened,False
49,EXC002,OP1002,2026-09-10 11:00:00,2843.95,225.55,29,5,Fastened,False
50,EXC002,OP1002,2026-09-10 11:15:00,2844.2,244.6,32,0,Unfastened,True
51,EXC002,OP1002,2026-09-10 11:30:00,2844.45,256.04,35,2,Fastened,False
52,EXC002,OP1002,2026-09-10 11:45:00,2844.7,272.19,37,6,Fastened,False
53,EXC002,OP1002,2026-09-10 12:00:00,2844.85,274.39,37,61,Fastened,False
54,EXC002,OP1002,2026-09-10 12:15:00,2845.0,275.8,37,53,Fastened,False
55,EXC002,OP1002,2026-09-10 12:30:00,2845.15,277.56,37,66,Fastened,False
56,EXC002,OP1002,2026-09-10 12:45:00,2845.3,279.03,37,54,Fastened,False
57,EXC002,OP1002,2026-09-10 13:00:00,2845.45,281.14,37,56,Fastened,False
58,EXC002,OP1002,2026-09-10 13:15:00,2845.6,283.11,37,58,Fastened,False
59,EXC002,OP1002,2026-09-10 13:30:00,2845.75,285.16,37,46,Fastened,False
60,EXC002,OP1002,2026-09-10 13:45:00,2845.9,286.65,37,58,Unfastened,False
61,EXC002,OP1002,2026-09-10 14:00:00,2846.05,288.31,37,64,Fastened,False
62,EXC002,OP1002,2026-09-10 14:15:00,2846.2,290.42,37,65,Fastened,False
63,EXC002,OP1002,2026-09-10 14:30:00,2846.35,292.36,37,66,Fastened,False
64,EXC002,OP1002,2026-09-10 14:45:00,2846.5,294.35,37,53,Fastened,False
65,EXC003,OP1003,2026-09-10 07:00:00,420.25,9.06,1,4,Fastened,False
66,EXC003,OP1003,2026-09-10 07:15:00,420.5,13.59,3,9,Fastened,False
67,EXC003,OP1003,2026-09-10 07:30:00,420.75,18.21,5,5,Fastened,False
68,EXC003,OP1003,2026-09-10 07:45:00,421.0,25.07,8,4,Fastened,False
69,EXC003,OP1003,2026-09-10 08:00:00,421.25,32.18,10,7,Fastened,False
70,EXC003,OP1003,2026-09-10 08:15:00,421.5,40.99,13,0,Fastened,False
71,EXC003,OP1003,2026-09-10 08:30:00,421.75,49.53,14,2,Fastened,False
72,EXC003,OP1003,2026-09-10 08:45:00,422.0,55.67,15,0,Fastened,False
73,EXC003,OP1003,2026-09-10 09:00:00,422.25,62.09,16,6,Fastened,False
74,EXC003,OP1003,2026-09-10 09:15:00,422.5,66.93,17,9,Fastened,False
75,EXC003,OP1003,2026-09-10 09:30:00,422.75,74.02,19,19,Unfastened,True
76,EXC003,OP1003,2026-09-10 09:45:00,423.0,80.32,22,3,Unfastened,True
77,EXC003,OP1003,2026-09-10 10:00:00,423.25,86.36,24,18,Unfastened,True
78,EXC003,OP1003,2026-09-10 10:15:00,423.5,93.65,25,2,Unfastened,True
79,EXC003,OP1003,2026-09-10 10:30:00,423.75,102.19,28,3,Unfastened,True
80,EXC003,OP1003,2026-09-10 10:45:00,424.0,111.67,30,3,Unfastened,True
81,EXC003,OP1003,2026-09-10 11:00:00,424.25,120.57,33,8,Fastened,False
82,EXC003,OP1003,2026-09-10 11:15:00,424.5,125.07,34,4,Fastened,False
83,EXC003,OP1003,2026-09-10 11:30:00,424.75,131.65,35,7,Fastened,False
84,EXC003,OP1003,2026-09-10 11:45:00,425.0,138.71,37,3,Fastened,False
85,EXC003,OP1003,2026-09-10 12:00:00,425.25,147.23,38,7,Fastened,False
86,EXC003,OP1003,2026-09-10 12:15:00,425.5,156.16,41,2,Fastened,False
87,EXC003,OP1003,2026-09-10 12:30:00,425.75,161.31,43,6,Fastened,False
88,EXC003,OP1003,2026-09-10 12:45:00,426.0,169.44,46,9,Fastened,False
89,EXC003,OP1003,2026-09-10 13:00:00,426.25,175.51,47,5,Fastened,False
90,EXC003,OP1003,2026-09-10 13:15:00,426.5,182.63,49,2,Fastened,False
91,EXC003,OP1003,2026-09-10 13:30:00,426.75,191.11,52,3,Fastened,False
92,EXC003,OP1003,2026-09-10 13:45:00,427.0,200.39,55,2,Unfastened,False
93,EXC003,OP1003,2026-09-10 14:00:00,427.25,205.44,57,5,Fastened,False
94,EXC003,OP1003,2026-09-10 14:15:00,427.5,212.67,58,9,Fastened,False
95,EXC003,OP1003,2026-09-10 14:30:00,427.75,218.54,60,1,Fastened,False
96,EXC003,OP1003,2026-09-10 14:45:00,428.0,223.31,62,8,Fastened,False
97,LDR001,OP1004,2026-09-10 07:00:00,980.25,6.03,3,2,Fastened,False
98,LDR001,OP1004,2026-09-10 07:15:00,980.4,7.34,3,35,Fastened,False
99,LDR001,OP1004,2026-09-10 07:30:00,980.65,16.2,5,7,Fastened,False
100,LDR001,OP1004,2026-09-10 07:45:00,980.9,23.69,7,0,Fastened,False
101,LDR001,OP1004,2026-09-10 08:00:00,981.15,29.73,10,5,Fastened,False
102,LDR001,OP1004,2026-09-10 08:15:00,981.4,34.67,13,5,Fastened,False
103,LDR001,OP1004,2026-09-10 08:30:00,981.65,42.35,16,4,Fastened,False
104,LDR001,OP1004,2026-09-10 08:45:00,981.9,49.15,17,0,Fastened,False
105,LDR001,OP1004,2026-09-10 09:00:00,982.15,57.84,20,2,Fastened,False
106,LDR001,OP1004,2026-09-10 09:15:00,982.4,63.86,23,0,Fastened,False
107,LDR001,OP1004,2026-09-10 09:30:00,982.65,68.6,25,1,Fastened,False
108,LDR001,OP1004,2026-09-10 09:45:00,982.9,74.45,28,6,Fastened,False
109,LDR001,OP1004,2026-09-10 10:00:00,983.15,82.83,29,1,Fastened,False
110,LDR001,OP1004,2026-09-10 10:15:00,983.3,85.3,29,22,Fastened,False
111,LDR001,OP1004,2026-09-10 10:30:00,983.55,90.66,31,8,Fastened,False
112,LDR001,OP1004,2026-09-10 10:45:00,983.8,95.85,34,8,Fastened,False
113,LDR001,OP1004,2026-09-10 11:00:00,983.95,98.18,34,23,Fastened,False
114,LDR001,OP1004,2026-09-10 11:15:00,984.2,106.77,35,4,Fastened,False
115,LDR001,OP1004,2026-09-10 11:30:00,984.45,111.96,37,0,Unfastened,False
116,LDR001,OP1004,2026-09-10 11:45:00,984.7,118.02,38,5,Fastened,False
117,LDR001,OP1004,2026-09-10 12:00:00,984.85,119.22,38,65,Fastened,False
118,LDR001,OP1004,2026-09-10 12:15:00,985.0,120.69,38,50,Fastened,False
119,LDR001,OP1004,2026-09-10 12:30:00,985.15,121.89,38,47,Fastened,False
120,LDR001,OP1004,2026-09-10 12:45:00,985.3,124.05,38,67,Fastened,False
121,LDR001,OP1004,2026-09-10 13:00:00,985.45,126.2,38,51,Fastened,False
122,LDR001,OP1004,2026-09-10 13:15:00,985.6,128.61,38,52,Fastened,False
123,LDR001,OP1004,2026-09-10 13:30:00,985.75,130.48,38,49,Fastened,False
124,LDR001,OP1004,2026-09-10 13:45:00,985.9,132.65,38,56,Fastened,False
125,LDR001,OP1004,2026-09-10 14:00:00,986.05,133.99,38,55,Unfastened,False
126,LDR001,OP1004,2026-09-10 14:15:00,986.2,135.49,38,61,Fastened,False
127,LDR001,OP1004,2026-09-10 14:30:00,986.35,137.2,38,62,Fastened,False
128,LDR001,OP1004,2026-09-10 14:45:00,986.5,139.36,38,58,Fastened,False
129,LDR002,OP1005,2026-09-10 07:00:00,1820.25,8.81,3,0,Fastened,False
130,LDR002,OP1005,2026-09-10 07:15:00,1820.4,10.61,3,43,Fastened,False
131,LDR002,OP1005,2026-09-10 07:30:00,1820.65,17.92,5,9,Fastened,False
132,LDR002,OP1005,2026-09-10 07:45:00,1820.9,26.71,8,0,Fastened,False
133,LDR002,OP1005,2026-09-10 08:00:00,1821.15,31.24,10,8,Fastened,False
134,LDR002,OP1005,2026-09-10 08:15:00,1821.4,39.88,12,3,Fastened,False
135,LDR002,OP1005,2026-09-10 08:30:00,1821.65,45.55,15,0,Fastened,False
136,LDR002,OP1005,2026-09-10 08:45:00,1821.9,51.51,18,8,Fastened,False
137,LDR002,OP1005,2026-09-10 09:00:00,1822.15,60.05,21,3,Fastened,False
138,LDR002,OP1005,2026-09-10 09:15:00,1822.3,61.69,21,40,Fastened,False
139,LDR002,OP1005,2026-09-10 09:30:00,1822.55,67.79,22,5,Fastened,False
140,LDR002,OP1005,2026-09-10 09:45:00,1822.8,75.46,25,2,Fastened,False
141,LDR002,OP1005,2026-09-10 10:00:00,1823.05,84.07,26,10,Fastened,False
142,LDR002,OP1005,2026-09-10 10:15:00,1823.3,89.8,27,0,Fastened,False
143,LDR002,OP1005,2026-09-10 10:30:00,1823.55,94.37,28,5,Fastened,False
144,LDR002,OP1005,2026-09-10 10:45:00,1823.8,102.97,31,0,Fastened,False
145,LDR002,OP1005,2026-09-10 11:00:00,1824.05,109.36,33,1,Fastened,False
146,LDR002,OP1005,2026-09-10 11:15:00,1824.3,117.36,35,2,Fastened,False
147,LDR002,OP1005,2026-09-10 11:30:00,1824.55,125.13,36,5,Fastened,False
148,LDR002,OP1005,2026-09-10 11:45:00,1824.8,131.64,39,4,Fastened,False
149,LDR002,OP1005,2026-09-10 12:00:00,1825.05,140.89,40,6,Fastened,False
150,LDR002,OP1005,2026-09-10 12:15:00,1825.3,149.06,41,9,Fastened,False
151,LDR002,OP1005,2026-09-10 12:30:00,1825.55,154.27,44,14,Fastened,False
152,LDR002,OP1005,2026-09-10 12:45:00,1825.8,160.68,46,5,Fastened,False
153,LDR002,OP1005,2026-09-10 13:00:00,1826.05,166.14,48,2,Fastened,False
154,LDR002,OP1005,2026-09-10 13:15:00,1826.3,175.08,51,6,Fastened,False
155,LDR002,OP1005,2026-09-10 13:30:00,1826.55,182.39,53,10,Fastened,False
156,LDR002,OP1005,2026-09-10 13:45:00,1826.8,190.33,54,1,Fastened,False
157,LDR002,OP1005,2026-09-10 14:00:00,1827.05,199.67,57,9,Fastened,False
158,LDR002,OP1005,2026-09-10 14:15:00,1827.3,207.1,60,7,Fastened,False
159,LDR002,OP1005,2026-09-10 14:30:00,1827.55,213.96,63,1,Fastened,False
160,LDR002,OP1005,2026-09-10 14:45:00,1827.8,221.88,65,8,Unfastened,True
161,DOZ001,OP1006,2026-09-10 07:00:00,3410.25,7.55,3,8,Fastened,False
162,DOZ001,OP1006,2026-09-10 07:15:00,3410.5,12.79,4,7,Fastened,False
163,DOZ001,OP1006,2026-09-10 07:30:00,3410.75,19.28,6,1,Fastened,False
164,DOZ001,OP1006,2026-09-10 07:45:00,3411.0,24.59,8,0,Fastened,False
165,DOZ001,OP1006,2026-09-10 08:00:00,3411.25,31.31,9,4,Fastened,False
166,DOZ001,OP1006,2026-09-10 08:15:00,3411.5,39.45,10,1,Fastened,False
167,DOZ001,OP1006,2026-09-10 08:30:00,3411.75,44.52,12,0,Fastened,False
168,DOZ001,OP1006,2026-09-10 08:45:00,3412.0,50.59,15,8,Fastened,False
169,DOZ001,OP1006,2026-09-10 09:00:00,3412.25,55.53,17,2,Fastened,False
170,DOZ001,OP1006,2026-09-10 09:15:00,3412.5,62.25,18,0,Fastened,False
171,DOZ001,OP1006,2026-09-10 09:30:00,3412.75,69.59,19,2,Fastened,False
172,DOZ001,OP1006,2026-09-10 09:45:00,3413.0,76.26,22,2,Fastened,False
173,DOZ001,OP1006,2026-09-10 10:00:00,3413.25,85.46,25,3,Fastened,False
174,DOZ001,OP1006,2026-09-10 10:15:00,3413.5,94.19,27,7,Fastened,False
175,DOZ001,OP1006,2026-09-10 10:30:00,3413.65,95.89,27,25,Fastened,False
176,DOZ001,OP1006,2026-09-10 10:45:00,3413.9,103.56,30,5,Fastened,False
177,DOZ001,OP1006,2026-09-10 11:00:00,3414.15,111.04,31,9,Fastened,False
178,DOZ001,OP1006,2026-09-10 11:15:00,3414.4,120.38,32,2,Fastened,False
179,DOZ001,OP1006,2026-09-10 11:30:00,3414.65,129.37,33,0,Fastened,False
180,DOZ001,OP1006,2026-09-10 11:45:00,3414.9,137.2,34,1,Fastened,False
181,DOZ001,OP1006,2026-09-10 12:00:00,3415.15,141.81,37,11,Fastened,False
182,DOZ001,OP1006,2026-09-10 12:15:00,3415.4,147.08,40,1,Fastened,False
183,DOZ001,OP1006,2026-09-10 12:30:00,3415.65,155.43,42,7,Fastened,False
184,DOZ001,OP1006,2026-09-10 12:45:00,3415.9,162.42,44,5,Fastened,False
185,DOZ001,OP1006,2026-09-10 13:00:00,3416.15,169.91,47,5,Fastened,False
186,DOZ001,OP1006,2026-09-10 13:15:00,3416.4,176.11,50,2,Fastened,False
187,DOZ001,OP1006,2026-09-10 13:30:00,3416.65,184.85,53,16,Fastened,False
188,DOZ001,OP1006,2026-09-10 13:45:00,3416.9,192.88,54,4,Fastened,False
189,DOZ001,OP1006,2026-09-10 14:00:00,3417.15,198.44,55,5,Fastened,False
190,DOZ001,OP1006,2026-09-10 14:15:00,3417.4,207.23,56,5,Fastened,False
191,DOZ001,OP1006,2026-09-10 14:30:00,3417.65,216.38,59,9,Fastened,False
192,DOZ001,OP1006,2026-09-10 14:45:00,3417.8,217.74,59,26,Fastened,False
193,DOZ002,OP1007,2026-09-10 07:00:00,4120.25,7.5,1,6,Fastened,False
194,DOZ002,OP1007,2026-09-10 07:15:00,4120.5,16.85,2,8,Fastened,False
195,DOZ002,OP1007,2026-09-10 07:30:00,4120.75,24.31,3,9,Fastened,False
196,DOZ002,OP1007,2026-09-10 07:45:00,4121.0,30.85,5,8,Fastened,False
197,DOZ002,OP1007,2026-09-10 08:00:00,4121.25,39.42,6,9,Fastened,False
198,DOZ002,OP1007,2026-09-10 08:15:00,4121.5,47.67,8,5,Fastened,False
199,DOZ002,OP1007,2026-09-10 08:30:00,4121.75,56.64,11,6,Fastened,False
200,DOZ002,OP1007,2026-09-10 08:45:00,4122.0,65.32,12,5,Fastened,False
201,DOZ002,OP1007,2026-09-10 09:00:00,4122.25,70.02,14,6,Fastened,False
202,DOZ002,OP1007,2026-09-10 09:15:00,4122.5,76.14,15,7,Fastened,False
203,DOZ002,OP1007,2026-09-10 09:30:00,4122.75,83.06,18,6,Fastened,False
204,DOZ002,OP1007,2026-09-10 09:45:00,4123.0,91.75,20,3,Fastened,False
205,DOZ002,OP1007,2026-09-10 10:00:00,4123.25,98.14,22,3,Fastened,False
206,DOZ002,OP1007,2026-09-10 10:15:00,4123.4,99.86,22,43,Fastened,False
207,DOZ002,OP1007,2026-09-10 10:30:00,4123.65,106.55,23,6,Fastened,False
208,DOZ002,OP1007,2026-09-10 10:45:00,4123.8,107.8,23,46,Fastened,False
209,DOZ002,OP1007,2026-09-10 11:00:00,4124.05,115.57,25,5,Fastened,False
210,DOZ002,OP1007,2026-09-10 11:15:00,4124.3,122.09,26,19,Fastened,False
211,DOZ002,OP1007,2026-09-10 11:30:00,4124.55,129.17,27,3,Fastened,False
212,DOZ002,OP1007,2026-09-10 11:45:00,4124.8,137.1,29,2,Fastened,False
213,DOZ002,OP1007,2026-09-10 12:00:00,4125.05,142.45,31,5,Unfastened,True
214,DOZ002,OP1007,2026-09-10 12:15:00,4125.3,147.77,33,4,Fastened,False
215,DOZ002,OP1007,2026-09-10 12:30:00,4125.55,154.85,35,9,Fastened,False
216,DOZ002,OP1007,2026-09-10 12:45:00,4125.8,163.07,37,20,Fastened,False
217,DOZ002,OP1007,2026-09-10 13:00:00,4126.05,167.62,40,1,Fastened,False
218,DOZ002,OP1007,2026-09-10 13:15:00,4126.3,175.03,41,6,Fastened,False
219,DOZ002,OP1007,2026-09-10 13:30:00,4126.55,180.49,42,4,Fastened,False
220,DOZ002,OP1007,2026-09-10 13:45:00,4126.8,187.37,45,9,Fastened,False
221,DOZ002,OP1007,2026-09-10 14:00:00,4127.05,195.65,46,3,Fastened,False
222,DOZ002,OP1007,2026-09-10 14:15:00,4127.3,205.13,47,4,Fastened,False
223,DOZ002,OP1007,2026-09-10 14:30:00,4127.55,210.68,50,6,Fastened,False
224,DOZ002,OP1007,2026-09-10 14:45:00,4127.8,219.37,53,3,Unfastened,True
225,TRK001,OP1008,2026-09-10 07:00:00,2150.25,6.01,1,4,Fastened,False
226,TRK001,OP1008,2026-09-10 07:15:00,2150.5,13.68,4,5,Fastened,False
227,TRK001,OP1008,2026-09-10 07:30:00,2150.75,22.89,6,6,Fastened,False
228,TRK001,OP1008,2026-09-10 07:45:00,2151.0,30.53,9,3,Fastened,False
229,TRK001,OP1008,2026-09-10 08:00:00,2151.25,36.05,10,2,Fastened,False
230,TRK001,OP1008,2026-09-10 08:15:00,2151.5,41.76,12,2,Fastened,False
231,TRK001,OP1008,2026-09-10 08:30:00,2151.75,46.49,13,1,Fastened,False
232,TRK001,OP1008,2026-09-10 08:45:00,2152.0,53.16,14,4,Fastened,False
233,TRK001,OP1008,2026-09-10 09:00:00,2152.25,59.29,15,8,Fastened,False
234,TRK001,OP1008,2026-09-10 09:15:00,2152.5,67.5,17,1,Fastened,False
235,TRK001,OP1008,2026-09-10 09:30:00,2152.75,74.37,20,1,Fastened,False
236,TRK001,OP1008,2026-09-10 09:45:00,2152.9,76.7,20,36,Fastened,False
237,TRK001,OP1008,2026-09-10 10:00:00,2153.15,84.19,22,9,Fastened,False
238,TRK001,OP1008,2026-09-10 10:15:00,2153.4,91.62,25,18,Unfastened,False
239,TRK001,OP1008,2026-09-10 10:30:00,2153.65,97.67,28,7,Fastened,False
240,TRK001,OP1008,2026-09-10 10:45:00,2153.9,105.08,31,9,Fastened,False
241,TRK001,OP1008,2026-09-10 11:00:00,2154.15,113.36,32,3,Fastened,False
242,TRK001,OP1008,2026-09-10 11:15:00,2154.4,119.99,35,6,Unfastened,False
243,TRK001,OP1008,2026-09-10 11:30:00,2154.65,128.62,36,9,Unfastened,False
244,TRK001,OP1008,2026-09-10 11:45:00,2154.9,134.57,38,4,Fastened,False
245,TRK001,OP1008,2026-09-10 12:00:00,2155.15,139.95,41,1,Fastened,False
246,TRK001,OP1008,2026-09-10 12:15:00,2155.4,146.11,43,4,Fastened,False
247,TRK001,OP1008,2026-09-10 12:30:00,2155.55,147.94,43,41,Fastened,False
248,TRK001,OP1008,2026-09-10 12:45:00,2155.8,153.71,46,9,Fastened,False
249,TRK001,OP1008,2026-09-10 13:00:00,2156.05,158.83,47,17,Fastened,False
250,TRK001,OP1008,2026-09-10 13:15:00,2156.3,163.73,48,4,Fastened,False
251,TRK001,OP1008,2026-09-10 13:30:00,2156.55,171.26,50,3,Fastened,False
252,TRK001,OP1008,2026-09-10 13:45:00,2156.8,175.81,52,1,Fastened,False
253,TRK001,OP1008,2026-09-10 14:00:00,2157.05,185.24,54,0,Fastened,False
254,TRK001,OP1008,2026-09-10 14:15:00,2157.3,191.42,55,6,Fastened,False
255,TRK001,OP1008,2026-09-10 14:30:00,2157.45,192.69,55,32,Fastened,False
256,TRK001,OP1008,2026-09-10 14:45:00,2157.7,197.9,57,4,Fastened,False
257,EXC001,OP1002,2026-09-11 07:00:00,1527.15,6.52,1,2,Fastened,False
258,EXC001,OP1002,2026-09-11 07:15:00,1527.4,11.43,4,2,Fastened,False
259,EXC001,OP1002,2026-09-11 07:30:00,1527.65,16.3,5,6,Fastened,False
260,EXC001,OP1002,2026-09-11 07:45:00,1527.9,22.76,6,6,Fastened,False
261,EXC001,OP1002,2026-09-11 08:00:00,1528.15,30.39,9,0,Fastened,False
262,EXC001,OP1002,2026-09-11 08:15:00,1528.3,32.61,9,29,Unfastened,True
263,EXC001,OP1002,2026-09-11 08:30:00,1528.55,40.78,12,2,Fastened,False
264,EXC001,OP1002,2026-09-11 08:45:00,1528.8,47.95,13,6,Unfastened,True
265,EXC001,OP1002,2026-09-11 09:00:00,1529.05,55.47,14,13,Fastened,False
266,EXC001,OP1002,2026-09-11 09:15:00,1529.3,62.55,15,14,Fastened,False
267,EXC001,OP1002,2026-09-11 09:30:00,1529.55,71.14,18,7,Fastened,False
268,EXC001,OP1002,2026-09-11 09:45:00,1529.8,79.55,19,8,Fastened,False
269,EXC001,OP1002,2026-09-11 10:00:00,1530.05,85.24,20,3,Fastened,False
270,EXC001,OP1002,2026-09-11 10:15:00,1530.3,92.3,22,6,Fastened,False
271,EXC001,OP1002,2026-09-11 10:30:00,1530.45,94.62,22,37,Fastened,False
272,EXC001,OP1002,2026-09-11 10:45:00,1530.7,102.04,24,7,Fastened,False
273,EXC001,OP1002,2026-09-11 11:00:00,1530.95,107.85,25,5,Fastened,False
274,EXC001,OP1002,2026-09-11 11:15:00,1531.2,117.14,26,2,Fastened,False
275,EXC001,OP1002,2026-09-11 11:30:00,1531.45,126.47,27,6,Fastened,False
276,EXC001,OP1002,2026-09-11 11:45:00,1531.7,132.3,28,5,Unfastened,True
277,EXC001,OP1002,2026-09-11 12:00:00,1531.95,140.54,31,0,Fastened,False
278,EXC001,OP1002,2026-09-11 12:15:00,1532.2,145.07,34,1,Fastened,False
279,EXC001,OP1002,2026-09-11 12:30:00,1532.45,153.5,37,9,Fastened,False
280,EXC001,OP1002,2026-09-11 12:45:00,1532.7,160.48,39,6,Unfastened,True
281,EXC001,OP1002,2026-09-11 13:00:00,1532.95,169.19,41,1,Fastened,False
282,EXC001,OP1002,2026-09-11 13:15:00,1533.2,178.38,43,2,Fastened,False
283,EXC001,OP1002,2026-09-11 13:30:00,1533.35,180.21,43,21,Fastened,False
284,EXC001,OP1002,2026-09-11 13:45:00,1533.6,185.34,46,1,Fastened,False
285,EXC001,OP1002,2026-09-11 14:00:00,1533.85,191.9,48,2,Unfastened,True
286,EXC001,OP1002,2026-09-11 14:15:00,1534.1,201.28,51,5,Fastened,False
287,EXC001,OP1002,2026-09-11 14:30:00,1534.35,206.12,53,4,Fastened,False
288,EXC001,OP1002,2026-09-11 14:45:00,1534.6,214.51,55,8,Fastened,False
289,EXC002,OP1003,2026-09-11 07:00:00,2846.75,5.41,1,0,Unfastened,False
290,EXC002,OP1003,2026-09-11 07:15:00,2847.0,11.56,4,11,Fastened,False
291,EXC002,OP1003,2026-09-11 07:30:00,2847.25,20.37,6,6,Fastened,False
292,EXC002,OP1003,2026-09-11 07:45:00,2847.5,29.81,7,6,Fastened,False
293,EXC002,OP1003,2026-09-11 08:00:00,2847.75,36.6,8,7,Fastened,False
294,EXC002,OP1003,2026-09-11 08:15:00,2848.0,43.47,9,2,Fastened,False
295,EXC002,OP1003,2026-09-11 08:30:00,2848.25,50.82,11,4,Fastened,False
296,EXC002,OP1003,2026-09-11 08:45:00,2848.5,56.8,13,6,Fastened,False
297,EXC002,OP1003,2026-09-11 09:00:00,2848.75,61.56,14,8,Fastened,False
298,EXC002,OP1003,2026-09-11 09:15:00,2849.0,69.6,17,5,Fastened,False
299,EXC002,OP1003,2026-09-11 09:30:00,2849.25,77.24,20,5,Fastened,False
300,EXC002,OP1003,2026-09-11 09:45:00,2849.5,85.56,21,4,Fastened,False
301,EXC002,OP1003,2026-09-11 10:00:00,2849.75,94.18,23,6,Fastened,False
302,EXC002,OP1003,2026-09-11 10:15:00,2850.0,100.01,26,9,Fastened,False
303,EXC002,OP1003,2026-09-11 10:30:00,2850.25,105.03,28,0,Fastened,False
304,EXC002,OP1003,2026-09-11 10:45:00,2850.5,110.87,29,8,Fastened,False
305,EXC002,OP1003,2026-09-11 11:00:00,2850.75,118.5,32,3,Fastened,False
306,EXC002,OP1003,2026-09-11 11:15:00,2851.0,124.29,34,9,Fastened,False
307,EXC002,OP1003,2026-09-11 11:30:00,2851.25,133.5,36,4,Fastened,False
308,EXC002,OP1003,2026-09-11 11:45:00,2851.5,141.68,37,2,Fastened,False
309,EXC002,OP1003,2026-09-11 12:00:00,2851.75,151.17,40,6,Fastened,False
310,EXC002,OP1003,2026-09-11 12:15:00,2852.0,160.66,43,0,Fastened,False
311,EXC002,OP1003,2026-09-11 12:30:00,2852.25,170.04,46,5,Fastened,False
312,EXC002,OP1003,2026-09-11 12:45:00,2852.5,177.11,49,0,Fastened,False
313,EXC002,OP1003,2026-09-11 13:00:00,2852.75,185.37,52,8,Fastened,False
314,EXC002,OP1003,2026-09-11 13:15:00,2853.0,190.15,54,19,Fastened,False
315,EXC002,OP1003,2026-09-11 13:30:00,2853.25,196.03,56,9,Fastened,False
316,EXC002,OP1003,2026-09-11 13:45:00,2853.5,205.44,57,0,Fastened,False
317,EXC002,OP1003,2026-09-11 14:00:00,2853.75,213.52,59,9,Fastened,False
318,EXC002,OP1003,2026-09-11 14:15:00,2854.0,218.08,62,0,Fastened,False
319,EXC002,OP1003,2026-09-11 14:30:00,2854.25,227.5,65,7,Unfastened,False
320,EXC002,OP1003,2026-09-11 14:45:00,2854.5,234.86,67,9,Fastened,False
321,EXC003,OP1004,2026-09-11 07:00:00,428.25,6.73,3,7,Fastened,False
322,EXC003,OP1004,2026-09-11 07:15:00,428.4,8.92,3,30,Unfastened,False
323,EXC003,OP1004,2026-09-11 07:30:00,428.65,16.06,4,8,Fastened,False
324,EXC003,OP1004,2026-09-11 07:45:00,428.9,21.49,5,5,Fastened,False
325,EXC003,OP1004,2026-09-11 08:00:00,429.05,23.21,5,32,Fastened,False
326,EXC003,OP1004,2026-09-11 08:15:00,429.3,28.72,6,5,Fastened,False
327,EXC003,OP1004,2026-09-11 08:30:00,429.55,38.05,7,7,Fastened,False
328,EXC003,OP1004,2026-09-11 08:45:00,429.8,46.26,8,7,Fastened,False
329,EXC003,OP1004,2026-09-11 09:00:00,430.05,51.39,10,8,Fastened,False
330,EXC003,OP1004,2026-09-11 09:15:00,430.3,56.28,12,0,Fastened,False
331,EXC003,OP1004,2026-09-11 09:30:00,430.55,63.79,14,12,Fastened,False
332,EXC003,OP1004,2026-09-11 09:45:00,430.8,71.59,16,9,Unfastened,False
333,EXC003,OP1004,2026-09-11 10:00:00,431.05,79.29,17,3,Fastened,False
334,EXC003,OP1004,2026-09-11 10:15:00,431.2,80.76,17,39,Fastened,False
335,EXC003,OP1004,2026-09-11 10:30:00,431.45,86.44,18,7,Fastened,False
336,EXC003,OP1004,2026-09-11 10:45:00,431.7,94.73,21,9,Fastened,False
337,EXC003,OP1004,2026-09-11 11:00:00,431.95,100.98,22,8,Fastened,False
338,EXC003,OP1004,2026-09-11 11:15:00,432.2,107.51,24,4,Unfastened,False
339,EXC003,OP1004,2026-09-11 11:30:00,432.45,114.83,27,1,Fastened,False
340,EXC003,OP1004,2026-09-11 11:45:00,432.7,123.81,28,0,Fastened,False
341,EXC003,OP1004,2026-09-11 12:00:00,432.95,129.43,30,6,Fastened,False
342,EXC003,OP1004,2026-09-11 12:15:00,433.2,136.28,33,0,Fastened,False
343,EXC003,OP1004,2026-09-11 12:30:00,433.35,138.15,33,34,Fastened,False
344,EXC003,OP1004,2026-09-11 12:45:00,433.5,139.94,33,31,Fastened,False
345,EXC003,OP1004,2026-09-11 13:00:00,433.75,145.27,34,3,Fastened,False
346,EXC003,OP1004,2026-09-11 13:15:00,434.0,152.46,35,1,Fastened,False
347,EXC003,OP1004,2026-09-11 13:30:00,434.15,153.71,35,38,Fastened,False
348,EXC003,OP1004,2026-09-11 13:45:00,434.4,162.37,37,2,Fastened,False
349,EXC003,OP1004,2026-09-11 14:00:00,434.65,171.8,40,0,Fastened,False
350,EXC003,OP1004,2026-09-11 14:15:00,434.9,176.84,43,1,Fastened,False
351,EXC003,OP1004,2026-09-11 14:30:00,435.15,184.49,46,3,Fastened,False
352,EXC003,OP1004,2026-09-11 14:45:00,435.4,192.8,48,14,Fastened,False
353,LDR001,OP1005,2026-09-11 07:00:00,986.75,8.87,1,4,Fastened,False
354,LDR001,OP1005,2026-09-11 07:15:00,987.0,14.71,2,1,Unfastened,True
355,LDR001,OP1005,2026-09-11 07:30:00,987.25,22.81,3,5,Fastened,False
356,LDR001,OP1005,2026-09-11 07:45:00,987.5,28.04,6,1,Fastened,False
357,LDR001,OP1005,2026-09-11 08:00:00,987.75,36.88,8,2,Fastened,False
358,LDR001,OP1005,2026-09-11 08:15:00,987.9,39.27,8,27,Fastened,False
359,LDR001,OP1005,2026-09-11 08:30:00,988.05,40.57,8,47,Fastened,False
360,LDR001,OP1005,2026-09-11 08:45:00,988.3,49.65,10,3,Fastened,False
361,LDR001,OP1005,2026-09-11 09:00:00,988.55,54.46,11,8,Fastened,False
362,LDR001,OP1005,2026-09-11 09:15:00,988.7,56.68,11,21,Fastened,False
363,LDR001,OP1005,2026-09-11 09:30:00,988.95,62.89,13,8,Fastened,False
364,LDR001,OP1005,2026-09-11 09:45:00,989.2,68.22,16,2,Fastened,False
365,LDR001,OP1005,2026-09-11 10:00:00,989.45,73.0,19,5,Fastened,False
366,LDR001,OP1005,2026-09-11 10:15:00,989.7,79.03,20,1,Fastened,False
367,LDR001,OP1005,2026-09-11 10:30:00,989.95,84.4,21,7,Fastened,False
368,LDR001,OP1005,2026-09-11 10:45:00,990.2,91.81,24,5,Fastened,False
369,LDR001,OP1005,2026-09-11 11:00:00,990.45,98.47,27,7,Fastened,False
370,LDR001,OP1005,2026-09-11 11:15:00,990.7,106.54,30,0,Fastened,False
371,LDR001,OP1005,2026-09-11 11:30:00,990.95,114.17,32,4,Fastened,False
372,LDR001,OP1005,2026-09-11 11:45:00,991.2,120.4,33,1,Fastened,False
373,LDR001,OP1005,2026-09-11 12:00:00,991.45,129.7,36,8,Fastened,False
374,LDR001,OP1005,2026-09-11 12:15:00,991.7,135.92,39,4,Unfastened,True
375,LDR001,OP1005,2026-09-11 12:30:00,991.95,143.01,41,2,Fastened,False
376,LDR001,OP1005,2026-09-11 12:45:00,992.2,149.72,44,0,Fastened,False
377,LDR001,OP1005,2026-09-11 13:00:00,992.45,157.16,45,6,Fastened,False
378,LDR001,OP1005,2026-09-11 13:15:00,992.6,159.14,45,35,Fastened,False
379,LDR001,OP1005,2026-09-11 13:30:00,992.75,160.41,45,32,Fastened,False
380,LDR001,OP1005,2026-09-11 13:45:00,992.9,162.08,45,35,Fastened,False
381,LDR001,OP1005,2026-09-11 14:00:00,993.15,167.23,47,0,Fastened,False
382,LDR001,OP1005,2026-09-11 14:15:00,993.4,171.73,49,5,Fastened,False
383,LDR001,OP1005,2026-09-11 14:30:00,993.65,176.64,51,9,Fastened,False
384,LDR001,OP1005,2026-09-11 14:45:00,993.9,183.46,53,5,Fastened,False
385,LDR002,OP1006,2026-09-11 07:00:00,1828.05,8.99,3,5,Fastened,False
386,LDR002,OP1006,2026-09-11 07:15:00,1828.3,15.72,4,4,Fastened,False
387,LDR002,OP1006,2026-09-11 07:30:00,1828.55,24.49,6,11,Fastened,False
388,LDR002,OP1006,2026-09-11 07:45:00,1828.8,30.9,8,5,Fastened,False
389,LDR002,OP1006,2026-09-11 08:00:00,1829.05,38.97,10,0,Fastened,False
390,LDR002,OP1006,2026-09-11 08:15:00,1829.3,48.29,11,4,Fastened,False
391,LDR002,OP1006,2026-09-11 08:30:00,1829.55,53.29,12,1,Fastened,False
392,LDR002,OP1006,2026-09-11 08:45:00,1829.8,59.74,15,7,Fastened,False
393,LDR002,OP1006,2026-09-11 09:00:00,1830.05,67.42,18,2,Fastened,False
394,LDR002,OP1006,2026-09-11 09:15:00,1830.3,72.44,21,9,Fastened,False
395,LDR002,OP1006,2026-09-11 09:30:00,1830.45,74.76,21,47,Fastened,False
396,LDR002,OP1006,2026-09-11 09:45:00,1830.7,83.21,22,9,Unfastened,True
397,LDR002,OP1006,2026-09-11 10:00:00,1830.95,89.55,25,1,Fastened,False
398,LDR002,OP1006,2026-09-11 10:15:00,1831.1,91.98,25,36,Fastened,False
399,LDR002,OP1006,2026-09-11 10:30:00,1831.35,96.88,26,3,Fastened,False
400,LDR002,OP1006,2026-09-11 10:45:00,1831.6,105.51,28,12,Fastened,False
401,LDR002,OP1006,2026-09-11 11:00:00,1831.85,111.46,31,4,Fastened,False
402,LDR002,OP1006,2026-09-11 11:15:00,1832.1,118.65,32,1,Fastened,False
403,LDR002,OP1006,2026-09-11 11:30:00,1832.35,127.95,35,2,Fastened,False
404,LDR002,OP1006,2026-09-11 11:45:00,1832.6,135.28,38,7,Unfastened,True
405,LDR002,OP1006,2026-09-11 12:00:00,1832.85,142.49,39,3,Fastened,False
406,LDR002,OP1006,2026-09-11 12:15:00,1833.1,150.41,41,3,Fastened,False
407,LDR002,OP1006,2026-09-11 12:30:00,1833.35,155.66,42,8,Fastened,False
408,LDR002,OP1006,2026-09-11 12:45:00,1833.6,163.23,43,2,Fastened,False
409,LDR002,OP1006,2026-09-11 13:00:00,1833.85,170.65,46,4,Fastened,False
410,LDR002,OP1006,2026-09-11 13:15:00,1834.1,178.26,49,2,Fastened,False
411,LDR002,OP1006,2026-09-11 13:30:00,1834.35,183.42,51,0,Fastened,False
412,LDR002,OP1006,2026-09-11 13:45:00,1834.6,190.01,52,3,Unfastened,False
413,LDR002,OP1006,2026-09-11 14:00:00,1834.85,194.91,53,7,Fastened,False
414,LDR002,OP1006,2026-09-11 14:15:00,1835.0,197.36,53,22,Fastened,False
415,LDR002,OP1006,2026-09-11 14:30:00,1835.25,205.06,55,0,Fastened,False
416,LDR002,OP1006,2026-09-11 14:45:00,1835.5,210.19,58,1,Fastened,False
417,DOZ001,OP1007,2026-09-11 07:00:00,3417.95,1.79,0,25,Fastened,False
418,DOZ001,OP1007,2026-09-11 07:15:00,3418.2,6.82,1,4,Unfastened,True
419,DOZ001,OP1007,2026-09-11 07:30:00,3418.45,13.11,2,0,Fastened,False
420,DOZ001,OP1007,2026-09-11 07:45:00,3418.7,19.31,4,6,Fastened,False
421,DOZ001,OP1007,2026-09-11 08:00:00,3418.95,26.58,5,6,Fastened,False
422,DOZ001,OP1007,2026-09-11 08:15:00,3419.2,35.67,7,0,Fastened,False
423,DOZ001,OP1007,2026-09-11 08:30:00,3419.45,42.96,9,3,Fastened,False
424,DOZ001,OP1007,2026-09-11 08:45:00,3419.7,48.31,11,9,Fastened,False
425,DOZ001,OP1007,2026-09-11 09:00:00,3419.85,50.65,11,25,Fastened,False
426,DOZ001,OP1007,2026-09-11 09:15:00,3420.0,52.43,11,44,Fastened,False
427,DOZ001,OP1007,2026-09-11 09:30:00,3420.25,57.85,13,0,Fastened,False
428,DOZ001,OP1007,2026-09-11 09:45:00,3420.5,62.73,14,1,Unfastened,True
429,DOZ001,OP1007,2026-09-11 10:00:00,3420.75,70.84,15,0,Fastened,False
430,DOZ001,OP1007,2026-09-11 10:15:00,3421.0,79.43,17,9,Fastened,False
431,DOZ001,OP1007,2026-09-11 10:30:00,3421.25,86.07,20,9,Fastened,False
432,DOZ001,OP1007,2026-09-11 10:45:00,3421.5,93.17,22,0,Fastened,False
433,DOZ001,OP1007,2026-09-11 11:00:00,3421.75,101.34,25,5,Fastened,False
434,DOZ001,OP1007,2026-09-11 11:15:00,3422.0,110.41,26,1,Fastened,False
435,DOZ001,OP1007,2026-09-11 11:30:00,3422.25,118.55,28,3,Unfastened,True
436,DOZ001,OP1007,2026-09-11 11:45:00,3422.5,127.06,31,20,Fastened,False
437,DOZ001,OP1007,2026-09-11 12:00:00,3422.75,132.56,32,4,Fastened,False
438,DOZ001,OP1007,2026-09-11 12:15:00,3423.0,140.16,34,11,Fastened,False
439,DOZ001,OP1007,2026-09-11 12:30:00,3423.25,147.32,36,9,Fastened,False
440,DOZ001,OP1007,2026-09-11 12:45:00,3423.5,155.6,38,4,Fastened,False
441,DOZ001,OP1007,2026-09-11 13:00:00,3423.75,165.07,41,2,Fastened,False
442,DOZ001,OP1007,2026-09-11 13:15:00,3424.0,173.19,44,4,Unfastened,False
443,DOZ001,OP1007,2026-09-11 13:30:00,3424.25,181.02,45,2,Fastened,False
444,DOZ001,OP1007,2026-09-11 13:45:00,3424.5,189.17,46,1,Fastened,False
445,DOZ001,OP1007,2026-09-11 14:00:00,3424.75,194.69,49,8,Unfastened,True
446,DOZ001,OP1007,2026-09-11 14:15:00,3424.9,196.98,49,26,Fastened,False
447,DOZ001,OP1007,2026-09-11 14:30:00,3425.15,205.89,50,2,Fastened,False
448,DOZ001,OP1007,2026-09-11 14:45:00,3425.4,212.89,52,0,Fastened,False
449,DOZ002,OP1008,2026-09-11 07:00:00,4127.95,1.22,0,26,Fastened,False
450,DOZ002,OP1008,2026-09-11 07:15:00,4128.1,2.61,0,36,Fastened,False
451,DOZ002,OP1008,2026-09-11 07:30:00,4128.35,12.11,3,1,Fastened,False
452,DOZ002,OP1008,2026-09-11 07:45:00,4128.6,21.21,4,0,Fastened,False
453,DOZ002,OP1008,2026-09-11 08:00:00,4128.85,27.72,6,6,Fastened,False
454,DOZ002,OP1008,2026-09-11 08:15:00,4129.1,36.96,9,3,Fastened,False
455,DOZ002,OP1008,2026-09-11 08:30:00,4129.35,44.87,11,7,Fastened,False
456,DOZ002,OP1008,2026-09-11 08:45:00,4129.6,53.23,12,3,Fastened,False
457,DOZ002,OP1008,2026-09-11 09:00:00,4129.85,58.49,14,9,Fastened,False
458,DOZ002,OP1008,2026-09-11 09:15:00,4130.1,64.82,17,6,Fastened,False
459,DOZ002,OP1008,2026-09-11 09:30:00,4130.35,69.67,18,3,Fastened,False
460,DOZ002,OP1008,2026-09-11 09:45:00,4130.6,76.68,21,2,Fastened,False
461,DOZ002,OP1008,2026-09-11 10:00:00,4130.85,85.51,24,7,Fastened,False
462,DOZ002,OP1008,2026-09-11 10:15:00,4131.1,92.73,26,1,Fastened,False
463,DOZ002,OP1008,2026-09-11 10:30:00,4131.35,98.06,28,8,Unfastened,True
464,DOZ002,OP1008,2026-09-11 10:45:00,4131.6,103.43,31,6,Unfastened,True
465,DOZ002,OP1008,2026-09-11 11:00:00,4131.85,111.3,33,4,Fastened,False
466,DOZ002,OP1008,2026-09-11 11:15:00,4132.1,116.58,34,5,Fastened,False
467,DOZ002,OP1008,2026-09-11 11:30:00,4132.35,125.4,37,5,Fastened,False
468,DOZ002,OP1008,2026-09-11 11:45:00,4132.6,134.54,39,1,Fastened,False
469,DOZ002,OP1008,2026-09-11 12:00:00,4132.85,142.92,41,6,Fastened,False
470,DOZ002,OP1008,2026-09-11 12:15:00,4133.1,151.44,44,7,Unfastened,True
471,DOZ002,OP1008,2026-09-11 12:30:00,4133.35,156.45,45,4,Fastened,False
472,DOZ002,OP1008,2026-09-11 12:45:00,4133.6,162.9,48,6,Fastened,False
473,DOZ002,OP1008,2026-09-11 13:00:00,4133.85,171.81,50,1,Fastened,False
474,DOZ002,OP1008,2026-09-11 13:15:00,4134.1,180.22,53,5,Fastened,False
475,DOZ002,OP1008,2026-09-11 13:30:00,4134.35,187.55,54,5,Fastened,False
476,DOZ002,OP1008,2026-09-11 13:45:00,4134.6,196.49,56,0,Fastened,False
477,DOZ002,OP1008,2026-09-11 14:00:00,4134.85,202.7,57,8,Fastened,False
478,DOZ002,OP1008,2026-09-11 14:15:00,4135.1,207.62,59,4,Fastened,False
479,DOZ002,OP1008,2026-09-11 14:30:00,4135.35,212.5,62,0,Fastened,False
480,DOZ002,OP1008,2026-09-11 14:45:00,4135.6,218.58,65,0,Fastened,False
481,TRK001,OP1009,2026-09-11 07:00:00,2157.85,2.13,0,34,Fastened,False
482,TRK001,OP1009,2026-09-11 07:15:00,2158.1,7.1,1,9,Fastened,False
483,TRK001,OP1009,2026-09-11 07:30:00,2158.35,12.13,4,7,Fastened,False
484,TRK001,OP1009,2026-09-11 07:45:00,2158.6,17.0,6,3,Fastened,False
485,TRK001,OP1009,2026-09-11 08:00:00,2158.85,25.05,9,9,Fastened,False
486,TRK001,OP1009,2026-09-11 08:15:00,2159.0,26.95,9,35,Fastened,False
487,TRK001,OP1009,2026-09-11 08:30:00,2159.25,32.5,10,6,Fastened,False
488,TRK001,OP1009,2026-09-11 08:45:00,2159.5,39.91,13,1,Fastened,False
489,TRK001,OP1009,2026-09-11 09:00:00,2159.75,48.56,14,0,Fastened,False
490,TRK001,OP1009,2026-09-11 09:15:00,2160.0,53.26,15,8,Fastened,False
491,TRK001,OP1009,2026-09-11 09:30:00,2160.25,62.21,16,9,Fastened,False
492,TRK001,OP1009,2026-09-11 09:45:00,2160.5,67.94,19,2,Fastened,False
493,TRK001,OP1009,2026-09-11 10:00:00,2160.75,73.84,21,6,Fastened,False
494,TRK001,OP1009,2026-09-11 10:15:00,2161.0,82.09,23,3,Fastened,False
495,TRK001,OP1009,2026-09-11 10:30:00,2161.25,88.79,25,7,Fastened,False
496,TRK001,OP1009,2026-09-11 10:45:00,2161.5,97.66,26,1,Fastened,False
497,TRK001,OP1009,2026-09-11 11:00:00,2161.75,103.73,27,7,Fastened,False
498,TRK001,OP1009,2026-09-11 11:15:00,2162.0,110.21,28,6,Fastened,False
499,TRK001,OP1009,2026-09-11 11:30:00,2162.25,118.39,31,8,Fastened,False
500,TRK001,OP1009,2026-09-11 11:45:00,2162.5,123.18,33,3,Fastened,False
501,TRK001,OP1009,2026-09-11 12:00:00,2162.75,132.42,34,14,Fastened,False
502,TRK001,OP1009,2026-09-11 12:15:00,2163.0,140.59,36,5,Fastened,False
503,TRK001,OP1009,2026-09-11 12:30:00,2163.25,147.9,37,5,Fastened,False
504,TRK001,OP1009,2026-09-11 12:45:00,2163.5,153.74,40,5,Fastened,False
505,TRK001,OP1009,2026-09-11 13:00:00,2163.75,160.94,43,4,Fastened,False
506,TRK001,OP1009,2026-09-11 13:15:00,2164.0,168.46,45,5,Fastened,False
507,TRK001,OP1009,2026-09-11 13:30:00,2164.25,177.49,48,6,Unfastened,False
508,TRK001,OP1009,2026-09-11 13:45:00,2164.5,183.73,50,3,Fastened,False
509,TRK001,OP1009,2026-09-11 14:00:00,2164.75,191.74,51,3,Fastened,False
510,TRK001,OP1009,2026-09-11 14:15:00,2164.9,193.88,51,45,Fastened,False
511,TRK001,OP1009,2026-09-11 14:30:00,2165.15,203.22,53,5,Fastened,False
512,TRK001,OP1009,2026-09-11 14:45:00,2165.4,208.31,55,0,Fastened,False
513,EXC001,OP1001,2026-09-12 07:00:00,1534.85,6.91,3,2,Fastened,False
514,EXC001,OP1001,2026-09-12 07:15:00,1535.1,12.75,6,7,Fastened,False
515,EXC001,OP1001,2026-09-12 07:30:00,1535.35,20.78,9,9,Fastened,False
516,EXC001,OP1001,2026-09-12 07:45:00,1535.6,29.74,12,4,Unfastened,True
517,EXC001,OP1001,2026-09-12 08:00:00,1535.85,34.64,14,6,Fastened,False
518,EXC001,OP1001,2026-09-12 08:15:00,1536.0,36.89,14,44,Fastened,False
519,EXC001,OP1001,2026-09-12 08:30:00,1536.25,43.13,15,6,Unfastened,False
520,EXC001,OP1001,2026-09-12 08:45:00,1536.5,48.08,16,6,Fastened,False
521,EXC001,OP1001,2026-09-12 09:00:00,1536.75,53.63,17,1,Fastened,False
522,EXC001,OP1001,2026-09-12 09:15:00,1537.0,62.93,20,1,Unfastened,False
523,EXC001,OP1001,2026-09-12 09:30:00,1537.15,64.23,20,28,Fastened,False
524,EXC001,OP1001,2026-09-12 09:45:00,1537.4,73.24,22,8,Unfastened,True
525,EXC001,OP1001,2026-09-12 10:00:00,1537.65,80.24,25,5,Fastened,False
526,EXC001,OP1001,2026-09-12 10:15:00,1537.9,89.59,26,9,Fastened,False
527,EXC001,OP1001,2026-09-12 10:30:00,1538.15,98.99,27,6,Fastened,False
528,EXC001,OP1001,2026-09-12 10:45:00,1538.4,107.21,30,1,Fastened,False
529,EXC001,OP1001,2026-09-12 11:00:00,1538.65,113.18,33,3,Fastened,False
530,EXC001,OP1001,2026-09-12 11:15:00,1538.9,117.94,34,0,Fastened,False
531,EXC001,OP1001,2026-09-12 11:30:00,1539.15,124.06,35,0,Fastened,False
532,EXC001,OP1001,2026-09-12 11:45:00,1539.4,130.34,36,3,Fastened,False
533,EXC001,OP1001,2026-09-12 12:00:00,1539.65,138.58,39,8,Unfastened,True
534,EXC001,OP1001,2026-09-12 12:15:00,1539.9,147.95,41,4,Fastened,False
535,EXC001,OP1001,2026-09-12 12:30:00,1540.15,155.29,42,7,Fastened,False
536,EXC001,OP1001,2026-09-12 12:45:00,1540.4,160.22,44,5,Fastened,False
537,EXC001,OP1001,2026-09-12 13:00:00,1540.65,166.15,45,0,Fastened,False
538,EXC001,OP1001,2026-09-12 13:15:00,1540.9,174.13,48,7,Fastened,False
539,EXC001,OP1001,2026-09-12 13:30:00,1541.15,180.86,49,0,Fastened,False
540,EXC001,OP1001,2026-09-12 13:45:00,1541.4,187.98,51,8,Fastened,False
541,EXC001,OP1001,2026-09-12 14:00:00,1541.65,197.16,54,3,Fastened,False
542,EXC001,OP1001,2026-09-12 14:15:00,1541.8,198.41,54,46,Fastened,False
543,EXC001,OP1001,2026-09-12 14:30:00,1542.05,205.86,57,7,Fastened,False
544,EXC001,OP1001,2026-09-12 14:45:00,1542.3,212.39,59,5,Fastened,False
545,EXC002,OP1004,2026-09-12 07:00:00,2854.75,5.93,2,3,Fastened,False
546,EXC002,OP1004,2026-09-12 07:15:00,2855.0,12.62,5,6,Fastened,False
547,EXC002,OP1004,2026-09-12 07:30:00,2855.25,17.47,6,9,Fastened,False
548,EXC002,OP1004,2026-09-12 07:45:00,2855.5,24.01,8,8,Fastened,False
549,EXC002,OP1004,2026-09-12 08:00:00,2855.75,32.98,11,5,Fastened,False
550,EXC002,OP1004,2026-09-12 08:15:00,2856.0,38.43,12,9,Fastened,False
551,EXC002,OP1004,2026-09-12 08:30:00,2856.15,40.2,12,27,Fastened,False
552,EXC002,OP1004,2026-09-12 08:45:00,2856.4,46.79,14,3,Fastened,False
553,EXC002,OP1004,2026-09-12 09:00:00,2856.65,52.77,16,14,Fastened,False
554,EXC002,OP1004,2026-09-12 09:15:00,2856.9,61.0,19,4,Fastened,False
555,EXC002,OP1004,2026-09-12 09:30:00,2857.05,63.17,19,21,Fastened,False
556,EXC002,OP1004,2026-09-12 09:45:00,2857.3,70.9,20,0,Unfastened,False
557,EXC002,OP1004,2026-09-12 10:00:00,2857.55,78.02,22,7,Fastened,False
558,EXC002,OP1004,2026-09-12 10:15:00,2857.8,83.69,25,0,Unfastened,True
559,EXC002,OP1004,2026-09-12 10:30:00,2858.05,90.05,26,5,Fastened,False
560,EXC002,OP1004,2026-09-12 10:45:00,2858.2,91.79,26,23,Fastened,False
561,EXC002,OP1004,2026-09-12 11:00:00,2858.45,99.99,29,9,Fastened,False
562,EXC002,OP1004,2026-09-12 11:15:00,2858.7,105.96,31,9,Unfastened,True
563,EXC002,OP1004,2026-09-12 11:30:00,2858.95,112.76,32,5,Fastened,False
564,EXC002,OP1004,2026-09-12 11:45:00,2859.2,120.57,33,2,Fastened,False
565,EXC002,OP1004,2026-09-12 12:00:00,2859.45,126.16,35,5,Fastened,False
566,EXC002,OP1004,2026-09-12 12:15:00,2859.7,134.19,38,2,Fastened,False
567,EXC002,OP1004,2026-09-12 12:30:00,2859.95,143.12,41,0,Fastened,False
568,EXC002,OP1004,2026-09-12 12:45:00,2860.2,150.5,43,0,Fastened,False
569,EXC002,OP1004,2026-09-12 13:00:00,2860.35,152.82,43,42,Fastened,False
570,EXC002,OP1004,2026-09-12 13:15:00,2860.6,159.04,44,19,Fastened,False
571,EXC002,OP1004,2026-09-12 13:30:00,2860.85,167.98,46,1,Fastened,False
572,EXC002,OP1004,2026-09-12 13:45:00,2861.1,175.33,47,8,Fastened,False
573,EXC002,OP1004,2026-09-12 14:00:00,2861.35,183.23,50,9,Fastened,False
574,EXC002,OP1004,2026-09-12 14:15:00,2861.6,188.3,51,8,Fastened,False
575,EXC002,OP1004,2026-09-12 14:30:00,2861.85,193.68,53,8,Fastened,False
576,EXC002,OP1004,2026-09-12 14:45:00,2862.1,201.17,55,0,Unfastened,False
577,EXC003,OP1005,2026-09-12 07:00:00,435.65,9.38,1,9,Fastened,False
578,EXC003,OP1005,2026-09-12 07:15:00,435.9,18.23,3,4,Unfastened,False
579,EXC003,OP1005,2026-09-12 07:30:00,436.15,26.41,4,5,Fastened,False
580,EXC003,OP1005,2026-09-12 07:45:00,436.4,32.69,7,6,Fastened,False
581,EXC003,OP1005,2026-09-12 08:00:00,436.65,41.56,8,3,Fastened,False
582,EXC003,OP1005,2026-09-12 08:15:00,436.9,48.81,9,0,Fastened,False
583,EXC003,OP1005,2026-09-12 08:30:00,437.15,56.75,12,0,Fastened,False
584,EXC003,OP1005,2026-09-12 08:45:00,437.4,63.88,13,0,Fastened,False
585,EXC003,OP1005,2026-09-12 09:00:00,437.65,71.06,16,2,Fastened,False
586,EXC003,OP1005,2026-09-12 09:15:00,437.9,77.23,19,7,Fastened,False
587,EXC003,OP1005,2026-09-12 09:30:00,438.05,78.45,19,40,Fastened,False
588,EXC003,OP1005,2026-09-12 09:45:00,438.3,83.22,21,4,Fastened,False
589,EXC003,OP1005,2026-09-12 10:00:00,438.55,90.13,23,5,Fastened,False
590,EXC003,OP1005,2026-09-12 10:15:00,438.8,95.71,25,5,Unfastened,True
591,EXC003,OP1005,2026-09-12 10:30:00,439.05,102.24,27,0,Fastened,False
592,EXC003,OP1005,2026-09-12 10:45:00,439.3,111.42,28,7,Fastened,False
593,EXC003,OP1005,2026-09-12 11:00:00,439.55,117.36,29,4,Fastened,False
594,EXC003,OP1005,2026-09-12 11:15:00,439.8,122.29,30,1,Fastened,False
595,EXC003,OP1005,2026-09-12 11:30:00,440.05,129.03,31,6,Fastened,False
596,EXC003,OP1005,2026-09-12 11:45:00,440.3,138.07,32,6,Fastened,False
597,EXC003,OP1005,2026-09-12 12:00:00,440.45,140.09,32,38,Fastened,False
598,EXC003,OP1005,2026-09-12 12:15:00,440.7,144.95,34,6,Fastened,False
599,EXC003,OP1005,2026-09-12 12:30:00,440.95,152.11,37,9,Fastened,False
600,EXC003,OP1005,2026-09-12 12:45:00,441.2,159.5,38,1,Fastened,False
601,EXC003,OP1005,2026-09-12 13:00:00,441.35,161.14,38,30,Fastened,False
602,EXC003,OP1005,2026-09-12 13:15:00,441.6,166.54,40,1,Fastened,False
603,EXC003,OP1005,2026-09-12 13:30:00,441.85,171.09,42,8,Fastened,False
604,EXC003,OP1005,2026-09-12 13:45:00,442.1,175.61,44,9,Fastened,False
605,EXC003,OP1005,2026-09-12 14:00:00,442.35,182.66,45,2,Fastened,False
606,EXC003,OP1005,2026-09-12 14:15:00,442.6,189.08,47,3,Fastened,False
607,EXC003,OP1005,2026-09-12 14:30:00,442.75,190.83,47,27,Fastened,False
608,EXC003,OP1005,2026-09-12 14:45:00,443.0,198.55,50,7,Fastened,False
609,LDR001,OP1006,2026-09-12 07:00:00,994.15,8.51,3,3,Fastened,False
610,LDR001,OP1006,2026-09-12 07:15:00,994.4,13.3,6,4,Fastened,False
611,LDR001,OP1006,2026-09-12 07:30:00,994.65,19.7,9,3,Fastened,False
612,LDR001,OP1006,2026-09-12 07:45:00,994.8,22.11,9,39,Unfastened,True
613,LDR001,OP1006,2026-09-12 08:00:00,995.05,29.36,10,3,Fastened,False
614,LDR001,OP1006,2026-09-12 08:15:00,995.3,35.46,11,9,Fastened,False
615,LDR001,OP1006,2026-09-12 08:30:00,995.55,44.7,12,7,Unfastened,True
616,LDR001,OP1006,2026-09-12 08:45:00,995.8,50.73,13,5,Fastened,False
617,LDR001,OP1006,2026-09-12 09:00:00,996.05,55.59,14,3,Fastened,False
618,LDR001,OP1006,2026-09-12 09:15:00,996.3,61.3,17,1,Fastened,False
619,LDR001,OP1006,2026-09-12 09:30:00,996.45,63.65,17,21,Fastened,False
620,LDR001,OP1006,2026-09-12 09:45:00,996.7,71.66,20,0,Fastened,False
621,LDR001,OP1006,2026-09-12 10:00:00,996.95,77.65,22,1,Fastened,False
622,LDR001,OP1006,2026-09-12 10:15:00,997.2,82.71,24,6,Fastened,False
623,LDR001,OP1006,2026-09-12 10:30:00,997.45,88.05,26,20,Fastened,False
624,LDR001,OP1006,2026-09-12 10:45:00,997.7,95.91,28,8,Fastened,False
625,LDR001,OP1006,2026-09-12 11:00:00,997.95,104.62,31,8,Fastened,False
626,LDR001,OP1006,2026-09-12 11:15:00,998.2,109.91,32,17,Fastened,False
627,LDR001,OP1006,2026-09-12 11:30:00,998.45,117.88,34,5,Fastened,False
628,LDR001,OP1006,2026-09-12 11:45:00,998.7,124.66,36,8,Fastened,False
629,LDR001,OP1006,2026-09-12 12:00:00,998.95,130.09,37,8,Fastened,False
630,LDR001,OP1006,2026-09-12 12:15:00,999.2,136.47,40,7,Fastened,False
631,LDR001,OP1006,2026-09-12 12:30:00,999.35,137.94,40,39,Fastened,False
632,LDR001,OP1006,2026-09-12 12:45:00,999.6,145.47,43,6,Fastened,False
633,LDR001,OP1006,2026-09-12 13:00:00,999.85,154.48,46,8,Fastened,False
634,LDR001,OP1006,2026-09-12 13:15:00,1000.1,162.68,48,5,Fastened,False
635,LDR001,OP1006,2026-09-12 13:30:00,1000.35,169.19,51,7,Unfastened,False
636,LDR001,OP1006,2026-09-12 13:45:00,1000.6,173.74,52,3,Fastened,False
637,LDR001,OP1006,2026-09-12 14:00:00,1000.85,180.51,55,8,Fastened,False
638,LDR001,OP1006,2026-09-12 14:15:00,1001.1,189.32,56,4,Fastened,False
639,LDR001,OP1006,2026-09-12 14:30:00,1001.35,194.57,58,8,Unfastened,False
640,LDR001,OP1006,2026-09-12 14:45:00,1001.6,199.75,61,0,Fastened,False
641,LDR002,OP1007,2026-09-12 07:00:00,1835.75,6.84,1,2,Fastened,False
642,LDR002,OP1007,2026-09-12 07:15:00,1835.9,8.63,1,42,Fastened,False
643,LDR002,OP1007,2026-09-12 07:30:00,1836.15,17.85,3,8,Fastened,False
644,LDR002,OP1007,2026-09-12 07:45:00,1836.4,24.6,6,7,Unfastened,True
645,LDR002,OP1007,2026-09-12 08:00:00,1836.65,31.71,9,2,Fastened,False
646,LDR002,OP1007,2026-09-12 08:15:00,1836.8,33.15,9,38,Fastened,False
647,LDR002,OP1007,2026-09-12 08:30:00,1837.05,40.51,12,0,Fastened,False
648,LDR002,OP1007,2026-09-12 08:45:00,1837.3,48.25,13,1,Fastened,False
649,LDR002,OP1007,2026-09-12 09:00:00,1837.55,53.18,14,9,Fastened,False
650,LDR002,OP1007,2026-09-12 09:15:00,1837.8,57.9,16,0,Fastened,False
651,LDR002,OP1007,2026-09-12 09:30:00,1838.05,65.67,19,1,Fastened,False
652,LDR002,OP1007,2026-09-12 09:45:00,1838.2,68.12,19,23,Fastened,False
653,LDR002,OP1007,2026-09-12 10:00:00,1838.45,72.76,21,6,Fastened,False
654,LDR002,OP1007,2026-09-12 10:15:00,1838.7,81.85,23,4,Fastened,False
655,LDR002,OP1007,2026-09-12 10:30:00,1838.95,90.89,26,4,Unfastened,False
656,LDR002,OP1007,2026-09-12 10:45:00,1839.2,98.06,29,7,Fastened,False
657,LDR002,OP1007,2026-09-12 11:00:00,1839.45,103.95,31,5,Fastened,False
658,LDR002,OP1007,2026-09-12 11:15:00,1839.7,110.75,33,1,Fastened,False
659,LDR002,OP1007,2026-09-12 11:30:00,1839.95,118.94,34,5,Fastened,False
660,LDR002,OP1007,2026-09-12 11:45:00,1840.2,124.07,37,8,Fastened,False
661,LDR002,OP1007,2026-09-12 12:00:00,1840.45,128.8,38,3,Fastened,False
662,LDR002,OP1007,2026-09-12 12:15:00,1840.7,135.83,39,5,Fastened,False
663,LDR002,OP1007,2026-09-12 12:30:00,1840.95,141.53,40,0,Fastened,False
664,LDR002,OP1007,2026-09-12 12:45:00,1841.2,148.62,43,2,Fastened,False
665,LDR002,OP1007,2026-09-12 13:00:00,1841.45,156.77,45,3,Fastened,False
666,LDR002,OP1007,2026-09-12 13:15:00,1841.7,164.83,48,2,Fastened,False
667,LDR002,OP1007,2026-09-12 13:30:00,1841.95,170.54,49,9,Fastened,False
668,LDR002,OP1007,2026-09-12 13:45:00,1842.2,178.79,52,4,Fastened,False
669,LDR002,OP1007,2026-09-12 14:00:00,1842.45,185.57,54,7,Fastened,False
670,LDR002,OP1007,2026-09-12 14:15:00,1842.7,191.21,57,3,Fastened,False
671,LDR002,OP1007,2026-09-12 14:30:00,1842.95,198.22,59,8,Fastened,False
672,LDR002,OP1007,2026-09-12 14:45:00,1843.1,200.08,59,27,Fastened,False
673,DOZ001,OP1008,2026-09-12 07:00:00,3425.65,5.82,1,6,Fastened,False
674,DOZ001,OP1008,2026-09-12 07:15:00,3425.9,13.99,4,1,Fastened,False
675,DOZ001,OP1008,2026-09-12 07:30:00,3426.15,23.16,6,0,Fastened,False
676,DOZ001,OP1008,2026-09-12 07:45:00,3426.4,29.58,8,2,Fastened,False
677,DOZ001,OP1008,2026-09-12 08:00:00,3426.65,35.42,10,6,Fastened,False
678,DOZ001,OP1008,2026-09-12 08:15:00,3426.9,43.49,13,4,Fastened,False
679,DOZ001,OP1008,2026-09-12 08:30:00,3427.15,52.47,14,9,Fastened,False
680,DOZ001,OP1008,2026-09-12 08:45:00,3427.3,54.4,14,27,Unfastened,False
681,DOZ001,OP1008,2026-09-12 09:00:00,3427.55,61.97,17,8,Fastened,False
682,DOZ001,OP1008,2026-09-12 09:15:00,3427.8,70.57,20,1,Fastened,False
683,DOZ001,OP1008,2026-09-12 09:30:00,3428.05,75.31,23,4,Fastened,False
684,DOZ001,OP1008,2026-09-12 09:45:00,3428.3,83.87,24,0,Fastened,False
685,DOZ001,OP1008,2026-09-12 10:00:00,3428.55,91.51,27,5,Fastened,False
686,DOZ001,OP1008,2026-09-12 10:15:00,3428.7,93.65,27,35,Fastened,False
687,DOZ001,OP1008,2026-09-12 10:30:00,3428.95,102.24,29,5,Unfastened,False
688,DOZ001,OP1008,2026-09-12 10:45:00,3429.1,103.94,29,36,Fastened,False
689,DOZ001,OP1008,2026-09-12 11:00:00,3429.35,109.07,31,4,Fastened,False
690,DOZ001,OP1008,2026-09-12 11:15:00,3429.6,117.95,33,19,Fastened,False
691,DOZ001,OP1008,2026-09-12 11:30:00,3429.85,125.48,35,0,Unfastened,True
692,DOZ001,OP1008,2026-09-12 11:45:00,3430.1,131.02,37,4,Fastened,False
693,DOZ001,OP1008,2026-09-12 12:00:00,3430.35,140.26,38,0,Fastened,False
694,DOZ001,OP1008,2026-09-12 12:15:00,3430.6,145.29,39,5,Fastened,False
695,DOZ001,OP1008,2026-09-12 12:30:00,3430.85,150.58,42,2,Fastened,False
696,DOZ001,OP1008,2026-09-12 12:45:00,3431.1,158.23,44,7,Fastened,False
697,DOZ001,OP1008,2026-09-12 13:00:00,3431.35,164.01,47,3,Fastened,False
698,DOZ001,OP1008,2026-09-12 13:15:00,3431.6,169.27,49,1,Fastened,False
699,DOZ001,OP1008,2026-09-12 13:30:00,3431.85,173.8,50,6,Fastened,False
700,DOZ001,OP1008,2026-09-12 13:45:00,3432.1,180.51,51,1,Fastened,False
701,DOZ001,OP1008,2026-09-12 14:00:00,3432.35,187.02,54,8,Unfastened,True
702,DOZ001,OP1008,2026-09-12 14:15:00,3432.6,192.7,56,9,Fastened,False
703,DOZ001,OP1008,2026-09-12 14:30:00,3432.85,199.79,58,2,Fastened,False
704,DOZ001,OP1008,2026-09-12 14:45:00,3433.1,205.63,61,3,Fastened,False
705,DOZ002,OP1009,2026-09-12 07:00:00,4135.85,6.48,2,3,Fastened,False
706,DOZ002,OP1009,2026-09-12 07:15:00,4136.1,13.25,4,2,Fastened,False
707,DOZ002,OP1009,2026-09-12 07:30:00,4136.35,20.98,7,4,Fastened,False
708,DOZ002,OP1009,2026-09-12 07:45:00,4136.6,25.86,10,9,Fastened,False
709,DOZ002,OP1009,2026-09-12 08:00:00,4136.85,33.89,13,5,Fastened,False
710,DOZ002,OP1009,2026-09-12 08:15:00,4137.1,40.34,15,3,Fastened,False
711,DOZ002,OP1009,2026-09-12 08:30:00,4137.35,47.74,16,8,Fastened,False
712,DOZ002,OP1009,2026-09-12 08:45:00,4137.6,55.41,19,9,Fastened,False
713,DOZ002,OP1009,2026-09-12 09:00:00,4137.85,60.3,22,0,Fastened,False
714,DOZ002,OP1009,2026-09-12 09:15:00,4138.1,65.25,23,6,Fastened,False
715,DOZ002,OP1009,2026-09-12 09:30:00,4138.35,72.65,25,6,Fastened,False
716,DOZ002,OP1009,2026-09-12 09:45:00,4138.5,73.88,25,25,Fastened,False
717,DOZ002,OP1009,2026-09-12 10:00:00,4138.75,78.69,28,4,Fastened,False
718,DOZ002,OP1009,2026-09-12 10:15:00,4139.0,83.52,31,18,Fastened,False
719,DOZ002,OP1009,2026-09-12 10:30:00,4139.25,90.95,34,4,Fastened,False
720,DOZ002,OP1009,2026-09-12 10:45:00,4139.5,95.81,37,6,Fastened,False
721,DOZ002,OP1009,2026-09-12 11:00:00,4139.75,104.44,38,0,Fastened,False
722,DOZ002,OP1009,2026-09-12 11:15:00,4140.0,109.85,40,2,Fastened,False
723,DOZ002,OP1009,2026-09-12 11:30:00,4140.25,116.3,41,3,Fastened,False
724,DOZ002,OP1009,2026-09-12 11:45:00,4140.5,124.47,43,0,Fastened,False
725,DOZ002,OP1009,2026-09-12 12:00:00,4140.75,130.05,44,1,Fastened,False
726,DOZ002,OP1009,2026-09-12 12:15:00,4141.0,139.03,45,0,Fastened,False
727,DOZ002,OP1009,2026-09-12 12:30:00,4141.15,140.4,45,45,Fastened,False
728,DOZ002,OP1009,2026-09-12 12:45:00,4141.3,142.58,45,23,Fastened,False
729,DOZ002,OP1009,2026-09-12 13:00:00,4141.55,149.87,48,6,Fastened,False
730,DOZ002,OP1009,2026-09-12 13:15:00,4141.8,158.83,50,4,Fastened,False
731,DOZ002,OP1009,2026-09-12 13:30:00,4142.05,163.8,53,8,Fastened,False
732,DOZ002,OP1009,2026-09-12 13:45:00,4142.3,169.59,54,5,Fastened,False
733,DOZ002,OP1009,2026-09-12 14:00:00,4142.55,176.01,55,0,Fastened,False
734,DOZ002,OP1009,2026-09-12 14:15:00,4142.8,182.18,56,6,Fastened,False
735,DOZ002,OP1009,2026-09-12 14:30:00,4143.05,189.59,57,8,Fastened,False
736,DOZ002,OP1009,2026-09-12 14:45:00,4143.3,196.81,58,9,Fastened,False
737,TRK001,OP1010,2026-09-12 07:00:00,2165.65,8.13,3,1,Fastened,False
738,TRK001,OP1010,2026-09-12 07:15:00,2165.9,17.02,4,0,Fastened,False
739,TRK001,OP1010,2026-09-12 07:30:00,2166.15,22.07,6,6,Fastened,False
740,TRK001,OP1010,2026-09-12 07:45:00,2166.4,27.63,7,1,Unfastened,False
741,TRK001,OP1010,2026-09-12 08:00:00,2166.65,34.15,9,7,Fastened,False
742,TRK001,OP1010,2026-09-12 08:15:00,2166.9,41.43,11,5,Fastened,False
743,TRK001,OP1010,2026-09-12 08:30:00,2167.15,48.74,12,9,Fastened,False
744,TRK001,OP1010,2026-09-12 08:45:00,2167.4,56.29,14,9,Fastened,False
745,TRK001,OP1010,2026-09-12 09:00:00,2167.65,64.72,17,0,Fastened,False
746,TRK001,OP1010,2026-09-12 09:15:00,2167.9,72.02,19,9,Fastened,False
747,TRK001,OP1010,2026-09-12 09:30:00,2168.15,77.89,20,0,Fastened,False
748,TRK001,OP1010,2026-09-12 09:45:00,2168.4,82.99,23,4,Fastened,False
749,TRK001,OP1010,2026-09-12 10:00:00,2168.65,91.44,25,4,Fastened,False
750,TRK001,OP1010,2026-09-12 10:15:00,2168.9,96.25,27,0,Fastened,False
751,TRK001,OP1010,2026-09-12 10:30:00,2169.15,103.04,28,5,Fastened,False
752,TRK001,OP1010,2026-09-12 10:45:00,2169.4,108.07,30,2,Fastened,False
753,TRK001,OP1010,2026-09-12 11:00:00,2169.65,115.22,31,7,Fastened,False
754,TRK001,OP1010,2026-09-12 11:15:00,2169.9,122.36,33,3,Fastened,False
755,TRK001,OP1010,2026-09-12 11:30:00,2170.05,123.71,33,46,Fastened,False
756,TRK001,OP1010,2026-09-12 11:45:00,2170.3,132.37,34,7,Fastened,False
757,TRK001,OP1010,2026-09-12 12:00:00,2170.45,134.81,34,28,Fastened,False
758,TRK001,OP1010,2026-09-12 12:15:00,2170.7,142.21,35,3,Fastened,False
759,TRK001,OP1010,2026-09-12 12:30:00,2170.95,150.07,36,0,Fastened,False
760,TRK001,OP1010,2026-09-12 12:45:00,2171.2,157.02,37,0,Fastened,False
761,TRK001,OP1010,2026-09-12 13:00:00,2171.45,161.89,39,0,Fastened,False
762,TRK001,OP1010,2026-09-12 13:15:00,2171.6,164.25,39,25,Fastened,False
763,TRK001,OP1010,2026-09-12 13:30:00,2171.85,168.81,40,7,Fastened,False
764,TRK001,OP1010,2026-09-12 13:45:00,2172.1,174.19,41,2,Fastened,False
765,TRK001,OP1010,2026-09-12 14:00:00,2172.35,182.93,44,8,Fastened,False
766,TRK001,OP1010,2026-09-12 14:15:00,2172.6,190.44,45,6,Fastened,False
767,TRK001,OP1010,2026-09-12 14:30:00,2172.85,197.3,46,5,Fastened,False
768,TRK001,OP1010,2026-09-12 14:45:00,2173.1,202.75,47,8,Fastened,False
769,EXC001,OP1004,2026-09-13 07:00:00,1542.55,7.07,2,0,Fastened,False
770,EXC001,OP1004,2026-09-13 07:15:00,1542.8,16.08,5,1,Fastened,False
771,EXC001,OP1004,2026-09-13 07:30:00,1542.95,18.43,5,43,Fastened,False
772,EXC001,OP1004,2026-09-13 07:45:00,1543.2,24.56,6,6,Fastened,False
773,EXC001,OP1004,2026-09-13 08:00:00,1543.45,31.31,7,9,Fastened,False
774,EXC001,OP1004,2026-09-13 08:15:00,1543.7,39.26,10,5,Fastened,False
775,EXC001,OP1004,2026-09-13 08:30:00,1543.95,46.72,12,3,Fastened,False
776,EXC001,OP1004,2026-09-13 08:45:00,1544.1,48.98,12,22,Fastened,False
777,EXC001,OP1004,2026-09-13 09:00:00,1544.35,56.83,13,4,Fastened,False
778,EXC001,OP1004,2026-09-13 09:15:00,1544.6,64.44,14,6,Fastened,False
779,EXC001,OP1004,2026-09-13 09:30:00,1544.85,70.33,15,5,Unfastened,True
780,EXC001,OP1004,2026-09-13 09:45:00,1545.1,76.54,16,4,Unfastened,True
781,EXC001,OP1004,2026-09-13 10:00:00,1545.35,83.68,18,7,Unfastened,True
782,EXC001,OP1004,2026-09-13 10:15:00,1545.6,93.0,19,0,Unfastened,True
783,EXC001,OP1004,2026-09-13 10:30:00,1545.85,102.19,22,7,Unfastened,True
784,EXC001,OP1004,2026-09-13 10:45:00,1546.1,110.39,24,7,Unfastened,True
785,EXC001,OP1004,2026-09-13 11:00:00,1546.35,117.99,25,0,Fastened,False
786,EXC001,OP1004,2026-09-13 11:15:00,1546.6,126.9,28,2,Fastened,False
787,EXC001,OP1004,2026-09-13 11:30:00,1546.85,135.62,29,2,Fastened,False
788,EXC001,OP1004,2026-09-13 11:45:00,1547.1,140.29,32,4,Fastened,False
789,EXC001,OP1004,2026-09-13 12:00:00,1547.25,142.21,32,28,Fastened,False
790,EXC001,OP1004,2026-09-13 12:15:00,1547.5,146.88,34,8,Fastened,False
791,EXC001,OP1004,2026-09-13 12:30:00,1547.75,151.74,35,9,Fastened,False
792,EXC001,OP1004,2026-09-13 12:45:00,1548.0,158.37,36,1,Unfastened,True
793,EXC001,OP1004,2026-09-13 13:00:00,1548.25,165.71,38,5,Fastened,False
794,EXC001,OP1004,2026-09-13 13:15:00,1548.5,173.75,41,20,Fastened,False
795,EXC001,OP1004,2026-09-13 13:30:00,1548.75,183.05,42,3,Fastened,False
796,EXC001,OP1004,2026-09-13 13:45:00,1549.0,190.37,44,15,Fastened,False
797,EXC001,OP1004,2026-09-13 14:00:00,1549.25,197.89,45,7,Fastened,False
798,EXC001,OP1004,2026-09-13 14:15:00,1549.5,204.71,46,2,Fastened,False
799,EXC001,OP1004,2026-09-13 14:30:00,1549.75,213.82,47,11,Fastened,False
800,EXC001,OP1004,2026-09-13 14:45:00,1550.0,219.56,48,5,Fastened,False
801,EXC002,OP1005,2026-09-13 07:00:00,2862.35,8.96,3,1,Fastened,False
802,EXC002,OP1005,2026-09-13 07:15:00,2862.6,18.37,5,8,Fastened,False
803,EXC002,OP1005,2026-09-13 07:30:00,2862.85,26.11,8,8,Fastened,False
804,EXC002,OP1005,2026-09-13 07:45:00,2863.1,32.1,9,0,Fastened,False
805,EXC002,OP1005,2026-09-13 08:00:00,2863.25,34.12,9,28,Fastened,False
806,EXC002,OP1005,2026-09-13 08:15:00,2863.5,40.9,10,9,Fastened,False
807,EXC002,OP1005,2026-09-13 08:30:00,2863.75,47.85,13,6,Fastened,False
808,EXC002,OP1005,2026-09-13 08:45:00,2864.0,55.26,16,4,Fastened,False
809,EXC002,OP1005,2026-09-13 09:00:00,2864.25,63.02,17,9,Unfastened,False
810,EXC002,OP1005,2026-09-13 09:15:00,2864.5,68.84,20,6,Fastened,False
811,EXC002,OP1005,2026-09-13 09:30:00,2864.75,73.87,22,4,Fastened,False
812,EXC002,OP1005,2026-09-13 09:45:00,2865.0,79.49,23,9,Fastened,False
813,EXC002,OP1005,2026-09-13 10:00:00,2865.25,85.14,24,8,Fastened,False
814,EXC002,OP1005,2026-09-13 10:15:00,2865.5,94.17,27,6,Fastened,False
815,EXC002,OP1005,2026-09-13 10:30:00,2865.75,100.73,29,1,Fastened,False
816,EXC002,OP1005,2026-09-13 10:45:00,2866.0,106.15,30,2,Fastened,False
817,EXC002,OP1005,2026-09-13 11:00:00,2866.25,112.72,32,3,Fastened,False
818,EXC002,OP1005,2026-09-13 11:15:00,2866.5,118.26,34,0,Fastened,False
819,EXC002,OP1005,2026-09-13 11:30:00,2866.75,125.6,36,8,Fastened,False
820,EXC002,OP1005,2026-09-13 11:45:00,2867.0,134.2,39,7,Fastened,False
821,EXC002,OP1005,2026-09-13 12:00:00,2867.15,135.55,39,45,Fastened,False
822,EXC002,OP1005,2026-09-13 12:15:00,2867.4,142.61,40,7,Fastened,False
823,EXC002,OP1005,2026-09-13 12:30:00,2867.65,147.79,43,7,Fastened,False
824,EXC002,OP1005,2026-09-13 12:45:00,2867.9,152.34,44,9,Fastened,False
825,EXC002,OP1005,2026-09-13 13:00:00,2868.15,158.99,47,9,Fastened,False
826,EXC002,OP1005,2026-09-13 13:15:00,2868.4,168.19,50,6,Fastened,False
827,EXC002,OP1005,2026-09-13 13:30:00,2868.65,174.87,52,1,Fastened,False
828,EXC002,OP1005,2026-09-13 13:45:00,2868.8,177.04,52,47,Fastened,False
829,EXC002,OP1005,2026-09-13 14:00:00,2869.05,182.06,54,2,Fastened,False
830,EXC002,OP1005,2026-09-13 14:15:00,2869.3,188.14,56,1,Fastened,False
831,EXC002,OP1005,2026-09-13 14:30:00,2869.55,193.02,57,6,Fastened,False
832,EXC002,OP1005,2026-09-13 14:45:00,2869.8,199.97,60,5,Fastened,False
833,EXC003,OP1006,2026-09-13 07:00:00,443.25,5.61,3,0,Fastened,False
834,EXC003,OP1006,2026-09-13 07:15:00,443.5,15.07,4,0,Fastened,False
835,EXC003,OP1006,2026-09-13 07:30:00,443.65,17.41,4,25,Fastened,False
836,EXC003,OP1006,2026-09-13 07:45:00,443.9,25.31,5,0,Fastened,False
837,EXC003,OP1006,2026-09-13 08:00:00,444.15,32.17,6,6,Fastened,False
838,EXC003,OP1006,2026-09-13 08:15:00,444.4,37.07,9,5,Fastened,False
839,EXC003,OP1006,2026-09-13 08:30:00,444.65,45.89,12,1,Fastened,False
840,EXC003,OP1006,2026-09-13 08:45:00,444.8,48.09,12,45,Fastened,False
841,EXC003,OP1006,2026-09-13 09:00:00,445.05,54.82,15,5,Fastened,False
842,EXC003,OP1006,2026-09-13 09:15:00,445.3,63.76,18,5,Fastened,False
843,EXC003,OP1006,2026-09-13 09:30:00,445.55,69.08,19,8,Unfastened,True
844,EXC003,OP1006,2026-09-13 09:45:00,445.8,78.24,20,9,Unfastened,True
845,EXC003,OP1006,2026-09-13 10:00:00,446.05,83.06,23,2,Unfastened,True
846,EXC003,OP1006,2026-09-13 10:15:00,446.3,92.03,26,5,Unfastened,True
847,EXC003,OP1006,2026-09-13 10:30:00,446.55,97.28,28,6,Unfastened,True
848,EXC003,OP1006,2026-09-13 10:45:00,446.8,103.35,31,3,Unfastened,True
849,EXC003,OP1006,2026-09-13 11:00:00,447.05,107.98,33,4,Unfastened,True
850,EXC003,OP1006,2026-09-13 11:15:00,447.3,113.78,36,2,Fastened,False
851,EXC003,OP1006,2026-09-13 11:30:00,447.55,122.89,37,0,Unfastened,True
852,EXC003,OP1006,2026-09-13 11:45:00,447.8,128.45,40,4,Fastened,False
853,EXC003,OP1006,2026-09-13 12:00:00,448.05,134.57,41,9,Fastened,False
854,EXC003,OP1006,2026-09-13 12:15:00,448.3,142.5,42,8,Fastened,False
855,EXC003,OP1006,2026-09-13 12:30:00,448.55,151.81,45,8,Fastened,False
856,EXC003,OP1006,2026-09-13 12:45:00,448.8,159.84,46,8,Fastened,False
857,EXC003,OP1006,2026-09-13 13:00:00,449.05,168.95,47,0,Fastened,False
858,EXC003,OP1006,2026-09-13 13:15:00,449.2,170.48,47,29,Fastened,False
859,EXC003,OP1006,2026-09-13 13:30:00,449.35,172.26,47,23,Fastened,False
860,EXC003,OP1006,2026-09-13 13:45:00,449.6,178.77,49,5,Fastened,False
861,EXC003,OP1006,2026-09-13 14:00:00,449.85,184.3,52,4,Fastened,False
862,EXC003,OP1006,2026-09-13 14:15:00,450.1,189.95,54,8,Fastened,False
863,EXC003,OP1006,2026-09-13 14:30:00,450.35,198.56,57,17,Fastened,False
864,EXC003,OP1006,2026-09-13 14:45:00,450.6,207.03,58,9,Fastened,False
865,LDR001,OP1007,2026-09-13 07:00:00,1001.75,1.55,0,27,Fastened,False
866,LDR001,OP1007,2026-09-13 07:15:00,1002.0,10.95,2,6,Unfastened,False
867,LDR001,OP1007,2026-09-13 07:30:00,1002.25,18.99,5,4,Fastened,False
868,LDR001,OP1007,2026-09-13 07:45:00,1002.5,24.13,6,5,Fastened,False
869,LDR001,OP1007,2026-09-13 08:00:00,1002.75,30.42,7,0,Fastened,False
870,LDR001,OP1007,2026-09-13 08:15:00,1003.0,35.53,9,6,Fastened,False
871,LDR001,OP1007,2026-09-13 08:30:00,1003.25,40.1,12,7,Fastened,False
872,LDR001,OP1007,2026-09-13 08:45:00,1003.5,47.45,14,3,Fastened,False
873,LDR001,OP1007,2026-09-13 09:00:00,1003.75,55.38,17,1,Fastened,False
874,LDR001,OP1007,2026-09-13 09:15:00,1004.0,61.73,18,9,Fastened,False
875,LDR001,OP1007,2026-09-13 09:30:00,1004.25,69.92,19,8,Fastened,False
876,LDR001,OP1007,2026-09-13 09:45:00,1004.5,76.5,21,0,Unfastened,False
877,LDR001,OP1007,2026-09-13 10:00:00,1004.75,83.93,23,3,Fastened,False
878,LDR001,OP1007,2026-09-13 10:15:00,1005.0,88.85,24,2,Fastened,False
879,LDR001,OP1007,2026-09-13 10:30:00,1005.15,91.33,24,35,Fastened,False
880,LDR001,OP1007,2026-09-13 10:45:00,1005.4,100.38,26,13,Fastened,False
881,LDR001,OP1007,2026-09-13 11:00:00,1005.65,108.01,28,1,Fastened,False
882,LDR001,OP1007,2026-09-13 11:15:00,1005.9,115.83,30,9,Fastened,False
883,LDR001,OP1007,2026-09-13 11:30:00,1006.15,121.54,32,8,Fastened,False
884,LDR001,OP1007,2026-09-13 11:45:00,1006.4,129.44,35,4,Fastened,False
885,LDR001,OP1007,2026-09-13 12:00:00,1006.65,138.13,38,9,Fastened,False
886,LDR001,OP1007,2026-09-13 12:15:00,1006.9,147.48,39,5,Fastened,False
887,LDR001,OP1007,2026-09-13 12:30:00,1007.15,155.06,40,3,Fastened,False
888,LDR001,OP1007,2026-09-13 12:45:00,1007.4,161.64,41,9,Fastened,False
889,LDR001,OP1007,2026-09-13 13:00:00,1007.65,169.68,43,0,Fastened,False
890,LDR001,OP1007,2026-09-13 13:15:00,1007.9,175.39,45,8,Fastened,False
891,LDR001,OP1007,2026-09-13 13:30:00,1008.05,177.62,45,41,Fastened,False
892,LDR001,OP1007,2026-09-13 13:45:00,1008.3,182.75,47,3,Fastened,False
893,LDR001,OP1007,2026-09-13 14:00:00,1008.55,189.71,48,1,Fastened,False
894,LDR001,OP1007,2026-09-13 14:15:00,1008.8,194.31,51,6,Fastened,False
895,LDR001,OP1007,2026-09-13 14:30:00,1009.05,202.89,53,0,Fastened,False
896,LDR001,OP1007,2026-09-13 14:45:00,1009.3,210.58,55,6,Fastened,False
897,LDR002,OP1008,2026-09-13 07:00:00,1843.35,4.78,3,4,Unfastened,True
898,LDR002,OP1008,2026-09-13 07:15:00,1843.6,10.72,4,19,Fastened,False
899,LDR002,OP1008,2026-09-13 07:30:00,1843.85,16.87,7,9,Fastened,False
900,LDR002,OP1008,2026-09-13 07:45:00,1844.1,21.97,9,4,Fastened,False
901,LDR002,OP1008,2026-09-13 08:00:00,1844.35,29.38,12,7,Fastened,False
902,LDR002,OP1008,2026-09-13 08:15:00,1844.5,31.8,12,42,Fastened,False
903,LDR002,OP1008,2026-09-13 08:30:00,1844.75,36.94,15,0,Fastened,False
904,LDR002,OP1008,2026-09-13 08:45:00,1845.0,46.34,16,3,Fastened,False
905,LDR002,OP1008,2026-09-13 09:00:00,1845.25,51.37,19,3,Fastened,False
906,LDR002,OP1008,2026-09-13 09:15:00,1845.5,60.51,20,9,Fastened,False
907,LDR002,OP1008,2026-09-13 09:30:00,1845.65,62.15,20,44,Fastened,False
908,LDR002,OP1008,2026-09-13 09:45:00,1845.9,68.77,23,5,Fastened,False
909,LDR002,OP1008,2026-09-13 10:00:00,1846.15,76.78,24,4,Fastened,False
910,LDR002,OP1008,2026-09-13 10:15:00,1846.3,78.9,24,44,Fastened,False
911,LDR002,OP1008,2026-09-13 10:30:00,1846.45,80.69,24,22,Fastened,False
912,LDR002,OP1008,2026-09-13 10:45:00,1846.7,88.14,27,4,Fastened,False
913,LDR002,OP1008,2026-09-13 11:00:00,1846.95,93.66,28,1,Fastened,False
914,LDR002,OP1008,2026-09-13 11:15:00,1847.1,96.14,28,26,Fastened,False
915,LDR002,OP1008,2026-09-13 11:30:00,1847.35,103.13,31,7,Fastened,False
916,LDR002,OP1008,2026-09-13 11:45:00,1847.5,104.35,31,28,Fastened,False
917,LDR002,OP1008,2026-09-13 12:00:00,1847.75,112.33,33,8,Fastened,False
918,LDR002,OP1008,2026-09-13 12:15:00,1848.0,121.26,35,9,Fastened,False
919,LDR002,OP1008,2026-09-13 12:30:00,1848.25,128.8,37,8,Fastened,False
920,LDR002,OP1008,2026-09-13 12:45:00,1848.5,134.95,39,2,Fastened,False
921,LDR002,OP1008,2026-09-13 13:00:00,1848.75,142.81,42,9,Fastened,False
922,LDR002,OP1008,2026-09-13 13:15:00,1849.0,147.66,43,3,Fastened,False
923,LDR002,OP1008,2026-09-13 13:30:00,1849.25,155.25,45,9,Unfastened,False
924,LDR002,OP1008,2026-09-13 13:45:00,1849.5,162.32,47,8,Fastened,False
925,LDR002,OP1008,2026-09-13 14:00:00,1849.65,163.75,47,31,Fastened,False
926,LDR002,OP1008,2026-09-13 14:15:00,1849.9,171.33,50,2,Fastened,False
927,LDR002,OP1008,2026-09-13 14:30:00,1850.05,173.76,50,27,Fastened,False
928,LDR002,OP1008,2026-09-13 14:45:00,1850.3,181.99,53,8,Fastened,False
929,DOZ001,OP1009,2026-09-13 07:00:00,3433.35,5.53,2,7,Fastened,False
930,DOZ001,OP1009,2026-09-13 07:15:00,3433.6,10.66,3,4,Fastened,False
931,DOZ001,OP1009,2026-09-13 07:30:00,3433.85,17.3,4,5,Fastened,False
932,DOZ001,OP1009,2026-09-13 07:45:00,3434.1,26.5,7,3,Fastened,False
933,DOZ001,OP1009,2026-09-13 08:00:00,3434.35,35.11,8,9,Fastened,False
934,DOZ001,OP1009,2026-09-13 08:15:00,3434.6,44.01,11,4,Fastened,False
935,DOZ001,OP1009,2026-09-13 08:30:00,3434.85,51.74,13,1,Fastened,False
936,DOZ001,OP1009,2026-09-13 08:45:00,3435.1,58.98,15,9,Fastened,False
937,DOZ001,OP1009,2026-09-13 09:00:00,3435.35,66.12,16,5,Fastened,False
938,DOZ001,OP1009,2026-09-13 09:15:00,3435.6,70.67,17,3,Fastened,False
939,DOZ001,OP1009,2026-09-13 09:30:00,3435.85,80.01,18,5,Fastened,False
940,DOZ001,OP1009,2026-09-13 09:45:00,3436.1,86.89,21,10,Fastened,False
941,DOZ001,OP1009,2026-09-13 10:00:00,3436.35,93.73,23,2,Fastened,False
942,DOZ001,OP1009,2026-09-13 10:15:00,3436.6,99.03,26,2,Fastened,False
943,DOZ001,OP1009,2026-09-13 10:30:00,3436.85,103.86,27,2,Fastened,False
944,DOZ001,OP1009,2026-09-13 10:45:00,3437.1,110.71,29,8,Fastened,False
945,DOZ001,OP1009,2026-09-13 11:00:00,3437.25,112.88,29,28,Fastened,False
946,DOZ001,OP1009,2026-09-13 11:15:00,3437.4,114.85,29,45,Fastened,False
947,DOZ001,OP1009,2026-09-13 11:30:00,3437.65,121.85,31,4,Fastened,False
948,DOZ001,OP1009,2026-09-13 11:45:00,3437.9,130.51,33,6,Unfastened,True
949,DOZ001,OP1009,2026-09-13 12:00:00,3438.15,137.63,36,5,Fastened,False
950,DOZ001,OP1009,2026-09-13 12:15:00,3438.4,142.37,39,9,Fastened,False
951,DOZ001,OP1009,2026-09-13 12:30:00,3438.65,149.24,41,4,Unfastened,True
952,DOZ001,OP1009,2026-09-13 12:45:00,3438.9,157.23,42,2,Fastened,False
953,DOZ001,OP1009,2026-09-13 13:00:00,3439.15,164.67,43,5,Fastened,False
954,DOZ001,OP1009,2026-09-13 13:15:00,3439.4,170.84,46,2,Fastened,False
955,DOZ001,OP1009,2026-09-13 13:30:00,3439.65,175.61,47,4,Fastened,False
956,DOZ001,OP1009,2026-09-13 13:45:00,3439.9,182.94,49,0,Fastened,False
957,DOZ001,OP1009,2026-09-13 14:00:00,3440.15,190.62,52,7,Fastened,False
958,DOZ001,OP1009,2026-09-13 14:15:00,3440.4,198.81,54,7,Fastened,False
959,DOZ001,OP1009,2026-09-13 14:30:00,3440.65,207.02,55,7,Fastened,False
960,DOZ001,OP1009,2026-09-13 14:45:00,3440.9,214.71,56,6,Fastened,False
961,DOZ002,OP1010,2026-09-13 07:00:00,4143.55,4.58,1,2,Unfastened,True
962,DOZ002,OP1010,2026-09-13 07:15:00,4143.7,6.66,1,38,Fastened,False
963,DOZ002,OP1010,2026-09-13 07:30:00,4143.95,15.94,3,6,Fastened,False
964,DOZ002,OP1010,2026-09-13 07:45:00,4144.1,18.35,3,33,Fastened,False
965,DOZ002,OP1010,2026-09-13 08:00:00,4144.35,26.67,4,6,Fastened,False
966,DOZ002,OP1010,2026-09-13 08:15:00,4144.6,35.17,5,3,Fastened,False
967,DOZ002,OP1010,2026-09-13 08:30:00,4144.85,44.56,6,0,Fastened,False
968,DOZ002,OP1010,2026-09-13 08:45:00,4145.1,51.18,9,12,Fastened,False
969,DOZ002,OP1010,2026-09-13 09:00:00,4145.35,56.45,12,5,Fastened,False
970,DOZ002,OP1010,2026-09-13 09:15:00,4145.5,58.91,12,31,Fastened,False
971,DOZ002,OP1010,2026-09-13 09:30:00,4145.75,67.7,15,7,Fastened,False
972,DOZ002,OP1010,2026-09-13 09:45:00,4146.0,74.62,18,8,Fastened,False
973,DOZ002,OP1010,2026-09-13 10:00:00,4146.25,81.57,21,2,Fastened,False
974,DOZ002,OP1010,2026-09-13 10:15:00,4146.5,88.51,22,9,Fastened,False
975,DOZ002,OP1010,2026-09-13 10:30:00,4146.75,96.19,25,4,Fastened,False
976,DOZ002,OP1010,2026-09-13 10:45:00,4147.0,103.57,27,8,Fastened,False
977,DOZ002,OP1010,2026-09-13 11:00:00,4147.25,112.85,29,3,Fastened,False
978,DOZ002,OP1010,2026-09-13 11:15:00,4147.5,117.99,32,4,Fastened,False
979,DOZ002,OP1010,2026-09-13 11:30:00,4147.75,126.5,35,3,Fastened,False
980,DOZ002,OP1010,2026-09-13 11:45:00,4147.9,128.95,35,24,Fastened,False
981,DOZ002,OP1010,2026-09-13 12:00:00,4148.05,130.68,35,24,Fastened,False
982,DOZ002,OP1010,2026-09-13 12:15:00,4148.3,139.04,36,13,Fastened,False
983,DOZ002,OP1010,2026-09-13 12:30:00,4148.55,146.82,39,8,Fastened,False
984,DOZ002,OP1010,2026-09-13 12:45:00,4148.8,155.82,42,13,Fastened,False
985,DOZ002,OP1010,2026-09-13 13:00:00,4149.05,162.26,45,8,Fastened,False
986,DOZ002,OP1010,2026-09-13 13:15:00,4149.3,168.1,46,4,Fastened,False
987,DOZ002,OP1010,2026-09-13 13:30:00,4149.55,173.68,48,3,Fastened,False
988,DOZ002,OP1010,2026-09-13 13:45:00,4149.8,182.2,51,0,Fastened,False
989,DOZ002,OP1010,2026-09-13 14:00:00,4150.05,189.39,54,4,Fastened,False
990,DOZ002,OP1010,2026-09-13 14:15:00,4150.3,196.9,55,13,Fastened,False
991,DOZ002,OP1010,2026-09-13 14:30:00,4150.55,201.73,56,4,Fastened,False
992,DOZ002,OP1010,2026-09-13 14:45:00,4150.8,208.72,58,9,Fastened,False
993,TRK001,OP1001,2026-09-13 07:00:00,2173.35,6.54,3,8,Unfastened,True
994,TRK001,OP1001,2026-09-13 07:15:00,2173.6,13.13,4,8,Fastened,False
995,TRK001,OP1001,2026-09-13 07:30:00,2173.85,18.8,6,2,Fastened,False
996,TRK001,OP1001,2026-09-13 07:45:00,2174.0,20.84,6,24,Fastened,False
997,TRK001,OP1001,2026-09-13 08:00:00,2174.25,30.27,8,8,Unfastened,False
998,TRK001,OP1001,2026-09-13 08:15:00,2174.5,36.19,11,9,Fastened,False
999,TRK001,OP1001,2026-09-13 08:30:00,2174.75,43.4,12,0,Fastened,False
1000,TRK001,OP1001,2026-09-13 08:45:00,2175.0,52.64,15,2,Fastened,False
1001,TRK001,OP1001,2026-09-13 09:00:00,2175.25,59.27,16,7,Fastened,False
1002,TRK001,OP1001,2026-09-13 09:15:00,2175.5,66.02,17,0,Fastened,False
1003,TRK001,OP1001,2026-09-13 09:30:00,2175.75,71.59,20,9,Fastened,False
1004,TRK001,OP1001,2026-09-13 09:45:00,2176.0,77.95,21,1,Fastened,False
1005,TRK001,OP1001,2026-09-13 10:00:00,2176.25,83.23,22,9,Fastened,False
1006,TRK001,OP1001,2026-09-13 10:15:00,2176.5,87.91,25,2,Fastened,False
1007,TRK001,OP1001,2026-09-13 10:30:00,2176.75,93.27,28,5,Fastened,False
1008,TRK001,OP1001,2026-09-13 10:45:00,2177.0,98.45,31,9,Fastened,False
1009,TRK001,OP1001,2026-09-13 11:00:00,2177.15,100.3,31,25,Fastened,False
1010,TRK001,OP1001,2026-09-13 11:15:00,2177.4,105.52,32,2,Fastened,False
1011,TRK001,OP1001,2026-09-13 11:30:00,2177.65,111.7,35,0,Fastened,False
1012,TRK001,OP1001,2026-09-13 11:45:00,2177.8,113.69,35,46,Fastened,False
1013,TRK001,OP1001,2026-09-13 12:00:00,2177.95,115.23,35,42,Unfastened,True
1014,TRK001,OP1001,2026-09-13 12:15:00,2178.2,120.05,38,2,Fastened,False
1015,TRK001,OP1001,2026-09-13 12:30:00,2178.45,126.16,39,5,Fastened,False
1016,TRK001,OP1001,2026-09-13 12:45:00,2178.7,131.0,40,5,Fastened,False
1017,TRK001,OP1001,2026-09-13 13:00:00,2178.95,139.66,43,9,Fastened,False
1018,TRK001,OP1001,2026-09-13 13:15:00,2179.2,144.32,44,0,Fastened,False
1019,TRK001,OP1001,2026-09-13 13:30:00,2179.45,152.59,47,7,Fastened,False
1020,TRK001,OP1001,2026-09-13 13:45:00,2179.7,159.11,49,2,Fastened,False
1021,TRK001,OP1001,2026-09-13 14:00:00,2179.95,167.64,50,7,Fastened,False
1022,TRK001,OP1001,2026-09-13 14:15:00,2180.2,172.74,51,8,Fastened,False
1023,TRK001,OP1001,2026-09-13 14:30:00,2180.45,178.65,54,6,Unfastened,True
1024,TRK001,OP1001,2026-09-13 14:45:00,2180.7,186.95,55,3,Fastened,False
1025,EXC001,OP1001,2026-09-14 07:00:00,1550.25,8.24,2,11,Fastened,False
1026,EXC001,OP1001,2026-09-14 07:15:00,1550.5,17.01,4,5,Fastened,False
1027,EXC001,OP1001,2026-09-14 07:30:00,1550.75,21.61,5,6,Fastened,False
1028,EXC001,OP1001,2026-09-14 07:45:00,1551.0,26.93,7,3,Unfastened,True
1029,EXC001,OP1001,2026-09-14 08:00:00,1551.25,32.28,8,8,Fastened,False
1030,EXC001,OP1001,2026-09-14 08:15:00,1551.5,38.84,11,5,Fastened,False
1031,EXC001,OP1001,2026-09-14 08:30:00,1551.75,44.49,13,4,Fastened,False
1032,EXC001,OP1001,2026-09-14 08:45:00,1552.0,50.59,14,3,Fastened,False
1033,EXC001,OP1001,2026-09-14 09:00:00,1552.25,55.17,16,7,Fastened,False
1034,EXC001,OP1001,2026-09-14 09:15:00,1552.4,56.81,16,41,Fastened,False
1035,EXC001,OP1001,2026-09-14 09:30:00,1552.65,64.89,18,9,Fastened,False
1036,EXC001,OP1001,2026-09-14 09:45:00,1552.9,71.77,21,9,Fastened,False
1037,EXC001,OP1001,2026-09-14 10:00:00,1553.15,81.23,23,6,Fastened,False
1038,EXC001,OP1001,2026-09-14 10:15:00,1553.4,88.34,25,4,Fastened,False
1039,EXC001,OP1001,2026-09-14 10:30:00,1553.65,97.07,27,6,Fastened,False
1040,EXC001,OP1001,2026-09-14 10:45:00,1553.9,104.5,30,3,Fastened,False
1041,EXC001,OP1001,2026-09-14 11:00:00,1554.15,113.96,33,7,Fastened,False
1042,EXC001,OP1001,2026-09-14 11:15:00,1554.4,122.67,34,5,Fastened,False
1043,EXC001,OP1001,2026-09-14 11:30:00,1554.65,129.73,37,5,Fastened,False
1044,EXC001,OP1001,2026-09-14 11:45:00,1554.9,138.22,38,4,Unfastened,True
1045,EXC001,OP1001,2026-09-14 12:00:00,1555.15,143.13,40,8,Fastened,False
1046,EXC001,OP1001,2026-09-14 12:15:00,1555.4,150.89,42,8,Fastened,False
1047,EXC001,OP1001,2026-09-14 12:30:00,1555.65,156.11,44,6,Fastened,False
1048,EXC001,OP1001,2026-09-14 12:45:00,1555.9,163.65,46,2,Fastened,False
1049,EXC001,OP1001,2026-09-14 13:00:00,1556.15,172.33,48,9,Fastened,False
1050,EXC001,OP1001,2026-09-14 13:15:00,1556.3,174.61,48,23,Fastened,False
1051,EXC001,OP1001,2026-09-14 13:30:00,1556.55,182.3,51,6,Fastened,False
1052,EXC001,OP1001,2026-09-14 13:45:00,1556.8,191.38,53,4,Fastened,False
1053,EXC001,OP1001,2026-09-14 14:00:00,1556.95,192.8,53,40,Fastened,False
1054,EXC001,OP1001,2026-09-14 14:15:00,1557.2,197.47,55,8,Fastened,False
1055,EXC001,OP1001,2026-09-14 14:30:00,1557.45,205.59,56,7,Fastened,False
1056,EXC001,OP1001,2026-09-14 14:45:00,1557.7,212.07,59,13,Fastened,False
1057,EXC002,OP1006,2026-09-14 07:00:00,2870.05,7.49,3,6,Fastened,False
1058,EXC002,OP1006,2026-09-14 07:15:00,2870.3,14.63,4,6,Fastened,False
1059,EXC002,OP1006,2026-09-14 07:30:00,2870.55,22.91,7,3,Fastened,False
1060,EXC002,OP1006,2026-09-14 07:45:00,2870.8,27.97,9,7,Fastened,False
1061,EXC002,OP1006,2026-09-14 08:00:00,2871.05,32.61,11,7,Fastened,False
1062,EXC002,OP1006,2026-09-14 08:15:00,2871.2,34.0,11,40,Fastened,False
1063,EXC002,OP1006,2026-09-14 08:30:00,2871.45,39.05,12,2,Unfastened,False
1064,EXC002,OP1006,2026-09-14 08:45:00,2871.7,47.16,14,5,Fastened,False
1065,EXC002,OP1006,2026-09-14 09:00:00,2871.95,53.44,17,6,Fastened,False
1066,EXC002,OP1006,2026-09-14 09:15:00,2872.2,58.48,19,1,Fastened,False
1067,EXC002,OP1006,2026-09-14 09:30:00,2872.45,63.29,20,7,Fastened,False
1068,EXC002,OP1006,2026-09-14 09:45:00,2872.7,72.11,22,8,Fastened,False
1069,EXC002,OP1006,2026-09-14 10:00:00,2872.95,80.52,25,2,Fastened,False
1070,EXC002,OP1006,2026-09-14 10:15:00,2873.2,86.39,26,0,Fastened,False
1071,EXC002,OP1006,2026-09-14 10:30:00,2873.45,92.59,28,5,Fastened,False
1072,EXC002,OP1006,2026-09-14 10:45:00,2873.7,98.79,30,1,Fastened,False
1073,EXC002,OP1006,2026-09-14 11:00:00,2873.95,106.56,31,8,Fastened,False
1074,EXC002,OP1006,2026-09-14 11:15:00,2874.2,113.72,33,4,Fastened,False
1075,EXC002,OP1006,2026-09-14 11:30:00,2874.45,121.2,34,3,Fastened,False
1076,EXC002,OP1006,2026-09-14 11:45:00,2874.7,128.47,36,0,Fastened,False
1077,EXC002,OP1006,2026-09-14 12:00:00,2874.85,130.1,36,53,Fastened,False
1078,EXC002,OP1006,2026-09-14 12:15:00,2875.0,131.89,36,61,Fastened,False
1079,EXC002,OP1006,2026-09-14 12:30:00,2875.15,134.0,36,57,Fastened,False
1080,EXC002,OP1006,2026-09-14 12:45:00,2875.3,136.09,36,57,Fastened,False
1081,EXC002,OP1006,2026-09-14 13:00:00,2875.45,137.62,36,48,Fastened,False
1082,EXC002,OP1006,2026-09-14 13:15:00,2875.6,139.44,36,49,Fastened,False
1083,EXC002,OP1006,2026-09-14 13:30:00,2875.75,141.88,36,57,Fastened,False
1084,EXC002,OP1006,2026-09-14 13:45:00,2875.9,143.22,36,53,Fastened,False
1085,EXC002,OP1006,2026-09-14 14:00:00,2876.05,144.47,36,50,Fastened,False
1086,EXC002,OP1006,2026-09-14 14:15:00,2876.2,146.24,36,62,Fastened,False
1087,EXC002,OP1006,2026-09-14 14:30:00,2876.35,148.13,36,62,Fastened,False
1088,EXC002,OP1006,2026-09-14 14:45:00,2876.5,149.98,36,54,Fastened,False
1089,EXC003,OP1007,2026-09-14 07:00:00,450.85,4.92,1,0,Fastened,False
1090,EXC003,OP1007,2026-09-14 07:15:00,451.1,9.94,2,15,Fastened,False
1091,EXC003,OP1007,2026-09-14 07:30:00,451.35,15.8,5,9,Fastened,False
1092,EXC003,OP1007,2026-09-14 07:45:00,451.6,22.89,6,2,Fastened,False
1093,EXC003,OP1007,2026-09-14 08:00:00,451.85,28.02,9,6,Fastened,False
1094,EXC003,OP1007,2026-09-14 08:15:00,452.1,35.32,10,5,Fastened,False
1095,EXC003,OP1007,2026-09-14 08:30:00,452.35,44.05,11,5,Fastened,False
1096,EXC003,OP1007,2026-09-14 08:45:00,452.6,50.7,13,7,Fastened,False
1097,EXC003,OP1007,2026-09-14 09:00:00,452.85,57.65,14,2,Fastened,False
1098,EXC003,OP1007,2026-09-14 09:15:00,453.1,66.79,17,1,Fastened,False
1099,EXC003,OP1007,2026-09-14 09:30:00,453.35,74.17,18,7,Fastened,False
1100,EXC003,OP1007,2026-09-14 09:45:00,453.6,79.77,21,6,Fastened,False
1101,EXC003,OP1007,2026-09-14 10:00:00,453.85,88.14,24,7,Fastened,False
1102,EXC003,OP1007,2026-09-14 10:15:00,454.1,96.93,25,8,Fastened,False
1103,EXC003,OP1007,2026-09-14 10:30:00,454.35,104.73,28,5,Fastened,False
1104,EXC003,OP1007,2026-09-14 10:45:00,454.6,110.25,31,0,Fastened,False
1105,EXC003,OP1007,2026-09-14 11:00:00,454.85,118.52,33,2,Fastened,False
1106,EXC003,OP1007,2026-09-14 11:15:00,455.1,127.92,36,5,Fastened,False
1107,EXC003,OP1007,2026-09-14 11:30:00,455.35,132.93,38,1,Fastened,False
1108,EXC003,OP1007,2026-09-14 11:45:00,455.6,139.69,39,8,Fastened,False
1109,EXC003,OP1007,2026-09-14 12:00:00,455.85,148.05,41,3,Fastened,False
1110,EXC003,OP1007,2026-09-14 12:15:00,456.1,153.49,43,9,Fastened,False
1111,EXC003,OP1007,2026-09-14 12:30:00,456.35,159.1,44,5,Fastened,False
1112,EXC003,OP1007,2026-09-14 12:45:00,456.6,164.79,45,6,Fastened,False
1113,EXC003,OP1007,2026-09-14 13:00:00,456.85,172.51,48,2,Fastened,False
1114,EXC003,OP1007,2026-09-14 13:15:00,457.1,181.41,49,0,Fastened,False
1115,EXC003,OP1007,2026-09-14 13:30:00,457.35,189.46,50,9,Fastened,False
1116,EXC003,OP1007,2026-09-14 13:45:00,457.6,197.36,52,6,Fastened,False
1117,EXC003,OP1007,2026-09-14 14:00:00,457.85,204.24,53,9,Fastened,False
1118,EXC003,OP1007,2026-09-14 14:15:00,458.1,209.73,54,9,Unfastened,True
1119,EXC003,OP1007,2026-09-14 14:30:00,458.35,216.01,55,7,Unfastened,False
1120,EXC003,OP1007,2026-09-14 14:45:00,458.6,223.0,57,9,Fastened,False
1121,LDR001,OP1008,2026-09-14 07:00:00,1009.55,5.55,1,9,Fastened,False
1122,LDR001,OP1008,2026-09-14 07:15:00,1009.8,10.59,3,8,Fastened,False
1123,LDR001,OP1008,2026-09-14 07:30:00,1010.05,19.19,4,2,Fastened,False
1124,LDR001,OP1008,2026-09-14 07:45:00,1010.3,25.02,6,4,Fastened,False
1125,LDR001,OP1008,2026-09-14 08:00:00,1010.45,26.58,6,26,Fastened,False
1126,LDR001,OP1008,2026-09-14 08:15:00,1010.7,35.75,7,2,Unfastened,True
1127,LDR001,OP1008,2026-09-14 08:30:00,1010.95,41.16,9,5,Fastened,False
1128,LDR001,OP1008,2026-09-14 08:45:00,1011.2,47.21,10,4,Fastened,False
1129,LDR001,OP1008,2026-09-14 09:00:00,1011.45,54.48,12,3,Fastened,False
1130,LDR001,OP1008,2026-09-14 09:15:00,1011.7,62.67,15,7,Fastened,False
1131,LDR001,OP1008,2026-09-14 09:30:00,1011.95,67.8,17,6,Fastened,False
1132,LDR001,OP1008,2026-09-14 09:45:00,1012.2,75.73,20,12,Fastened,False
1133,LDR001,OP1008,2026-09-14 10:00:00,1012.45,84.94,21,9,Unfastened,False
1134,LDR001,OP1008,2026-09-14 10:15:00,1012.7,92.12,24,5,Fastened,False
1135,LDR001,OP1008,2026-09-14 10:30:00,1012.95,99.57,25,9,Fastened,False
1136,LDR001,OP1008,2026-09-14 10:45:00,1013.2,106.58,28,2,Fastened,False
1137,LDR001,OP1008,2026-09-14 11:00:00,1013.45,111.68,31,8,Fastened,False
1138,LDR001,OP1008,2026-09-14 11:15:00,1013.7,119.85,34,2,Fastened,False
1139,LDR001,OP1008,2026-09-14 11:30:00,1013.95,126.42,36,4,Fastened,False
1140,LDR001,OP1008,2026-09-14 11:45:00,1014.2,131.62,38,5,Fastened,False
1141,LDR001,OP1008,2026-09-14 12:00:00,1014.35,133.17,38,59,Fastened,False
1142,LDR001,OP1008,2026-09-14 12:15:00,1014.5,134.89,38,53,Fastened,False
1143,LDR001,OP1008,2026-09-14 12:30:00,1014.65,136.49,38,60,Fastened,False
1144,LDR001,OP1008,2026-09-14 12:45:00,1014.8,138.67,38,64,Fastened,False
1145,LDR001,OP1008,2026-09-14 13:00:00,1014.95,140.04,38,53,Fastened,False
1146,LDR001,OP1008,2026-09-14 13:15:00,1015.1,141.81,38,60,Fastened,False
1147,LDR001,OP1008,2026-09-14 13:30:00,1015.25,144.0,38,61,Fastened,False
1148,LDR001,OP1008,2026-09-14 13:45:00,1015.4,145.56,38,61,Fastened,False
1149,LDR001,OP1008,2026-09-14 14:00:00,1015.55,147.05,38,59,Fastened,False
1150,LDR001,OP1008,2026-09-14 14:15:00,1015.7,149.11,38,52,Fastened,False
1151,LDR001,OP1008,2026-09-14 14:30:00,1015.85,151.36,38,50,Fastened,False
1152,LDR001,OP1008,2026-09-14 14:45:00,1016.0,153.26,38,61,Unfastened,True
1153,LDR002,OP1009,2026-09-14 07:00:00,1850.55,8.63,2,5,Fastened,False
1154,LDR002,OP1009,2026-09-14 07:15:00,1850.8,16.35,4,3,Fastened,False
1155,LDR002,OP1009,2026-09-14 07:30:00,1851.05,23.72,7,1,Fastened,False
1156,LDR002,OP1009,2026-09-14 07:45:00,1851.3,32.23,8,5,Fastened,False
1157,LDR002,OP1009,2026-09-14 08:00:00,1851.55,37.05,10,7,Fastened,False
1158,LDR002,OP1009,2026-09-14 08:15:00,1851.8,42.37,13,5,Fastened,False
1159,LDR002,OP1009,2026-09-14 08:30:00,1852.05,48.71,14,0,Fastened,False
1160,LDR002,OP1009,2026-09-14 08:45:00,1852.3,56.45,17,7,Fastened,False
1161,LDR002,OP1009,2026-09-14 09:00:00,1852.55,65.9,20,1,Fastened,False
1162,LDR002,OP1009,2026-09-14 09:15:00,1852.8,74.62,22,5,Fastened,False
1163,LDR002,OP1009,2026-09-14 09:30:00,1853.05,81.33,23,0,Fastened,False
1164,LDR002,OP1009,2026-09-14 09:45:00,1853.3,88.78,25,4,Fastened,False
1165,LDR002,OP1009,2026-09-14 10:00:00,1853.55,95.64,28,8,Unfastened,False
1166,LDR002,OP1009,2026-09-14 10:15:00,1853.8,101.76,30,0,Fastened,False
1167,LDR002,OP1009,2026-09-14 10:30:00,1853.95,103.26,30,35,Fastened,False
1168,LDR002,OP1009,2026-09-14 10:45:00,1854.2,111.7,33,4,Fastened,False
1169,LDR002,OP1009,2026-09-14 11:00:00,1854.45,117.14,36,0,Fastened,False
1170,LDR002,OP1009,2026-09-14 11:15:00,1854.7,121.89,39,7,Fastened,False
1171,LDR002,OP1009,2026-09-14 11:30:00,1854.95,130.35,42,4,Fastened,False
1172,LDR002,OP1009,2026-09-14 11:45:00,1855.1,132.56,42,22,Fastened,False
1173,LDR002,OP1009,2026-09-14 12:00:00,1855.35,139.11,44,2,Unfastened,True
1174,LDR002,OP1009,2026-09-14 12:15:00,1855.6,146.5,45,8,Fastened,False
1175,LDR002,OP1009,2026-09-14 12:30:00,1855.85,155.56,48,16,Fastened,False
1176,LDR002,OP1009,2026-09-14 12:45:00,1856.1,164.81,49,4,Fastened,False
1177,LDR002,OP1009,2026-09-14 13:00:00,1856.25,166.38,49,31,Fastened,False
1178,LDR002,OP1009,2026-09-14 13:15:00,1856.5,173.32,52,3,Fastened,False
1179,LDR002,OP1009,2026-09-14 13:30:00,1856.75,179.38,53,0,Fastened,False
1180,LDR002,OP1009,2026-09-14 13:45:00,1857.0,184.15,56,4,Fastened,False
1181,LDR002,OP1009,2026-09-14 14:00:00,1857.25,188.91,57,8,Fastened,False
1182,LDR002,OP1009,2026-09-14 14:15:00,1857.5,197.26,59,2,Fastened,False
1183,LDR002,OP1009,2026-09-14 14:30:00,1857.75,202.83,61,4,Fastened,False
1184,LDR002,OP1009,2026-09-14 14:45:00,1858.0,211.22,64,8,Fastened,False
1185,DOZ001,OP1010,2026-09-14 07:00:00,3441.15,8.64,2,3,Fastened,False
1186,DOZ001,OP1010,2026-09-14 07:15:00,3441.4,14.59,3,8,Fastened,False
1187,DOZ001,OP1010,2026-09-14 07:30:00,3441.65,20.24,5,3,Fastened,False
1188,DOZ001,OP1010,2026-09-14 07:45:00,3441.9,25.26,7,5,Unfastened,False
1189,DOZ001,OP1010,2026-09-14 08:00:00,3442.05,27.39,7,41,Fastened,False
1190,DOZ001,OP1010,2026-09-14 08:15:00,3442.3,36.33,9,3,Fastened,False
1191,DOZ001,OP1010,2026-09-14 08:30:00,3442.55,42.73,10,9,Fastened,False
1192,DOZ001,OP1010,2026-09-14 08:45:00,3442.8,50.65,11,1,Fastened,False
1193,DOZ001,OP1010,2026-09-14 09:00:00,3443.05,59.22,12,9,Fastened,False
1194,DOZ001,OP1010,2026-09-14 09:15:00,3443.3,66.28,15,4,Fastened,False
1195,DOZ001,OP1010,2026-09-14 09:30:00,3443.55,71.81,17,0,Fastened,False
1196,DOZ001,OP1010,2026-09-14 09:45:00,3443.8,80.71,18,6,Fastened,False
1197,DOZ001,OP1010,2026-09-14 10:00:00,3444.05,86.67,20,2,Unfastened,False
1198,DOZ001,OP1010,2026-09-14 10:15:00,3444.2,87.87,20,26,Fastened,False
1199,DOZ001,OP1010,2026-09-14 10:30:00,3444.45,94.88,23,3,Fastened,False
1200,DOZ001,OP1010,2026-09-14 10:45:00,3444.7,102.3,25,4,Fastened,False
1201,DOZ001,OP1010,2026-09-14 11:00:00,3444.95,109.88,28,4,Fastened,False
1202,DOZ001,OP1010,2026-09-14 11:15:00,3445.2,116.27,30,0,Fastened,False
1203,DOZ001,OP1010,2026-09-14 11:30:00,3445.45,122.21,31,10,Unfastened,False
1204,DOZ001,OP1010,2026-09-14 11:45:00,3445.7,130.2,32,1,Fastened,False
1205,DOZ001,OP1010,2026-09-14 12:00:00,3445.95,137.35,34,1,Fastened,False
1206,DOZ001,OP1010,2026-09-14 12:15:00,3446.2,146.01,36,6,Unfastened,True
1207,DOZ001,OP1010,2026-09-14 12:30:00,3446.45,155.45,37,1,Fastened,False
1208,DOZ001,OP1010,2026-09-14 12:45:00,3446.7,161.77,40,3,Fastened,False
1209,DOZ001,OP1010,2026-09-14 13:00:00,3446.95,169.44,43,20,Fastened,False
1210,DOZ001,OP1010,2026-09-14 13:15:00,3447.1,170.88,43,38,Fastened,False
1211,DOZ001,OP1010,2026-09-14 13:30:00,3447.35,175.6,44,1,Fastened,False
1212,DOZ001,OP1010,2026-09-14 13:45:00,3447.5,178.04,44,21,Fastened,False
1213,DOZ001,OP1010,2026-09-14 14:00:00,3447.75,184.09,46,1,Fastened,False
1214,DOZ001,OP1010,2026-09-14 14:15:00,3448.0,189.97,48,9,Fastened,False
1215,DOZ001,OP1010,2026-09-14 14:30:00,3448.25,194.83,51,3,Fastened,False
1216,DOZ001,OP1010,2026-09-14 14:45:00,3448.5,202.43,53,9,Fastened,False
1217,DOZ002,OP1001,2026-09-14 07:00:00,4151.05,8.86,3,1,Unfastened,True
1218,DOZ002,OP1001,2026-09-14 07:15:00,4151.3,16.93,6,5,Fastened,False
1219,DOZ002,OP1001,2026-09-14 07:30:00,4151.45,18.66,6,30,Fastened,False
1220,DOZ002,OP1001,2026-09-14 07:45:00,4151.6,21.09,6,22,Fastened,False
1221,DOZ002,OP1001,2026-09-14 08:00:00,4151.85,27.87,7,5,Fastened,False
1222,DOZ002,OP1001,2026-09-14 08:15:00,4152.1,34.35,8,1,Fastened,False
1223,DOZ002,OP1001,2026-09-14 08:30:00,4152.35,40.57,11,4,Fastened,False
1224,DOZ002,OP1001,2026-09-14 08:45:00,4152.5,41.99,11,33,Unfastened,False
1225,DOZ002,OP1001,2026-09-14 09:00:00,4152.75,46.6,13,1,Fastened,False
1226,DOZ002,OP1001,2026-09-14 09:15:00,4153.0,53.12,16,7,Fastened,False
1227,DOZ002,OP1001,2026-09-14 09:30:00,4153.25,61.15,18,0,Fastened,False
1228,DOZ002,OP1001,2026-09-14 09:45:00,4153.5,67.77,20,6,Unfastened,True
1229,DOZ002,OP1001,2026-09-14 10:00:00,4153.75,75.08,23,2,Fastened,False
1230,DOZ002,OP1001,2026-09-14 10:15:00,4154.0,81.51,26,3,Fastened,False
1231,DOZ002,OP1001,2026-09-14 10:30:00,4154.25,89.33,29,1,Fastened,False
1232,DOZ002,OP1001,2026-09-14 10:45:00,4154.5,93.92,32,5,Fastened,False
1233,DOZ002,OP1001,2026-09-14 11:00:00,4154.75,100.93,34,7,Fastened,False
1234,DOZ002,OP1001,2026-09-14 11:15:00,4155.0,108.79,37,1,Fastened,False
1235,DOZ002,OP1001,2026-09-14 11:30:00,4155.25,115.95,38,4,Fastened,False
1236,DOZ002,OP1001,2026-09-14 11:45:00,4155.5,123.95,40,9,Fastened,False
1237,DOZ002,OP1001,2026-09-14 12:00:00,4155.75,131.66,42,6,Fastened,False
1238,DOZ002,OP1001,2026-09-14 12:15:00,4156.0,137.47,43,3,Fastened,False
1239,DOZ002,OP1001,2026-09-14 12:30:00,4156.15,139.42,43,36,Fastened,False
1240,DOZ002,OP1001,2026-09-14 12:45:00,4156.4,147.41,44,5,Fastened,False
1241,DOZ002,OP1001,2026-09-14 13:00:00,4156.65,154.81,47,3,Fastened,False
1242,DOZ002,OP1001,2026-09-14 13:15:00,4156.9,160.95,50,3,Fastened,False
1243,DOZ002,OP1001,2026-09-14 13:30:00,4157.05,163.22,50,23,Fastened,False
1244,DOZ002,OP1001,2026-09-14 13:45:00,4157.3,169.78,53,1,Fastened,False
1245,DOZ002,OP1001,2026-09-14 14:00:00,4157.55,174.83,56,0,Fastened,False
1246,DOZ002,OP1001,2026-09-14 14:15:00,4157.8,180.36,59,4,Fastened,False
1247,DOZ002,OP1001,2026-09-14 14:30:00,4158.05,188.91,60,0,Fastened,False
1248,DOZ002,OP1001,2026-09-14 14:45:00,4158.3,197.41,61,7,Fastened,False
1249,TRK001,OP1002,2026-09-14 07:00:00,2180.95,8.83,1,0,Fastened,False
1250,TRK001,OP1002,2026-09-14 07:15:00,2181.2,14.62,3,0,Fastened,False
1251,TRK001,OP1002,2026-09-14 07:30:00,2181.45,22.79,6,4,Fastened,False
1252,TRK001,OP1002,2026-09-14 07:45:00,2181.7,30.86,7,9,Fastened,False
1253,TRK001,OP1002,2026-09-14 08:00:00,2181.95,38.13,9,7,Fastened,False
1254,TRK001,OP1002,2026-09-14 08:15:00,2182.2,46.84,11,2,Fastened,False
1255,TRK001,OP1002,2026-09-14 08:30:00,2182.45,53.89,12,6,Fastened,False
1256,TRK001,OP1002,2026-09-14 08:45:00,2182.7,60.52,15,7,Fastened,False
1257,TRK001,OP1002,2026-09-14 09:00:00,2182.95,66.77,17,9,Fastened,False
1258,TRK001,OP1002,2026-09-14 09:15:00,2183.2,75.48,19,16,Fastened,False
1259,TRK001,OP1002,2026-09-14 09:30:00,2183.45,81.09,22,2,Fastened,False
1260,TRK001,OP1002,2026-09-14 09:45:00,2183.7,88.47,23,8,Unfastened,False
1261,TRK001,OP1002,2026-09-14 10:00:00,2183.95,94.75,26,1,Unfastened,False
1262,TRK001,OP1002,2026-09-14 10:15:00,2184.2,103.08,29,7,Fastened,False
1263,TRK001,OP1002,2026-09-14 10:30:00,2184.45,111.55,32,7,Fastened,False
1264,TRK001,OP1002,2026-09-14 10:45:00,2184.7,118.1,33,4,Fastened,False
1265,TRK001,OP1002,2026-09-14 11:00:00,2184.85,120.52,33,29,Fastened,False
1266,TRK001,OP1002,2026-09-14 11:15:00,2185.1,128.26,34,3,Unfastened,True
1267,TRK001,OP1002,2026-09-14 11:30:00,2185.35,132.95,35,1,Fastened,False
1268,TRK001,OP1002,2026-09-14 11:45:00,2185.6,142.12,36,0,Fastened,False
1269,TRK001,OP1002,2026-09-14 12:00:00,2185.85,147.62,38,8,Fastened,False
1270,TRK001,OP1002,2026-09-14 12:15:00,2186.1,153.64,41,9,Fastened,False
1271,TRK001,OP1002,2026-09-14 12:30:00,2186.35,158.71,43,8,Unfastened,True
1272,TRK001,OP1002,2026-09-14 12:45:00,2186.6,166.69,44,4,Fastened,False
1273,TRK001,OP1002,2026-09-14 13:00:00,2186.85,174.43,45,3,Fastened,False
1274,TRK001,OP1002,2026-09-14 13:15:00,2187.1,183.83,48,2,Fastened,False
1275,TRK001,OP1002,2026-09-14 13:30:00,2187.35,191.64,51,0,Fastened,False
1276,TRK001,OP1002,2026-09-14 13:45:00,2187.6,200.72,53,9,Fastened,False
1277,TRK001,OP1002,2026-09-14 14:00:00,2187.85,208.87,56,8,Fastened,False
1278,TRK001,OP1002,2026-09-14 14:15:00,2188.1,216.92,57,9,Fastened,False
1279,TRK001,OP1002,2026-09-14 14:30:00,2188.25,218.96,57,37,Fastened,False
1280,TRK001,OP1002,2026-09-14 14:45:00,2188.5,227.65,60,16,Fastened,False
1281,EXC001,OP1006,2026-09-15 07:00:00,1557.95,6.18,3,17,Fastened,False
1282,EXC001,OP1006,2026-09-15 07:15:00,1558.2,13.48,5,0,Fastened,False
1283,EXC001,OP1006,2026-09-15 07:30:00,1558.45,21.2,6,8,Fastened,False
1284,EXC001,OP1006,2026-09-15 07:45:00,1558.7,29.54,8,7,Fastened,False
1285,EXC001,OP1006,2026-09-15 08:00:00,1558.95,37.04,9,5,Fastened,False
1286,EXC001,OP1006,2026-09-15 08:15:00,1559.2,45.21,11,0,Fastened,False
1287,EXC001,OP1006,2026-09-15 08:30:00,1559.45,54.39,14,5,Fastened,False
1288,EXC001,OP1006,2026-09-15 08:45:00,1559.7,59.79,17,3,Fastened,False
1289,EXC001,OP1006,2026-09-15 09:00:00,1559.95,68.35,19,7,Fastened,False
1290,EXC001,OP1006,2026-09-15 09:15:00,1560.1,70.43,19,38,Fastened,False
1291,EXC001,OP1006,2026-09-15 09:30:00,1560.25,72.17,19,45,Fastened,False
1292,EXC001,OP1006,2026-09-15 09:45:00,1560.5,81.26,21,9,Fastened,False
1293,EXC001,OP1006,2026-09-15 10:00:00,1560.75,86.6,24,3,Fastened,False
1294,EXC001,OP1006,2026-09-15 10:15:00,1560.9,88.41,24,28,Fastened,False
1295,EXC001,OP1006,2026-09-15 10:30:00,1561.15,94.75,27,0,Fastened,False
1296,EXC001,OP1006,2026-09-15 10:45:00,1561.4,99.35,28,4,Fastened,False
1297,EXC001,OP1006,2026-09-15 11:00:00,1561.65,106.74,30,2,Fastened,False
1298,EXC001,OP1006,2026-09-15 11:15:00,1561.9,115.36,31,3,Fastened,False
1299,EXC001,OP1006,2026-09-15 11:30:00,1562.15,120.4,33,6,Fastened,False
1300,EXC001,OP1006,2026-09-15 11:45:00,1562.3,122.82,33,23,Unfastened,True
1301,EXC001,OP1006,2026-09-15 12:00:00,1562.55,127.78,34,7,Fastened,False
1302,EXC001,OP1006,2026-09-15 12:15:00,1562.8,134.48,37,1,Fastened,False
1303,EXC001,OP1006,2026-09-15 12:30:00,1563.05,140.24,40,9,Fastened,False
1304,EXC001,OP1006,2026-09-15 12:45:00,1563.3,148.7,43,4,Fastened,False
1305,EXC001,OP1006,2026-09-15 13:00:00,1563.45,150.9,43,42,Fastened,False
1306,EXC001,OP1006,2026-09-15 13:15:00,1563.6,152.74,43,49,Fastened,False
1307,EXC001,OP1006,2026-09-15 13:30:00,1563.75,154.72,43,54,Fastened,False
1308,EXC001,OP1006,2026-09-15 13:45:00,1563.9,156.36,43,46,Fastened,False
1309,EXC001,OP1006,2026-09-15 14:00:00,1564.05,158.8,43,52,Unfastened,True
1310,EXC001,OP1006,2026-09-15 14:15:00,1564.2,160.61,43,45,Fastened,False
1311,EXC001,OP1006,2026-09-15 14:30:00,1564.35,163.05,43,47,Fastened,False
1312,EXC001,OP1006,2026-09-15 14:45:00,1564.5,165.0,43,45,Fastened,False
1313,EXC002,OP1007,2026-09-15 07:00:00,2876.75,8.85,3,0,Fastened,False
1314,EXC002,OP1007,2026-09-15 07:15:00,2877.0,15.6,5,6,Fastened,False
1315,EXC002,OP1007,2026-09-15 07:30:00,2877.25,20.72,6,5,Fastened,False
1316,EXC002,OP1007,2026-09-15 07:45:00,2877.5,27.21,9,8,Fastened,False
1317,EXC002,OP1007,2026-09-15 08:00:00,2877.75,36.28,12,4,Fastened,False
1318,EXC002,OP1007,2026-09-15 08:15:00,2878.0,45.48,15,8,Fastened,False
1319,EXC002,OP1007,2026-09-15 08:30:00,2878.25,53.63,17,5,Fastened,False
1320,EXC002,OP1007,2026-09-15 08:45:00,2878.5,58.16,19,7,Fastened,False
1321,EXC002,OP1007,2026-09-15 09:00:00,2878.75,63.55,22,9,Fastened,False
1322,EXC002,OP1007,2026-09-15 09:15:00,2878.9,64.79,22,43,Fastened,False
1323,EXC002,OP1007,2026-09-15 09:30:00,2879.15,70.64,23,5,Fastened,False
1324,EXC002,OP1007,2026-09-15 09:45:00,2879.4,79.94,26,0,Fastened,False
1325,EXC002,OP1007,2026-09-15 10:00:00,2879.65,87.04,27,7,Fastened,False
1326,EXC002,OP1007,2026-09-15 10:15:00,2879.9,94.66,30,9,Fastened,False
1327,EXC002,OP1007,2026-09-15 10:30:00,2880.15,99.29,33,2,Fastened,False
1328,EXC002,OP1007,2026-09-15 10:45:00,2880.4,107.29,36,3,Fastened,False
1329,EXC002,OP1007,2026-09-15 11:00:00,2880.65,113.5,38,1,Fastened,False
1330,EXC002,OP1007,2026-09-15 11:15:00,2880.9,120.68,40,0,Unfastened,True
1331,EXC002,OP1007,2026-09-15 11:30:00,2881.15,129.57,42,5,Fastened,False
1332,EXC002,OP1007,2026-09-15 11:45:00,2881.4,135.03,44,4,Fastened,False
1333,EXC002,OP1007,2026-09-15 12:00:00,2881.65,142.15,46,6,Fastened,False
1334,EXC002,OP1007,2026-09-15 12:15:00,2881.8,144.53,46,42,Unfastened,True
1335,EXC002,OP1007,2026-09-15 12:30:00,2882.05,152.09,48,5,Fastened,False
1336,EXC002,OP1007,2026-09-15 12:45:00,2882.2,154.14,48,26,Fastened,False
1337,EXC002,OP1007,2026-09-15 13:00:00,2882.45,163.53,49,8,Fastened,False
1338,EXC002,OP1007,2026-09-15 13:15:00,2882.7,169.24,50,0,Fastened,False
1339,EXC002,OP1007,2026-09-15 13:30:00,2882.95,178.65,51,7,Fastened,False
1340,EXC002,OP1007,2026-09-15 13:45:00,2883.2,185.86,54,3,Fastened,False
1341,EXC002,OP1007,2026-09-15 14:00:00,2883.45,193.14,56,0,Fastened,False
1342,EXC002,OP1007,2026-09-15 14:15:00,2883.7,198.5,58,1,Fastened,False
1343,EXC002,OP1007,2026-09-15 14:30:00,2883.95,206.77,61,4,Fastened,False
1344,EXC002,OP1007,2026-09-15 14:45:00,2884.2,214.86,64,5,Fastened,False
1345,EXC003,OP1008,2026-09-15 07:00:00,458.85,8.73,2,1,Fastened,False
1346,EXC003,OP1008,2026-09-15 07:15:00,459.1,14.39,3,1,Fastened,False
1347,EXC003,OP1008,2026-09-15 07:30:00,459.35,22.02,5,3,Fastened,False
1348,EXC003,OP1008,2026-09-15 07:45:00,459.6,27.96,8,9,Fastened,False
1349,EXC003,OP1008,2026-09-15 08:00:00,459.85,36.36,10,3,Fastened,False
1350,EXC003,OP1008,2026-09-15 08:15:00,460.1,43.26,13,3,Fastened,False
1351,EXC003,OP1008,2026-09-15 08:30:00,460.35,50.21,14,3,Fastened,False
1352,EXC003,OP1008,2026-09-15 08:45:00,460.6,59.22,15,2,Fastened,False
1353,EXC003,OP1008,2026-09-15 09:00:00,460.85,66.09,17,1,Fastened,False
1354,EXC003,OP1008,2026-09-15 09:15:00,461.1,72.61,19,3,Fastened,False
1355,EXC003,OP1008,2026-09-15 09:30:00,461.35,77.22,20,1,Fastened,False
1356,EXC003,OP1008,2026-09-15 09:45:00,461.6,82.04,22,2,Fastened,False
1357,EXC003,OP1008,2026-09-15 10:00:00,461.85,90.18,25,5,Fastened,False
1358,EXC003,OP1008,2026-09-15 10:15:00,462.1,96.56,28,0,Fastened,False
1359,EXC003,OP1008,2026-09-15 10:30:00,462.35,101.13,29,3,Fastened,False
1360,EXC003,OP1008,2026-09-15 10:45:00,462.6,105.72,30,0,Fastened,False
1361,EXC003,OP1008,2026-09-15 11:00:00,462.85,113.56,33,4,Fastened,False
1362,EXC003,OP1008,2026-09-15 11:15:00,463.1,119.12,36,2,Fastened,False
1363,EXC003,OP1008,2026-09-15 11:30:00,463.35,127.23,39,8,Fastened,False
1364,EXC003,OP1008,2026-09-15 11:45:00,463.6,136.61,41,3,Fastened,False
1365,EXC003,OP1008,2026-09-15 12:00:00,463.85,144.61,42,6,Fastened,False
1366,EXC003,OP1008,2026-09-15 12:15:00,464.1,150.57,44,1,Fastened,False
1367,EXC003,OP1008,2026-09-15 12:30:00,464.35,155.16,45,7,Fastened,False
1368,EXC003,OP1008,2026-09-15 12:45:00,464.6,160.63,46,1,Fastened,False
1369,EXC003,OP1008,2026-09-15 13:00:00,464.85,169.13,47,2,Fastened,False
1370,EXC003,OP1008,2026-09-15 13:15:00,465.1,177.79,50,7,Fastened,False
1371,EXC003,OP1008,2026-09-15 13:30:00,465.35,185.92,51,3,Fastened,False
1372,EXC003,OP1008,2026-09-15 13:45:00,465.6,190.92,52,4,Unfastened,False
1373,EXC003,OP1008,2026-09-15 14:00:00,465.85,199.39,54,4,Fastened,False
1374,EXC003,OP1008,2026-09-15 14:15:00,466.0,201.24,54,39,Fastened,False
1375,EXC003,OP1008,2026-09-15 14:30:00,466.15,202.84,54,45,Fastened,False
1376,EXC003,OP1008,2026-09-15 14:45:00,466.4,207.78,57,5,Fastened,False
1377,LDR001,OP1009,2026-09-15 07:00:00,1016.15,1.79,0,21,Fastened,False
1378,LDR001,OP1009,2026-09-15 07:15:00,1016.4,9.89,1,4,Fastened,False
1379,LDR001,OP1009,2026-09-15 07:30:00,1016.65,14.63,2,3,Fastened,False
1380,LDR001,OP1009,2026-09-15 07:45:00,1016.9,24.12,5,9,Fastened,False
1381,LDR001,OP1009,2026-09-15 08:00:00,1017.15,29.16,6,0,Fastened,False
1382,LDR001,OP1009,2026-09-15 08:15:00,1017.4,33.96,9,5,Unfastened,True
1383,LDR001,OP1009,2026-09-15 08:30:00,1017.65,42.56,12,1,Fastened,False
1384,LDR001,OP1009,2026-09-15 08:45:00,1017.9,48.31,15,5,Fastened,False
1385,LDR001,OP1009,2026-09-15 09:00:00,1018.15,54.65,17,2,Fastened,False
1386,LDR001,OP1009,2026-09-15 09:15:00,1018.4,59.38,20,1,Fastened,False
1387,LDR001,OP1009,2026-09-15 09:30:00,1018.65,65.29,21,1,Fastened,False
1388,LDR001,OP1009,2026-09-15 09:45:00,1018.9,72.45,23,7,Fastened,False
1389,LDR001,OP1009,2026-09-15 10:00:00,1019.05,73.9,23,42,Fastened,False
1390,LDR001,OP1009,2026-09-15 10:15:00,1019.3,82.33,26,0,Unfastened,False
1391,LDR001,OP1009,2026-09-15 10:30:00,1019.55,91.19,28,3,Fastened,False
1392,LDR001,OP1009,2026-09-15 10:45:00,1019.8,95.88,31,1,Fastened,False
1393,LDR001,OP1009,2026-09-15 11:00:00,1020.05,101.81,33,3,Fastened,False
1394,LDR001,OP1009,2026-09-15 11:15:00,1020.3,109.83,34,8,Fastened,False
1395,LDR001,OP1009,2026-09-15 11:30:00,1020.55,114.37,37,9,Fastened,False
1396,LDR001,OP1009,2026-09-15 11:45:00,1020.8,120.29,39,6,Fastened,False
1397,LDR001,OP1009,2026-09-15 12:00:00,1021.05,127.9,41,2,Fastened,False
1398,LDR001,OP1009,2026-09-15 12:15:00,1021.3,136.11,43,13,Fastened,False
1399,LDR001,OP1009,2026-09-15 12:30:00,1021.55,142.53,45,7,Fastened,False
1400,LDR001,OP1009,2026-09-15 12:45:00,1021.8,150.04,46,3,Fastened,False
1401,LDR001,OP1009,2026-09-15 13:00:00,1022.05,155.45,49,8,Fastened,False
1402,LDR001,OP1009,2026-09-15 13:15:00,1022.3,162.52,51,1,Fastened,False
1403,LDR001,OP1009,2026-09-15 13:30:00,1022.45,164.64,51,44,Fastened,False
1404,LDR001,OP1009,2026-09-15 13:45:00,1022.7,169.24,53,4,Fastened,False
1405,LDR001,OP1009,2026-09-15 14:00:00,1022.95,178.17,54,6,Fastened,False
1406,LDR001,OP1009,2026-09-15 14:15:00,1023.2,186.91,57,3,Fastened,False
1407,LDR001,OP1009,2026-09-15 14:30:00,1023.45,194.54,58,7,Fastened,False
1408,LDR001,OP1009,2026-09-15 14:45:00,1023.7,200.02,60,2,Fastened,False
1409,LDR002,OP1010,2026-09-15 07:00:00,1858.25,4.71,3,5,Fastened,False
1410,LDR002,OP1010,2026-09-15 07:15:00,1858.5,10.65,4,0,Fastened,False
1411,LDR002,OP1010,2026-09-15 07:30:00,1858.65,12.69,4,24,Fastened,False
1412,LDR002,OP1010,2026-09-15 07:45:00,1858.9,20.2,6,2,Fastened,False
1413,LDR002,OP1010,2026-09-15 08:00:00,1859.15,28.43,9,3,Fastened,False
1414,LDR002,OP1010,2026-09-15 08:15:00,1859.4,37.38,10,3,Fastened,False
1415,LDR002,OP1010,2026-09-15 08:30:00,1859.65,43.7,13,5,Fastened,False
1416,LDR002,OP1010,2026-09-15 08:45:00,1859.9,52.31,15,6,Fastened,False
1417,LDR002,OP1010,2026-09-15 09:00:00,1860.15,57.58,17,1,Fastened,False
1418,LDR002,OP1010,2026-09-15 09:15:00,1860.4,66.81,20,7,Fastened,False
1419,LDR002,OP1010,2026-09-15 09:30:00,1860.65,72.73,23,6,Fastened,False
1420,LDR002,OP1010,2026-09-15 09:45:00,1860.9,78.58,25,1,Fastened,False
1421,LDR002,OP1010,2026-09-15 10:00:00,1861.15,85.2,26,18,Fastened,False
1422,LDR002,OP1010,2026-09-15 10:15:00,1861.4,92.3,29,6,Fastened,False
1423,LDR002,OP1010,2026-09-15 10:30:00,1861.65,97.32,32,0,Fastened,False
1424,LDR002,OP1010,2026-09-15 10:45:00,1861.9,105.23,34,7,Fastened,False
1425,LDR002,OP1010,2026-09-15 11:00:00,1862.15,111.36,37,0,Fastened,False
1426,LDR002,OP1010,2026-09-15 11:15:00,1862.4,119.6,40,2,Fastened,False
1427,LDR002,OP1010,2026-09-15 11:30:00,1862.65,128.34,42,0,Fastened,False
1428,LDR002,OP1010,2026-09-15 11:45:00,1862.9,133.55,45,9,Unfastened,True
1429,LDR002,OP1010,2026-09-15 12:00:00,1863.15,140.69,46,9,Fastened,False
1430,LDR002,OP1010,2026-09-15 12:15:00,1863.4,146.27,48,0,Fastened,False
1431,LDR002,OP1010,2026-09-15 12:30:00,1863.65,152.93,49,8,Fastened,False
1432,LDR002,OP1010,2026-09-15 12:45:00,1863.9,158.7,50,7,Fastened,False
1433,LDR002,OP1010,2026-09-15 13:00:00,1864.15,167.1,51,8,Fastened,False
1434,LDR002,OP1010,2026-09-15 13:15:00,1864.4,175.3,53,5,Fastened,False
1435,LDR002,OP1010,2026-09-15 13:30:00,1864.65,180.25,54,5,Fastened,False
1436,LDR002,OP1010,2026-09-15 13:45:00,1864.9,186.98,57,2,Fastened,False
1437,LDR002,OP1010,2026-09-15 14:00:00,1865.05,188.93,57,30,Fastened,False
1438,LDR002,OP1010,2026-09-15 14:15:00,1865.3,195.57,58,5,Unfastened,False
1439,LDR002,OP1010,2026-09-15 14:30:00,1865.55,204.2,59,5,Fastened,False
1440,LDR002,OP1010,2026-09-15 14:45:00,1865.8,211.99,60,2,Fastened,False
1441,DOZ001,OP1001,2026-09-15 07:00:00,3448.75,6.68,3,6,Fastened,False
1442,DOZ001,OP1001,2026-09-15 07:15:00,3449.0,11.55,6,6,Fastened,False
1443,DOZ001,OP1001,2026-09-15 07:30:00,3449.25,16.64,9,1,Fastened,False
1444,DOZ001,OP1001,2026-09-15 07:45:00,3449.5,21.37,10,5,Fastened,False
1445,DOZ001,OP1001,2026-09-15 08:00:00,3449.75,28.82,12,5,Fastened,False
1446,DOZ001,OP1001,2026-09-15 08:15:00,3450.0,35.09,13,1,Fastened,False
1447,DOZ001,OP1001,2026-09-15 08:30:00,3450.25,43.71,14,5,Fastened,False
1448,DOZ001,OP1001,2026-09-15 08:45:00,3450.5,50.98,15,1,Fastened,False
1449,DOZ001,OP1001,2026-09-15 09:00:00,3450.75,59.96,18,4,Fastened,False
1450,DOZ001,OP1001,2026-09-15 09:15:00,3451.0,67.43,20,2,Fastened,False
1451,DOZ001,OP1001,2026-09-15 09:30:00,3451.25,74.67,22,5,Unfastened,True
1452,DOZ001,OP1001,2026-09-15 09:45:00,3451.5,82.48,23,8,Fastened,False
1453,DOZ001,OP1001,2026-09-15 10:00:00,3451.75,90.72,26,5,Fastened,False
1454,DOZ001,OP1001,2026-09-15 10:15:00,3452.0,96.96,29,8,Fastened,False
1455,DOZ001,OP1001,2026-09-15 10:30:00,3452.25,106.02,31,3,Fastened,False
1456,DOZ001,OP1001,2026-09-15 10:45:00,3452.5,111.07,34,6,Fastened,False
1457,DOZ001,OP1001,2026-09-15 11:00:00,3452.75,118.2,36,5,Fastened,False
1458,DOZ001,OP1001,2026-09-15 11:15:00,3453.0,124.22,38,4,Fastened,False
1459,DOZ001,OP1001,2026-09-15 11:30:00,3453.25,133.38,41,8,Fastened,False
1460,DOZ001,OP1001,2026-09-15 11:45:00,3453.5,139.98,42,0,Fastened,False
1461,DOZ001,OP1001,2026-09-15 12:00:00,3453.75,144.85,43,5,Fastened,False
1462,DOZ001,OP1001,2026-09-15 12:15:00,3454.0,151.31,46,4,Fastened,False
1463,DOZ001,OP1001,2026-09-15 12:30:00,3454.25,158.29,49,6,Fastened,False
1464,DOZ001,OP1001,2026-09-15 12:45:00,3454.5,164.16,50,9,Fastened,False
1465,DOZ001,OP1001,2026-09-15 13:00:00,3454.75,172.31,52,9,Fastened,False
1466,DOZ001,OP1001,2026-09-15 13:15:00,3455.0,180.07,54,8,Fastened,False
1467,DOZ001,OP1001,2026-09-15 13:30:00,3455.25,186.88,55,6,Fastened,False
1468,DOZ001,OP1001,2026-09-15 13:45:00,3455.5,192.49,58,3,Fastened,False
1469,DOZ001,OP1001,2026-09-15 14:00:00,3455.75,201.74,60,6,Fastened,False
1470,DOZ001,OP1001,2026-09-15 14:15:00,3456.0,206.96,61,6,Fastened,False
1471,DOZ001,OP1001,2026-09-15 14:30:00,3456.25,211.82,63,7,Fastened,False
1472,DOZ001,OP1001,2026-09-15 14:45:00,3456.5,216.96,66,9,Fastened,False
1473,DOZ002,OP1002,2026-09-15 07:00:00,4158.55,4.86,3,4,Fastened,False
1474,DOZ002,OP1002,2026-09-15 07:15:00,4158.8,9.47,6,9,Fastened,False
1475,DOZ002,OP1002,2026-09-15 07:30:00,4159.05,18.13,8,4,Fastened,False
1476,DOZ002,OP1002,2026-09-15 07:45:00,4159.3,25.93,11,7,Fastened,False
1477,DOZ002,OP1002,2026-09-15 08:00:00,4159.55,34.92,13,1,Fastened,False
1478,DOZ002,OP1002,2026-09-15 08:15:00,4159.8,39.48,15,3,Fastened,False
1479,DOZ002,OP1002,2026-09-15 08:30:00,4160.05,48.42,18,3,Fastened,False
1480,DOZ002,OP1002,2026-09-15 08:45:00,4160.3,55.54,19,7,Fastened,False
1481,DOZ002,OP1002,2026-09-15 09:00:00,4160.55,63.06,22,4,Fastened,False
1482,DOZ002,OP1002,2026-09-15 09:15:00,4160.8,69.97,25,2,Fastened,False
1483,DOZ002,OP1002,2026-09-15 09:30:00,4161.05,74.69,26,3,Fastened,False
1484,DOZ002,OP1002,2026-09-15 09:45:00,4161.2,75.91,26,30,Fastened,False
1485,DOZ002,OP1002,2026-09-15 10:00:00,4161.45,84.03,27,9,Fastened,False
1486,DOZ002,OP1002,2026-09-15 10:15:00,4161.6,85.67,27,28,Fastened,False
1487,DOZ002,OP1002,2026-09-15 10:30:00,4161.75,87.21,27,28,Fastened,False
1488,DOZ002,OP1002,2026-09-15 10:45:00,4162.0,94.12,30,15,Fastened,False
1489,DOZ002,OP1002,2026-09-15 11:00:00,4162.25,100.79,33,4,Fastened,False
1490,DOZ002,OP1002,2026-09-15 11:15:00,4162.4,103.04,33,24,Fastened,False
1491,DOZ002,OP1002,2026-09-15 11:30:00,4162.65,110.05,36,1,Fastened,False
1492,DOZ002,OP1002,2026-09-15 11:45:00,4162.9,114.98,38,5,Fastened,False
1493,DOZ002,OP1002,2026-09-15 12:00:00,4163.15,121.2,41,9,Fastened,False
1494,DOZ002,OP1002,2026-09-15 12:15:00,4163.4,126.35,42,7,Fastened,False
1495,DOZ002,OP1002,2026-09-15 12:30:00,4163.65,132.59,44,5,Fastened,False
1496,DOZ002,OP1002,2026-09-15 12:45:00,4163.9,141.28,47,4,Fastened,False
1497,DOZ002,OP1002,2026-09-15 13:00:00,4164.15,146.1,50,1,Fastened,False
1498,DOZ002,OP1002,2026-09-15 13:15:00,4164.4,154.48,53,1,Fastened,False
1499,DOZ002,OP1002,2026-09-15 13:30:00,4164.55,156.01,53,31,Fastened,False
1500,DOZ002,OP1002,2026-09-15 13:45:00,4164.8,161.52,55,4,Fastened,False
1501,DOZ002,OP1002,2026-09-15 14:00:00,4165.05,166.55,56,13,Fastened,False
1502,DOZ002,OP1002,2026-09-15 14:15:00,4165.3,172.77,57,3,Fastened,False
1503,DOZ002,OP1002,2026-09-15 14:30:00,4165.55,177.57,58,4,Fastened,False
1504,DOZ002,OP1002,2026-09-15 14:45:00,4165.8,184.94,60,8,Fastened,False
1505,TRK001,OP1003,2026-09-15 07:00:00,2188.75,8.77,1,7,Fastened,False
1506,TRK001,OP1003,2026-09-15 07:15:00,2189.0,13.91,4,4,Fastened,False
1507,TRK001,OP1003,2026-09-15 07:30:00,2189.25,20.88,6,1,Fastened,False
1508,TRK001,OP1003,2026-09-15 07:45:00,2189.5,28.92,9,4,Fastened,False
1509,TRK001,OP1003,2026-09-15 08:00:00,2189.75,35.12,10,7,Fastened,False
1510,TRK001,OP1003,2026-09-15 08:15:00,2190.0,40.6,12,8,Fastened,False
1511,TRK001,OP1003,2026-09-15 08:30:00,2190.25,45.43,15,1,Fastened,False
1512,TRK001,OP1003,2026-09-15 08:45:00,2190.5,53.63,18,9,Fastened,False
1513,TRK001,OP1003,2026-09-15 09:00:00,2190.75,62.94,19,5,Fastened,False
1514,TRK001,OP1003,2026-09-15 09:15:00,2190.9,64.92,19,47,Fastened,False
1515,TRK001,OP1003,2026-09-15 09:30:00,2191.15,72.64,20,2,Fastened,False
1516,TRK001,OP1003,2026-09-15 09:45:00,2191.3,74.74,20,39,Fastened,False
1517,TRK001,OP1003,2026-09-15 10:00:00,2191.55,80.75,22,0,Fastened,False
1518,TRK001,OP1003,2026-09-15 10:15:00,2191.8,89.25,25,8,Fastened,False
1519,TRK001,OP1003,2026-09-15 10:30:00,2192.05,96.22,26,3,Fastened,False
1520,TRK001,OP1003,2026-09-15 10:45:00,2192.3,104.93,29,4,Fastened,False
1521,TRK001,OP1003,2026-09-15 11:00:00,2192.55,110.9,31,7,Fastened,False
1522,TRK001,OP1003,2026-09-15 11:15:00,2192.7,112.18,31,27,Fastened,False
1523,TRK001,OP1003,2026-09-15 11:30:00,2192.95,119.65,33,1,Unfastened,True
1524,TRK001,OP1003,2026-09-15 11:45:00,2193.2,128.32,35,1,Fastened,False
1525,TRK001,OP1003,2026-09-15 12:00:00,2193.45,137.14,38,3,Fastened,False
1526,TRK001,OP1003,2026-09-15 12:15:00,2193.7,141.92,40,6,Fastened,False
1527,TRK001,OP1003,2026-09-15 12:30:00,2193.85,143.12,40,41,Fastened,False
1528,TRK001,OP1003,2026-09-15 12:45:00,2194.1,149.22,41,6,Fastened,False
1529,TRK001,OP1003,2026-09-15 13:00:00,2194.35,158.25,44,2,Fastened,False
1530,TRK001,OP1003,2026-09-15 13:15:00,2194.6,163.69,45,8,Fastened,False
1531,TRK001,OP1003,2026-09-15 13:30:00,2194.85,171.7,47,4,Fastened,False
1532,TRK001,OP1003,2026-09-15 13:45:00,2195.1,179.92,49,2,Fastened,False
1533,TRK001,OP1003,2026-09-15 14:00:00,2195.35,188.98,51,9,Fastened,False
1534,TRK001,OP1003,2026-09-15 14:15:00,2195.6,195.43,54,6,Fastened,False
1535,TRK001,OP1003,2026-09-15 14:30:00,2195.85,202.17,56,9,Fastened,False
1536,TRK001,OP1003,2026-09-15 14:45:00,2196.1,207.93,58,9,Fastened,False
1537,EXC001,OP1001,2026-09-16 07:00:00,1564.75,6.0,3,9,Unfastened,False
1538,EXC001,OP1001,2026-09-16 07:15:00,1565.0,10.85,4,4,Fastened,False
1539,EXC001,OP1001,2026-09-16 07:30:00,1565.25,17.15,7,6,Fastened,False
1540,EXC001,OP1001,2026-09-16 07:45:00,1565.5,24.47,10,6,Fastened,False
1541,EXC001,OP1001,2026-09-16 08:00:00,1565.75,30.54,13,2,Fastened,False
1542,EXC001,OP1001,2026-09-16 08:15:00,1566.0,39.42,16,6,Fastened,False
1543,EXC001,OP1001,2026-09-16 08:30:00,1566.15,41.76,16,38,Fastened,False
1544,EXC001,OP1001,2026-09-16 08:45:00,1566.4,50.88,17,4,Fastened,False
1545,EXC001,OP1001,2026-09-16 09:00:00,1566.65,58.89,20,6,Fastened,False
1546,EXC001,OP1001,2026-09-16 09:15:00,1566.9,65.69,22,12,Fastened,False
1547,EXC001,OP1001,2026-09-16 09:30:00,1567.15,74.35,25,0,Unfastened,True
1548,EXC001,OP1001,2026-09-16 09:45:00,1567.4,78.86,26,0,Unfastened,True
1549,EXC001,OP1001,2026-09-16 10:00:00,1567.65,83.83,28,5,Unfastened,True
1550,EXC001,OP1001,2026-09-16 10:15:00,1567.9,88.67,30,3,Unfastened,True
1551,EXC001,OP1001,2026-09-16 10:30:00,1568.15,94.47,31,3,Unfastened,True
1552,EXC001,OP1001,2026-09-16 10:45:00,1568.4,101.28,32,1,Unfastened,True
1553,EXC001,OP1001,2026-09-16 11:00:00,1568.65,109.64,33,10,Unfastened,True
1554,EXC001,OP1001,2026-09-16 11:15:00,1568.9,114.8,35,1,Fastened,False
1555,EXC001,OP1001,2026-09-16 11:30:00,1569.15,120.56,37,6,Fastened,False
1556,EXC001,OP1001,2026-09-16 11:45:00,1569.4,126.42,38,0,Fastened,False
1557,EXC001,OP1001,2026-09-16 12:00:00,1569.55,127.73,38,34,Fastened,False
1558,EXC001,OP1001,2026-09-16 12:15:00,1569.8,133.57,41,0,Fastened,False
1559,EXC001,OP1001,2026-09-16 12:30:00,1570.05,138.14,44,3,Fastened,False
1560,EXC001,OP1001,2026-09-16 12:45:00,1570.3,144.29,46,2,Fastened,False
1561,EXC001,OP1001,2026-09-16 13:00:00,1570.55,150.75,49,5,Fastened,False
1562,EXC001,OP1001,2026-09-16 13:15:00,1570.8,158.69,52,7,Fastened,False
1563,EXC001,OP1001,2026-09-16 13:30:00,1570.95,160.5,52,24,Fastened,False
1564,EXC001,OP1001,2026-09-16 13:45:00,1571.2,165.06,55,7,Fastened,False
1565,EXC001,OP1001,2026-09-16 14:00:00,1571.45,169.79,58,3,Fastened,False
1566,EXC001,OP1001,2026-09-16 14:15:00,1571.7,177.46,60,2,Fastened,False
1567,EXC001,OP1001,2026-09-16 14:30:00,1571.95,186.26,63,9,Fastened,False
1568,EXC001,OP1001,2026-09-16 14:45:00,1572.2,195.4,64,7,Fastened,False
1569,EXC002,OP1008,2026-09-16 07:00:00,2884.45,17.01,3,2,Unfastened,False
1570,EXC002,OP1008,2026-09-16 07:15:00,2884.7,36.83,5,0,Fastened,False
1571,EXC002,OP1008,2026-09-16 07:30:00,2884.95,54.89,7,7,Fastened,False
1572,EXC002,OP1008,2026-09-16 07:45:00,2885.2,69.7,9,3,Fastened,False
1573,EXC002,OP1008,2026-09-16 08:00:00,2885.45,88.25,11,9,Fastened,False
1574,EXC002,OP1008,2026-09-16 08:15:00,2885.7,104.97,12,4,Fastened,False
1575,EXC002,OP1008,2026-09-16 08:30:00,2885.95,123.47,13,5,Unfastened,False
1576,EXC002,OP1008,2026-09-16 08:45:00,2886.2,136.01,16,1,Fastened,False
1577,EXC002,OP1008,2026-09-16 09:00:00,2886.45,153.19,17,1,Unfastened,True
1578,EXC002,OP1008,2026-09-16 09:15:00,2886.7,171.47,19,2,Fastened,False
1579,EXC002,OP1008,2026-09-16 09:30:00,2886.85,172.75,19,30,Fastened,False
1580,EXC002,OP1008,2026-09-16 09:45:00,2887.1,190.55,22,0,Fastened,False
1581,EXC002,OP1008,2026-09-16 10:00:00,2887.35,206.54,25,9,Fastened,False
1582,EXC002,OP1008,2026-09-16 10:15:00,2887.6,216.77,28,8,Fastened,False
1583,EXC002,OP1008,2026-09-16 10:30:00,2887.85,233.09,31,6,Fastened,False
1584,EXC002,OP1008,2026-09-16 10:45:00,2888.1,250.54,33,5,Fastened,False
1585,EXC002,OP1008,2026-09-16 11:00:00,2888.35,267.28,34,3,Fastened,False
1586,EXC002,OP1008,2026-09-16 11:15:00,2888.6,280.79,36,4,Fastened,False
1587,EXC002,OP1008,2026-09-16 11:30:00,2888.85,297.36,38,4,Fastened,False
1588,EXC002,OP1008,2026-09-16 11:45:00,2889.1,315.8,39,15,Fastened,False
1589,EXC002,OP1008,2026-09-16 12:00:00,2889.35,327.26,41,5,Fastened,False
1590,EXC002,OP1008,2026-09-16 12:15:00,2889.5,328.84,41,32,Unfastened,True
1591,EXC002,OP1008,2026-09-16 12:30:00,2889.75,339.47,43,2,Fastened,False
1592,EXC002,OP1008,2026-09-16 12:45:00,2890.0,352.36,45,7,Fastened,False
1593,EXC002,OP1008,2026-09-16 13:00:00,2890.25,367.1,47,6,Fastened,False
1594,EXC002,OP1008,2026-09-16 13:15:00,2890.5,377.35,48,2,Fastened,False
1595,EXC002,OP1008,2026-09-16 13:30:00,2890.75,394.62,50,1,Fastened,False
1596,EXC002,OP1008,2026-09-16 13:45:00,2891.0,411.87,51,2,Fastened,False
1597,EXC002,OP1008,2026-09-16 14:00:00,2891.25,425.6,53,4,Fastened,False
1598,EXC002,OP1008,2026-09-16 14:15:00,2891.5,445.38,56,8,Fastened,False
1599,EXC002,OP1008,2026-09-16 14:30:00,2891.75,459.31,59,0,Fastened,False
1600,EXC002,OP1008,2026-09-16 14:45:00,2892.0,478.25,62,2,Fastened,False
1601,EXC003,OP1009,2026-09-16 07:00:00,466.65,8.97,3,3,Fastened,False
1602,EXC003,OP1009,2026-09-16 07:15:00,466.9,14.22,5,6,Fastened,False
1603,EXC003,OP1009,2026-09-16 07:30:00,467.15,19.41,6,6,Fastened,False
1604,EXC003,OP1009,2026-09-16 07:45:00,467.3,21.67,6,37,Fastened,False
1605,EXC003,OP1009,2026-09-16 08:00:00,467.55,29.64,8,2,Fastened,False
1606,EXC003,OP1009,2026-09-16 08:15:00,467.8,38.88,10,9,Unfastened,False
1607,EXC003,OP1009,2026-09-16 08:30:00,468.05,44.97,11,4,Fastened,False
1608,EXC003,OP1009,2026-09-16 08:45:00,468.3,50.13,12,18,Fastened,False
1609,EXC003,OP1009,2026-09-16 09:00:00,468.55,57.37,14,3,Fastened,False
1610,EXC003,OP1009,2026-09-16 09:15:00,468.8,66.64,17,8,Fastened,False
1611,EXC003,OP1009,2026-09-16 09:30:00,469.05,73.68,19,7,Unfastened,True
1612,EXC003,OP1009,2026-09-16 09:45:00,469.3,82.08,20,8,Unfastened,True
1613,EXC003,OP1009,2026-09-16 10:00:00,469.55,89.78,22,4,Unfastened,True
1614,EXC003,OP1009,2026-09-16 10:15:00,469.8,94.38,24,4,Unfastened,True
1615,EXC003,OP1009,2026-09-16 10:30:00,470.05,99.62,25,6,Unfastened,True
1616,EXC003,OP1009,2026-09-16 10:45:00,470.3,108.29,27,5,Unfastened,True
1617,EXC003,OP1009,2026-09-16 11:00:00,470.55,116.44,28,3,Fastened,False
1618,EXC003,OP1009,2026-09-16 11:15:00,470.8,121.83,31,1,Fastened,False
1619,EXC003,OP1009,2026-09-16 11:30:00,471.05,127.18,33,9,Fastened,False
1620,EXC003,OP1009,2026-09-16 11:45:00,471.3,136.44,36,2,Fastened,False
1621,EXC003,OP1009,2026-09-16 12:00:00,471.55,144.56,38,5,Unfastened,True
1622,EXC003,OP1009,2026-09-16 12:15:00,471.8,149.15,41,7,Fastened,False
1623,EXC003,OP1009,2026-09-16 12:30:00,472.05,156.6,44,7,Fastened,False
1624,EXC003,OP1009,2026-09-16 12:45:00,472.2,158.78,44,31,Fastened,False
1625,EXC003,OP1009,2026-09-16 13:00:00,472.35,161.26,44,23,Fastened,False
1626,EXC003,OP1009,2026-09-16 13:15:00,472.6,168.65,46,1,Fastened,False
1627,EXC003,OP1009,2026-09-16 13:30:00,472.85,175.4,48,3,Fastened,False
1628,EXC003,OP1009,2026-09-16 13:45:00,473.1,180.9,50,1,Fastened,False
1629,EXC003,OP1009,2026-09-16 14:00:00,473.35,188.84,51,5,Fastened,False
1630,EXC003,OP1009,2026-09-16 14:15:00,473.6,197.43,54,8,Fastened,False
1631,EXC003,OP1009,2026-09-16 14:30:00,473.85,202.78,57,4,Fastened,False
1632,EXC003,OP1009,2026-09-16 14:45:00,474.1,208.55,60,6,Fastened,False
1633,LDR001,OP1010,2026-09-16 07:00:00,1023.95,5.24,2,7,Fastened,False
1634,LDR001,OP1010,2026-09-16 07:15:00,1024.1,7.21,2,24,Fastened,False
1635,LDR001,OP1010,2026-09-16 07:30:00,1024.35,15.94,4,6,Fastened,False
1636,LDR001,OP1010,2026-09-16 07:45:00,1024.6,24.55,5,7,Fastened,False
1637,LDR001,OP1010,2026-09-16 08:00:00,1024.85,31.95,8,6,Fastened,False
1638,LDR001,OP1010,2026-09-16 08:15:00,1025.1,37.75,10,4,Fastened,False
1639,LDR001,OP1010,2026-09-16 08:30:00,1025.35,45.22,11,6,Fastened,False
1640,LDR001,OP1010,2026-09-16 08:45:00,1025.5,47.0,11,46,Fastened,False
1641,LDR001,OP1010,2026-09-16 09:00:00,1025.75,56.31,12,1,Fastened,False
1642,LDR001,OP1010,2026-09-16 09:15:00,1026.0,62.47,14,1,Fastened,False
1643,LDR001,OP1010,2026-09-16 09:30:00,1026.25,68.47,17,2,Fastened,False
1644,LDR001,OP1010,2026-09-16 09:45:00,1026.5,76.5,20,7,Fastened,False
1645,LDR001,OP1010,2026-09-16 10:00:00,1026.65,78.77,20,38,Fastened,False
1646,LDR001,OP1010,2026-09-16 10:15:00,1026.9,85.27,22,8,Fastened,False
1647,LDR001,OP1010,2026-09-16 10:30:00,1027.15,92.57,23,1,Fastened,False
1648,LDR001,OP1010,2026-09-16 10:45:00,1027.3,94.28,23,34,Fastened,False
1649,LDR001,OP1010,2026-09-16 11:00:00,1027.55,99.45,26,4,Fastened,False
1650,LDR001,OP1010,2026-09-16 11:15:00,1027.8,108.1,27,9,Fastened,False
1651,LDR001,OP1010,2026-09-16 11:30:00,1028.05,113.51,28,9,Fastened,False
1652,LDR001,OP1010,2026-09-16 11:45:00,1028.3,121.03,31,0,Fastened,False
1653,LDR001,OP1010,2026-09-16 12:00:00,1028.55,127.54,34,3,Fastened,False
1654,LDR001,OP1010,2026-09-16 12:15:00,1028.8,136.74,37,9,Fastened,False
1655,LDR001,OP1010,2026-09-16 12:30:00,1029.05,142.98,39,9,Unfastened,True
1656,LDR001,OP1010,2026-09-16 12:45:00,1029.3,149.02,42,4,Fastened,False
1657,LDR001,OP1010,2026-09-16 13:00:00,1029.55,155.3,44,5,Fastened,False
1658,LDR001,OP1010,2026-09-16 13:15:00,1029.8,162.31,47,8,Unfastened,True
1659,LDR001,OP1010,2026-09-16 13:30:00,1030.05,168.79,49,2,Fastened,False
1660,LDR001,OP1010,2026-09-16 13:45:00,1030.3,177.29,50,3,Fastened,False
1661,LDR001,OP1010,2026-09-16 14:00:00,1030.55,185.35,52,1,Fastened,False
1662,LDR001,OP1010,2026-09-16 14:15:00,1030.7,187.8,52,24,Fastened,False
1663,LDR001,OP1010,2026-09-16 14:30:00,1030.95,196.81,54,15,Fastened,False
1664,LDR001,OP1010,2026-09-16 14:45:00,1031.2,205.84,56,9,Fastened,False
1665,LDR002,OP1001,2026-09-16 07:00:00,1866.05,8.66,3,6,Fastened,False
1666,LDR002,OP1001,2026-09-16 07:15:00,1866.3,14.67,4,0,Fastened,False
1667,LDR002,OP1001,2026-09-16 07:30:00,1866.55,23.5,7,5,Fastened,False
1668,LDR002,OP1001,2026-09-16 07:45:00,1866.8,31.4,10,3,Fastened,False
1669,LDR002,OP1001,2026-09-16 08:00:00,1867.05,38.35,13,4,Fastened,False
1670,LDR002,OP1001,2026-09-16 08:15:00,1867.3,43.27,15,9,Fastened,False
1671,LDR002,OP1001,2026-09-16 08:30:00,1867.55,50.74,18,2,Fastened,False
1672,LDR002,OP1001,2026-09-16 08:45:00,1867.8,57.84,19,9,Fastened,False
1673,LDR002,OP1001,2026-09-16 09:00:00,1868.05,66.86,21,2,Fastened,False
1674,LDR002,OP1001,2026-09-16 09:15:00,1868.3,72.89,24,3,Fastened,False
1675,LDR002,OP1001,2026-09-16 09:30:00,1868.55,79.17,25,6,Fastened,False
1676,LDR002,OP1001,2026-09-16 09:45:00,1868.8,85.35,26,3,Fastened,False
1677,LDR002,OP1001,2026-09-16 10:00:00,1869.05,94.35,29,4,Fastened,False
1678,LDR002,OP1001,2026-09-16 10:15:00,1869.3,100.18,31,3,Fastened,False
1679,LDR002,OP1001,2026-09-16 10:30:00,1869.55,109.29,34,6,Fastened,False
1680,LDR002,OP1001,2026-09-16 10:45:00,1869.8,117.31,37,1,Fastened,False
1681,LDR002,OP1001,2026-09-16 11:00:00,1870.05,122.25,40,2,Fastened,False
1682,LDR002,OP1001,2026-09-16 11:15:00,1870.3,130.74,43,4,Fastened,False
1683,LDR002,OP1001,2026-09-16 11:30:00,1870.55,135.43,45,5,Fastened,False
1684,LDR002,OP1001,2026-09-16 11:45:00,1870.8,141.3,48,0,Fastened,False
1685,LDR002,OP1001,2026-09-16 12:00:00,1871.05,149.6,49,9,Fastened,False
1686,LDR002,OP1001,2026-09-16 12:15:00,1871.3,155.51,52,1,Fastened,False
1687,LDR002,OP1001,2026-09-16 12:30:00,1871.55,163.13,53,8,Fastened,False
1688,LDR002,OP1001,2026-09-16 12:45:00,1871.8,171.74,56,7,Fastened,False
1689,LDR002,OP1001,2026-09-16 13:00:00,1872.05,178.0,57,6,Unfastened,False
1690,LDR002,OP1001,2026-09-16 13:15:00,1872.3,186.31,58,1,Fastened,False
1691,LDR002,OP1001,2026-09-16 13:30:00,1872.55,193.09,59,9,Fastened,False
1692,LDR002,OP1001,2026-09-16 13:45:00,1872.8,202.05,61,4,Fastened,False
1693,LDR002,OP1001,2026-09-16 14:00:00,1873.05,208.08,62,9,Fastened,False
1694,LDR002,OP1001,2026-09-16 14:15:00,1873.2,209.47,62,22,Fastened,False
1695,LDR002,OP1001,2026-09-16 14:30:00,1873.45,216.05,64,1,Fastened,False
1696,LDR002,OP1001,2026-09-16 14:45:00,1873.7,222.37,65,1,Fastened,False
1697,DOZ001,OP1002,2026-09-16 07:00:00,3456.75,8.24,1,8,Fastened,False
1698,DOZ001,OP1002,2026-09-16 07:15:00,3457.0,16.52,2,9,Fastened,False
1699,DOZ001,OP1002,2026-09-16 07:30:00,3457.25,21.89,3,8,Fastened,False
1700,DOZ001,OP1002,2026-09-16 07:45:00,3457.5,26.61,4,8,Fastened,False
1701,DOZ001,OP1002,2026-09-16 08:00:00,3457.75,31.77,5,4,Fastened,False
1702,DOZ001,OP1002,2026-09-16 08:15:00,3458.0,37.01,7,6,Fastened,False
1703,DOZ001,OP1002,2026-09-16 08:30:00,3458.25,43.39,9,7,Fastened,False
1704,DOZ001,OP1002,2026-09-16 08:45:00,3458.4,45.49,9,37,Fastened,False
1705,DOZ001,OP1002,2026-09-16 09:00:00,3458.65,53.25,11,0,Fastened,False
1706,DOZ001,OP1002,2026-09-16 09:15:00,3458.9,58.57,13,3,Fastened,False
1707,DOZ001,OP1002,2026-09-16 09:30:00,3459.15,63.16,14,9,Fastened,False
1708,DOZ001,OP1002,2026-09-16 09:45:00,3459.4,68.98,17,9,Fastened,False
1709,DOZ001,OP1002,2026-09-16 10:00:00,3459.65,76.97,19,4,Fastened,False
1710,DOZ001,OP1002,2026-09-16 10:15:00,3459.9,85.86,20,1,Fastened,False
1711,DOZ001,OP1002,2026-09-16 10:30:00,3460.15,93.32,22,2,Fastened,False
1712,DOZ001,OP1002,2026-09-16 10:45:00,3460.4,98.63,25,0,Unfastened,True
1713,DOZ001,OP1002,2026-09-16 11:00:00,3460.65,103.31,26,13,Fastened,False
1714,DOZ001,OP1002,2026-09-16 11:15:00,3460.9,112.15,28,0,Fastened,False
1715,DOZ001,OP1002,2026-09-16 11:30:00,3461.15,119.24,31,8,Fastened,False
1716,DOZ001,OP1002,2026-09-16 11:45:00,3461.4,126.94,32,2,Fastened,False
1717,DOZ001,OP1002,2026-09-16 12:00:00,3461.65,134.01,35,0,Fastened,False
1718,DOZ001,OP1002,2026-09-16 12:15:00,3461.9,143.44,37,2,Fastened,False
1719,DOZ001,OP1002,2026-09-16 12:30:00,3462.05,145.14,37,35,Fastened,False
1720,DOZ001,OP1002,2026-09-16 12:45:00,3462.3,153.21,38,0,Fastened,False
1721,DOZ001,OP1002,2026-09-16 13:00:00,3462.55,160.6,40,3,Fastened,False
1722,DOZ001,OP1002,2026-09-16 13:15:00,3462.8,168.45,43,0,Fastened,False
1723,DOZ001,OP1002,2026-09-16 13:30:00,3463.05,176.32,44,9,Fastened,False
1724,DOZ001,OP1002,2026-09-16 13:45:00,3463.3,182.69,45,7,Fastened,False
1725,DOZ001,OP1002,2026-09-16 14:00:00,3463.45,184.1,45,28,Fastened,False
1726,DOZ001,OP1002,2026-09-16 14:15:00,3463.7,193.43,48,5,Fastened,False
1727,DOZ001,OP1002,2026-09-16 14:30:00,3463.95,199.13,50,3,Fastened,False
1728,DOZ001,OP1002,2026-09-16 14:45:00,3464.2,206.48,51,3,Fastened,False
1729,DOZ002,OP1003,2026-09-16 07:00:00,4166.05,9.05,3,3,Fastened,False
1730,DOZ002,OP1003,2026-09-16 07:15:00,4166.3,14.76,5,9,Fastened,False
1731,DOZ002,OP1003,2026-09-16 07:30:00,4166.45,17.0,5,39,Fastened,False
1732,DOZ002,OP1003,2026-09-16 07:45:00,4166.7,25.2,8,6,Fastened,False
1733,DOZ002,OP1003,2026-09-16 08:00:00,4166.95,31.01,10,1,Fastened,False
1734,DOZ002,OP1003,2026-09-16 08:15:00,4167.2,40.42,13,8,Fastened,False
1735,DOZ002,OP1003,2026-09-16 08:30:00,4167.45,49.79,16,8,Fastened,False
1736,DOZ002,OP1003,2026-09-16 08:45:00,4167.7,58.8,18,9,Fastened,False
1737,DOZ002,OP1003,2026-09-16 09:00:00,4167.95,64.67,19,5,Fastened,False
1738,DOZ002,OP1003,2026-09-16 09:15:00,4168.1,67.09,19,41,Fastened,False
1739,DOZ002,OP1003,2026-09-16 09:30:00,4168.35,75.52,20,3,Fastened,False
1740,DOZ002,OP1003,2026-09-16 09:45:00,4168.6,82.29,21,3,Fastened,False
1741,DOZ002,OP1003,2026-09-16 10:00:00,4168.85,88.0,24,8,Fastened,False
1742,DOZ002,OP1003,2026-09-16 10:15:00,4169.1,93.19,26,0,Fastened,False
1743,DOZ002,OP1003,2026-09-16 10:30:00,4169.35,97.69,29,13,Fastened,False
1744,DOZ002,OP1003,2026-09-16 10:45:00,4169.6,103.68,31,3,Fastened,False
1745,DOZ002,OP1003,2026-09-16 11:00:00,4169.85,108.46,32,7,Fastened,False
1746,DOZ002,OP1003,2026-09-16 11:15:00,4170.1,115.36,35,2,Fastened,False
1747,DOZ002,OP1003,2026-09-16 11:30:00,4170.35,123.18,36,7,Fastened,False
1748,DOZ002,OP1003,2026-09-16 11:45:00,4170.6,132.47,39,6,Fastened,False
1749,DOZ002,OP1003,2026-09-16 12:00:00,4170.85,137.48,41,4,Fastened,False
1750,DOZ002,OP1003,2026-09-16 12:15:00,4171.1,146.58,43,4,Fastened,False
1751,DOZ002,OP1003,2026-09-16 12:30:00,4171.25,149.08,43,46,Fastened,False
1752,DOZ002,OP1003,2026-09-16 12:45:00,4171.5,154.73,44,5,Fastened,False
1753,DOZ002,OP1003,2026-09-16 13:00:00,4171.65,157.06,44,22,Unfastened,True
1754,DOZ002,OP1003,2026-09-16 13:15:00,4171.9,164.15,45,7,Fastened,False
1755,DOZ002,OP1003,2026-09-16 13:30:00,4172.15,170.85,48,16,Fastened,False
1756,DOZ002,OP1003,2026-09-16 13:45:00,4172.4,178.87,50,9,Fastened,False
1757,DOZ002,OP1003,2026-09-16 14:00:00,4172.55,180.31,50,41,Fastened,False
1758,DOZ002,OP1003,2026-09-16 14:15:00,4172.8,188.94,53,3,Fastened,False
1759,DOZ002,OP1003,2026-09-16 14:30:00,4173.05,194.22,54,4,Unfastened,True
1760,DOZ002,OP1003,2026-09-16 14:45:00,4173.3,202.95,55,2,Fastened,False
1761,TRK001,OP1004,2026-09-16 07:00:00,2196.35,4.73,1,1,Fastened,False
1762,TRK001,OP1004,2026-09-16 07:15:00,2196.6,13.72,2,3,Fastened,False
1763,TRK001,OP1004,2026-09-16 07:30:00,2196.85,19.51,4,7,Fastened,False
1764,TRK001,OP1004,2026-09-16 07:45:00,2197.1,27.12,7,8,Fastened,False
1765,TRK001,OP1004,2026-09-16 08:00:00,2197.35,36.21,8,8,Fastened,False
1766,TRK001,OP1004,2026-09-16 08:15:00,2197.6,40.73,11,6,Fastened,False
1767,TRK001,OP1004,2026-09-16 08:30:00,2197.85,46.61,12,6,Fastened,False
1768,TRK001,OP1004,2026-09-16 08:45:00,2198.1,54.53,15,14,Fastened,False
1769,TRK001,OP1004,2026-09-16 09:00:00,2198.35,59.05,18,16,Fastened,False
1770,TRK001,OP1004,2026-09-16 09:15:00,2198.5,61.1,18,37,Fastened,False
1771,TRK001,OP1004,2026-09-16 09:30:00,2198.75,68.24,19,9,Fastened,False
1772,TRK001,OP1004,2026-09-16 09:45:00,2199.0,74.98,22,3,Fastened,False
1773,TRK001,OP1004,2026-09-16 10:00:00,2199.25,83.72,23,9,Fastened,False
1774,TRK001,OP1004,2026-09-16 10:15:00,2199.5,92.4,25,6,Fastened,False
1775,TRK001,OP1004,2026-09-16 10:30:00,2199.75,100.28,26,1,Fastened,False
1776,TRK001,OP1004,2026-09-16 10:45:00,2200.0,108.12,28,2,Fastened,False
1777,TRK001,OP1004,2026-09-16 11:00:00,2200.25,113.88,29,2,Fastened,False
1778,TRK001,OP1004,2026-09-16 11:15:00,2200.5,122.76,32,4,Fastened,False
1779,TRK001,OP1004,2026-09-16 11:30:00,2200.75,128.29,34,6,Fastened,False
1780,TRK001,OP1004,2026-09-16 11:45:00,2201.0,135.84,37,2,Fastened,False
1781,TRK001,OP1004,2026-09-16 12:00:00,2201.25,141.5,40,8,Fastened,False
1782,TRK001,OP1004,2026-09-16 12:15:00,2201.5,150.5,41,6,Fastened,False
1783,TRK001,OP1004,2026-09-16 12:30:00,2201.75,156.13,44,0,Fastened,False
1784,TRK001,OP1004,2026-09-16 12:45:00,2202.0,161.67,47,4,Fastened,False
1785,TRK001,OP1004,2026-09-16 13:00:00,2202.25,169.54,50,1,Fastened,False
1786,TRK001,OP1004,2026-09-16 13:15:00,2202.5,178.9,51,0,Fastened,False
1787,TRK001,OP1004,2026-09-16 13:30:00,2202.75,185.78,54,2,Fastened,False
1788,TRK001,OP1004,2026-09-16 13:45:00,2203.0,192.49,55,1,Fastened,False
1789,TRK001,OP1004,2026-09-16 14:00:00,2203.25,199.76,57,6,Fastened,False
1790,TRK001,OP1004,2026-09-16 14:15:00,2203.4,201.78,57,37,Fastened,False
1791,TRK001,OP1004,2026-09-16 14:30:00,2203.65,209.45,60,8,Fastened,False
1792,TRK001,OP1004,2026-09-16 14:45:00,2203.9,218.26,61,1,Fastened,False
1793,EXC001,OP1008,2026-09-17 07:00:00,1572.45,4.75,1,3,Fastened,False
1794,EXC001,OP1008,2026-09-17 07:15:00,1572.6,6.99,1,23,Fastened,False
1795,EXC001,OP1008,2026-09-17 07:30:00,1572.85,15.74,4,3,Fastened,False
1796,EXC001,OP1008,2026-09-17 07:45:00,1573.1,24.11,7,3,Fastened,False
1797,EXC001,OP1008,2026-09-17 08:00:00,1573.35,28.99,10,1,Fastened,False
1798,EXC001,OP1008,2026-09-17 08:15:00,1573.6,35.23,12,3,Fastened,False
1799,EXC001,OP1008,2026-09-17 08:30:00,1573.85,41.37,15,6,Fastened,False
1800,EXC001,OP1008,2026-09-17 08:45:00,1574.1,49.22,17,2,Fastened,False
1801,EXC001,OP1008,2026-09-17 09:00:00,1574.35,54.88,18,9,Fastened,False
1802,EXC001,OP1008,2026-09-17 09:15:00,1574.6,63.4,20,9,Fastened,False
1803,EXC001,OP1008,2026-09-17 09:30:00,1574.85,70.16,22,9,Fastened,False
1804,EXC001,OP1008,2026-09-17 09:45:00,1575.1,75.44,23,4,Fastened,False
1805,EXC001,OP1008,2026-09-17 10:00:00,1575.35,82.09,24,5,Fastened,False
1806,EXC001,OP1008,2026-09-17 10:15:00,1575.5,83.57,24,36,Fastened,False
1807,EXC001,OP1008,2026-09-17 10:30:00,1575.75,92.26,26,1,Fastened,False
1808,EXC001,OP1008,2026-09-17 10:45:00,1576.0,97.99,28,2,Fastened,False
1809,EXC001,OP1008,2026-09-17 11:00:00,1576.25,106.26,29,5,Fastened,False
1810,EXC001,OP1008,2026-09-17 11:15:00,1576.4,107.7,29,35,Fastened,False
1811,EXC001,OP1008,2026-09-17 11:30:00,1576.65,114.62,32,6,Fastened,False
1812,EXC001,OP1008,2026-09-17 11:45:00,1576.9,122.14,33,2,Unfastened,False
1813,EXC001,OP1008,2026-09-17 12:00:00,1577.15,130.74,34,0,Fastened,False
1814,EXC001,OP1008,2026-09-17 12:15:00,1577.4,136.52,36,9,Fastened,False
1815,EXC001,OP1008,2026-09-17 12:30:00,1577.65,145.05,39,7,Fastened,False
1816,EXC001,OP1008,2026-09-17 12:45:00,1577.9,152.06,40,7,Fastened,False
1817,EXC001,OP1008,2026-09-17 13:00:00,1578.15,160.92,43,7,Fastened,False
1818,EXC001,OP1008,2026-09-17 13:15:00,1578.4,166.58,46,2,Fastened,False
1819,EXC001,OP1008,2026-09-17 13:30:00,1578.65,176.0,47,2,Fastened,False
1820,EXC001,OP1008,2026-09-17 13:45:00,1578.9,183.91,48,9,Fastened,False
1821,EXC001,OP1008,2026-09-17 14:00:00,1579.15,190.74,49,8,Fastened,False
1822,EXC001,OP1008,2026-09-17 14:15:00,1579.4,197.57,50,7,Fastened,False
1823,EXC001,OP1008,2026-09-17 14:30:00,1579.65,202.95,51,8,Fastened,False
1824,EXC001,OP1008,2026-09-17 14:45:00,1579.9,211.31,53,3,Fastened,False
1825,EXC002,OP1009,2026-09-17 07:00:00,2892.25,5.01,2,3,Fastened,False
1826,EXC002,OP1009,2026-09-17 07:15:00,2892.5,9.68,5,7,Fastened,False
1827,EXC002,OP1009,2026-09-17 07:30:00,2892.75,18.07,8,12,Fastened,False
1828,EXC002,OP1009,2026-09-17 07:45:00,2892.9,20.04,8,42,Fastened,False
1829,EXC002,OP1009,2026-09-17 08:00:00,2893.15,26.04,9,6,Fastened,False
1830,EXC002,OP1009,2026-09-17 08:15:00,2893.4,32.72,10,9,Fastened,False
1831,EXC002,OP1009,2026-09-17 08:30:00,2893.55,34.95,10,27,Fastened,False
1832,EXC002,OP1009,2026-09-17 08:45:00,2893.8,39.84,11,9,Fastened,False
1833,EXC002,OP1009,2026-09-17 09:00:00,2894.05,46.29,12,15,Fastened,False
1834,EXC002,OP1009,2026-09-17 09:15:00,2894.3,52.74,15,7,Fastened,False
1835,EXC002,OP1009,2026-09-17 09:30:00,2894.55,59.33,18,3,Fastened,False
1836,EXC002,OP1009,2026-09-17 09:45:00,2894.8,65.29,20,5,Fastened,False
1837,EXC002,OP1009,2026-09-17 10:00:00,2895.05,71.84,21,9,Fastened,False
1838,EXC002,OP1009,2026-09-17 10:15:00,2895.3,80.8,22,7,Fastened,False
1839,EXC002,OP1009,2026-09-17 10:30:00,2895.55,86.33,25,7,Fastened,False
1840,EXC002,OP1009,2026-09-17 10:45:00,2895.8,95.38,27,5,Fastened,False
1841,EXC002,OP1009,2026-09-17 11:00:00,2896.05,103.23,29,3,Fastened,False
1842,EXC002,OP1009,2026-09-17 11:15:00,2896.3,112.02,31,5,Fastened,False
1843,EXC002,OP1009,2026-09-17 11:30:00,2896.55,118.52,33,2,Unfastened,False
1844,EXC002,OP1009,2026-09-17 11:45:00,2896.8,123.72,36,4,Fastened,False
1845,EXC002,OP1009,2026-09-17 12:00:00,2897.05,128.78,38,2,Fastened,False
1846,EXC002,OP1009,2026-09-17 12:15:00,2897.2,131.26,38,42,Fastened,False
1847,EXC002,OP1009,2026-09-17 12:30:00,2897.45,139.2,39,6,Fastened,False
1848,EXC002,OP1009,2026-09-17 12:45:00,2897.7,144.7,40,6,Fastened,False
1849,EXC002,OP1009,2026-09-17 13:00:00,2897.95,153.93,43,2,Fastened,False
1850,EXC002,OP1009,2026-09-17 13:15:00,2898.2,158.75,44,4,Fastened,False
1851,EXC002,OP1009,2026-09-17 13:30:00,2898.45,164.51,46,2,Fastened,False
1852,EXC002,OP1009,2026-09-17 13:45:00,2898.7,173.07,48,1,Fastened,False
1853,EXC002,OP1009,2026-09-17 14:00:00,2898.95,178.83,51,8,Unfastened,True
1854,EXC002,OP1009,2026-09-17 14:15:00,2899.2,185.11,52,0,Fastened,False
1855,EXC002,OP1009,2026-09-17 14:30:00,2899.45,191.59,53,4,Fastened,False
1856,EXC002,OP1009,2026-09-17 14:45:00,2899.7,199.84,55,8,Fastened,False
1857,EXC003,OP1010,2026-09-17 07:00:00,474.35,9.0,3,4,Fastened,False
1858,EXC003,OP1010,2026-09-17 07:15:00,474.5,10.84,3,24,Fastened,False
1859,EXC003,OP1010,2026-09-17 07:30:00,474.75,19.46,4,0,Fastened,False
1860,EXC003,OP1010,2026-09-17 07:45:00,475.0,27.65,5,8,Fastened,False
1861,EXC003,OP1010,2026-09-17 08:00:00,475.25,32.93,8,7,Fastened,False
1862,EXC003,OP1010,2026-09-17 08:15:00,475.5,40.07,9,0,Fastened,False
1863,EXC003,OP1010,2026-09-17 08:30:00,475.75,44.79,10,2,Fastened,False
1864,EXC003,OP1010,2026-09-17 08:45:00,476.0,52.56,13,3,Fastened,False
1865,EXC003,OP1010,2026-09-17 09:00:00,476.25,57.95,16,1,Fastened,False
1866,EXC003,OP1010,2026-09-17 09:15:00,476.5,64.28,17,1,Fastened,False
1867,EXC003,OP1010,2026-09-17 09:30:00,476.75,71.11,20,7,Fastened,False
1868,EXC003,OP1010,2026-09-17 09:45:00,477.0,78.2,22,0,Fastened,False
1869,EXC003,OP1010,2026-09-17 10:00:00,477.25,83.02,23,1,Fastened,False
1870,EXC003,OP1010,2026-09-17 10:15:00,477.5,92.42,25,7,Fastened,False
1871,EXC003,OP1010,2026-09-17 10:30:00,477.75,99.48,26,9,Fastened,False
1872,EXC003,OP1010,2026-09-17 10:45:00,478.0,106.86,29,9,Fastened,False
1873,EXC003,OP1010,2026-09-17 11:00:00,478.25,113.67,32,1,Fastened,False
1874,EXC003,OP1010,2026-09-17 11:15:00,478.5,119.67,34,1,Fastened,False
1875,EXC003,OP1010,2026-09-17 11:30:00,478.75,129.02,37,2,Fastened,False
1876,EXC003,OP1010,2026-09-17 11:45:00,479.0,137.43,40,5,Fastened,False
1877,EXC003,OP1010,2026-09-17 12:00:00,479.25,143.56,43,2,Fastened,False
1878,EXC003,OP1010,2026-09-17 12:15:00,479.5,151.45,45,1,Fastened,False
1879,EXC003,OP1010,2026-09-17 12:30:00,479.75,157.31,48,5,Fastened,False
1880,EXC003,OP1010,2026-09-17 12:45:00,480.0,162.91,51,1,Fastened,False
1881,EXC003,OP1010,2026-09-17 13:00:00,480.25,171.61,52,2,Fastened,False
1882,EXC003,OP1010,2026-09-17 13:15:00,480.5,179.61,54,3,Fastened,False
1883,EXC003,OP1010,2026-09-17 13:30:00,480.65,181.66,54,34,Fastened,False
1884,EXC003,OP1010,2026-09-17 13:45:00,480.9,187.69,55,6,Fastened,False
1885,EXC003,OP1010,2026-09-17 14:00:00,481.15,193.31,58,6,Fastened,False
1886,EXC003,OP1010,2026-09-17 14:15:00,481.4,199.83,61,2,Fastened,False
1887,EXC003,OP1010,2026-09-17 14:30:00,481.65,206.13,64,4,Fastened,False
1888,EXC003,OP1010,2026-09-17 14:45:00,481.9,214.99,67,1,Fastened,False
1889,LDR001,OP1001,2026-09-17 07:00:00,1031.35,2.04,0,23,Fastened,False
1890,LDR001,OP1001,2026-09-17 07:15:00,1031.5,4.32,0,27,Fastened,False
1891,LDR001,OP1001,2026-09-17 07:30:00,1031.75,10.47,1,6,Fastened,False
1892,LDR001,OP1001,2026-09-17 07:45:00,1031.9,12.19,1,25,Fastened,False
1893,LDR001,OP1001,2026-09-17 08:00:00,1032.15,20.3,4,7,Unfastened,False
1894,LDR001,OP1001,2026-09-17 08:15:00,1032.4,29.53,6,5,Fastened,False
1895,LDR001,OP1001,2026-09-17 08:30:00,1032.55,31.13,6,38,Fastened,False
1896,LDR001,OP1001,2026-09-17 08:45:00,1032.8,37.72,7,17,Fastened,False
1897,LDR001,OP1001,2026-09-17 09:00:00,1033.05,44.88,10,9,Fastened,False
1898,LDR001,OP1001,2026-09-17 09:15:00,1033.3,53.27,11,2,Fastened,False
1899,LDR001,OP1001,2026-09-17 09:30:00,1033.55,59.7,13,2,Fastened,False
1900,LDR001,OP1001,2026-09-17 09:45:00,1033.7,61.07,13,24,Fastened,False
1901,LDR001,OP1001,2026-09-17 10:00:00,1033.95,66.12,16,7,Fastened,False
1902,LDR001,OP1001,2026-09-17 10:15:00,1034.2,72.56,17,7,Fastened,False
1903,LDR001,OP1001,2026-09-17 10:30:00,1034.35,74.85,17,37,Fastened,False
1904,LDR001,OP1001,2026-09-17 10:45:00,1034.6,80.39,20,14,Fastened,False
1905,LDR001,OP1001,2026-09-17 11:00:00,1034.85,87.34,23,7,Fastened,False
1906,LDR001,OP1001,2026-09-17 11:15:00,1035.1,94.32,26,9,Fastened,False
1907,LDR001,OP1001,2026-09-17 11:30:00,1035.35,102.83,27,6,Fastened,False
1908,LDR001,OP1001,2026-09-17 11:45:00,1035.6,109.26,29,5,Fastened,False
1909,LDR001,OP1001,2026-09-17 12:00:00,1035.85,118.24,31,0,Fastened,False
1910,LDR001,OP1001,2026-09-17 12:15:00,1036.1,122.91,33,2,Fastened,False
1911,LDR001,OP1001,2026-09-17 12:30:00,1036.35,127.82,34,7,Fastened,False
1912,LDR001,OP1001,2026-09-17 12:45:00,1036.6,136.62,37,5,Fastened,False
1913,LDR001,OP1001,2026-09-17 13:00:00,1036.85,143.52,38,18,Fastened,False
1914,LDR001,OP1001,2026-09-17 13:15:00,1037.1,149.63,39,7,Fastened,False
1915,LDR001,OP1001,2026-09-17 13:30:00,1037.25,151.11,39,46,Fastened,False
1916,LDR001,OP1001,2026-09-17 13:45:00,1037.5,159.18,40,6,Fastened,False
1917,LDR001,OP1001,2026-09-17 14:00:00,1037.75,164.47,42,7,Fastened,False
1918,LDR001,OP1001,2026-09-17 14:15:00,1038.0,169.4,43,7,Fastened,False
1919,LDR001,OP1001,2026-09-17 14:30:00,1038.25,174.14,44,8,Fastened,False
1920,LDR001,OP1001,2026-09-17 14:45:00,1038.5,182.86,45,2,Unfastened,True
1921,LDR002,OP1002,2026-09-17 07:00:00,1873.95,8.09,3,2,Fastened,False
1922,LDR002,OP1002,2026-09-17 07:15:00,1874.2,14.32,4,5,Fastened,False
1923,LDR002,OP1002,2026-09-17 07:30:00,1874.45,19.34,5,7,Fastened,False
1924,LDR002,OP1002,2026-09-17 07:45:00,1874.7,24.1,7,8,Fastened,False
1925,LDR002,OP1002,2026-09-17 08:00:00,1874.95,32.42,8,7,Fastened,False
1926,LDR002,OP1002,2026-09-17 08:15:00,1875.2,40.66,11,2,Fastened,False
1927,LDR002,OP1002,2026-09-17 08:30:00,1875.45,49.77,14,0,Fastened,False
1928,LDR002,OP1002,2026-09-17 08:45:00,1875.7,55.41,16,2,Fastened,False
1929,LDR002,OP1002,2026-09-17 09:00:00,1875.95,60.5,19,1,Fastened,False
1930,LDR002,OP1002,2026-09-17 09:15:00,1876.2,66.42,22,9,Fastened,False
1931,LDR002,OP1002,2026-09-17 09:30:00,1876.45,71.15,24,7,Fastened,False
1932,LDR002,OP1002,2026-09-17 09:45:00,1876.7,78.03,27,1,Fastened,False
1933,LDR002,OP1002,2026-09-17 10:00:00,1876.95,84.11,30,5,Fastened,False
1934,LDR002,OP1002,2026-09-17 10:15:00,1877.2,93.19,33,9,Unfastened,False
1935,LDR002,OP1002,2026-09-17 10:30:00,1877.45,101.88,34,9,Fastened,False
1936,LDR002,OP1002,2026-09-17 10:45:00,1877.7,109.87,37,8,Fastened,False
1937,LDR002,OP1002,2026-09-17 11:00:00,1877.95,117.22,39,0,Fastened,False
1938,LDR002,OP1002,2026-09-17 11:15:00,1878.2,124.86,41,6,Fastened,False
1939,LDR002,OP1002,2026-09-17 11:30:00,1878.45,130.53,42,2,Fastened,False
1940,LDR002,OP1002,2026-09-17 11:45:00,1878.7,135.18,44,7,Fastened,False
1941,LDR002,OP1002,2026-09-17 12:00:00,1878.95,142.41,46,0,Fastened,False
1942,LDR002,OP1002,2026-09-17 12:15:00,1879.2,147.01,49,5,Unfastened,True
1943,LDR002,OP1002,2026-09-17 12:30:00,1879.45,155.14,50,6,Fastened,False
1944,LDR002,OP1002,2026-09-17 12:45:00,1879.7,162.21,51,7,Fastened,False
1945,LDR002,OP1002,2026-09-17 13:00:00,1879.95,169.78,54,4,Fastened,False
1946,LDR002,OP1002,2026-09-17 13:15:00,1880.2,175.09,57,0,Fastened,False
1947,LDR002,OP1002,2026-09-17 13:30:00,1880.45,181.47,60,5,Fastened,False
1948,LDR002,OP1002,2026-09-17 13:45:00,1880.7,190.59,63,9,Fastened,False
1949,LDR002,OP1002,2026-09-17 14:00:00,1880.95,199.58,66,5,Fastened,False
1950,LDR002,OP1002,2026-09-17 14:15:00,1881.2,204.26,68,0,Fastened,False
1951,LDR002,OP1002,2026-09-17 14:30:00,1881.45,210.22,69,1,Fastened,False
1952,LDR002,OP1002,2026-09-17 14:45:00,1881.7,216.79,72,6,Fastened,False
1953,DOZ001,OP1003,2026-09-17 07:00:00,3464.45,6.37,2,6,Fastened,False
1954,DOZ001,OP1003,2026-09-17 07:15:00,3464.6,7.64,2,23,Fastened,False
1955,DOZ001,OP1003,2026-09-17 07:30:00,3464.85,16.62,5,7,Fastened,False
1956,DOZ001,OP1003,2026-09-17 07:45:00,3465.1,24.18,8,7,Fastened,False
1957,DOZ001,OP1003,2026-09-17 08:00:00,3465.25,26.67,8,46,Fastened,False
1958,DOZ001,OP1003,2026-09-17 08:15:00,3465.5,33.3,11,3,Fastened,False
1959,DOZ001,OP1003,2026-09-17 08:30:00,3465.75,39.26,12,0,Fastened,False
1960,DOZ001,OP1003,2026-09-17 08:45:00,3466.0,43.88,14,5,Fastened,False
1961,DOZ001,OP1003,2026-09-17 09:00:00,3466.15,45.57,14,28,Fastened,False
1962,DOZ001,OP1003,2026-09-17 09:15:00,3466.4,51.14,16,2,Fastened,False
1963,DOZ001,OP1003,2026-09-17 09:30:00,3466.65,56.84,19,9,Fastened,False
1964,DOZ001,OP1003,2026-09-17 09:45:00,3466.9,62.73,20,7,Fastened,False
1965,DOZ001,OP1003,2026-09-17 10:00:00,3467.15,71.24,23,0,Fastened,False
1966,DOZ001,OP1003,2026-09-17 10:15:00,3467.4,76.78,26,5,Fastened,False
1967,DOZ001,OP1003,2026-09-17 10:30:00,3467.55,78.26,26,26,Fastened,False
1968,DOZ001,OP1003,2026-09-17 10:45:00,3467.8,86.67,29,4,Fastened,False
1969,DOZ001,OP1003,2026-09-17 11:00:00,3468.05,94.82,30,4,Fastened,False
1970,DOZ001,OP1003,2026-09-17 11:15:00,3468.3,102.1,31,8,Unfastened,False
1971,DOZ001,OP1003,2026-09-17 11:30:00,3468.55,111.14,32,0,Fastened,False
1972,DOZ001,OP1003,2026-09-17 11:45:00,3468.8,118.15,34,3,Fastened,False
1973,DOZ001,OP1003,2026-09-17 12:00:00,3469.05,123.01,37,1,Fastened,False
1974,DOZ001,OP1003,2026-09-17 12:15:00,3469.3,128.21,38,7,Fastened,False
1975,DOZ001,OP1003,2026-09-17 12:30:00,3469.55,136.29,41,6,Fastened,False
1976,DOZ001,OP1003,2026-09-17 12:45:00,3469.8,145.23,43,2,Fastened,False
1977,DOZ001,OP1003,2026-09-17 13:00:00,3470.05,153.97,46,9,Fastened,False
1978,DOZ001,OP1003,2026-09-17 13:15:00,3470.3,161.38,48,8,Fastened,False
1979,DOZ001,OP1003,2026-09-17 13:30:00,3470.55,170.86,50,8,Fastened,False
1980,DOZ001,OP1003,2026-09-17 13:45:00,3470.8,178.02,52,2,Fastened,False
1981,DOZ001,OP1003,2026-09-17 14:00:00,3471.05,186.08,53,5,Fastened,False
1982,DOZ001,OP1003,2026-09-17 14:15:00,3471.3,192.58,56,3,Fastened,False
1983,DOZ001,OP1003,2026-09-17 14:30:00,3471.55,201.49,59,8,Fastened,False
1984,DOZ001,OP1003,2026-09-17 14:45:00,3471.8,207.82,60,5,Unfastened,True
1985,DOZ002,OP1004,2026-09-17 07:00:00,4173.55,7.87,1,8,Fastened,False
1986,DOZ002,OP1004,2026-09-17 07:15:00,4173.8,16.52,3,8,Fastened,False
1987,DOZ002,OP1004,2026-09-17 07:30:00,4174.05,21.18,4,3,Fastened,False
1988,DOZ002,OP1004,2026-09-17 07:45:00,4174.3,29.21,5,6,Fastened,False
1989,DOZ002,OP1004,2026-09-17 08:00:00,4174.55,35.97,6,8,Unfastened,False
1990,DOZ002,OP1004,2026-09-17 08:15:00,4174.8,41.66,8,1,Fastened,False
1991,DOZ002,OP1004,2026-09-17 08:30:00,4175.05,47.35,9,6,Fastened,False
1992,DOZ002,OP1004,2026-09-17 08:45:00,4175.3,56.76,11,4,Fastened,False
1993,DOZ002,OP1004,2026-09-17 09:00:00,4175.55,62.1,13,3,Fastened,False
1994,DOZ002,OP1004,2026-09-17 09:15:00,4175.8,67.07,15,6,Fastened,False
1995,DOZ002,OP1004,2026-09-17 09:30:00,4176.05,76.07,16,3,Fastened,False
1996,DOZ002,OP1004,2026-09-17 09:45:00,4176.3,83.29,18,19,Unfastened,True
1997,DOZ002,OP1004,2026-09-17 10:00:00,4176.55,88.57,20,1,Fastened,False
1998,DOZ002,OP1004,2026-09-17 10:15:00,4176.8,97.94,22,8,Fastened,False
1999,DOZ002,OP1004,2026-09-17 10:30:00,4177.05,102.49,24,7,Fastened,False
2000,DOZ002,OP1004,2026-09-17 10:45:00,4177.3,107.79,25,8,Fastened,False
2001,DOZ002,OP1004,2026-09-17 11:00:00,4177.55,114.36,26,3,Fastened,False
2002,DOZ002,OP1004,2026-09-17 11:15:00,4177.8,121.56,29,6,Fastened,False
2003,DOZ002,OP1004,2026-09-17 11:30:00,4178.05,129.79,32,9,Fastened,False
2004,DOZ002,OP1004,2026-09-17 11:45:00,4178.3,136.45,34,5,Fastened,False
2005,DOZ002,OP1004,2026-09-17 12:00:00,4178.55,144.35,35,0,Fastened,False
2006,DOZ002,OP1004,2026-09-17 12:15:00,4178.8,150.47,38,0,Fastened,False
2007,DOZ002,OP1004,2026-09-17 12:30:00,4179.05,158.6,41,3,Fastened,False
2008,DOZ002,OP1004,2026-09-17 12:45:00,4179.3,167.98,43,3,Fastened,False
2009,DOZ002,OP1004,2026-09-17 13:00:00,4179.55,173.37,45,0,Fastened,False
2010,DOZ002,OP1004,2026-09-17 13:15:00,4179.8,182.51,48,4,Fastened,False
2011,DOZ002,OP1004,2026-09-17 13:30:00,4180.05,187.22,51,5,Fastened,False
2012,DOZ002,OP1004,2026-09-17 13:45:00,4180.3,193.1,53,4,Fastened,False
2013,DOZ002,OP1004,2026-09-17 14:00:00,4180.55,199.41,55,8,Fastened,False
2014,DOZ002,OP1004,2026-09-17 14:15:00,4180.7,201.8,55,40,Fastened,False
2015,DOZ002,OP1004,2026-09-17 14:30:00,4180.95,210.71,57,8,Fastened,False
2016,DOZ002,OP1004,2026-09-17 14:45:00,4181.2,216.56,60,1,Fastened,False
2017,TRK001,OP1005,2026-09-17 07:00:00,2204.15,5.35,2,9,Fastened,False
2018,TRK001,OP1005,2026-09-17 07:15:00,2204.4,10.35,4,2,Fastened,False
2019,TRK001,OP1005,2026-09-17 07:30:00,2204.65,15.7,7,3,Fastened,False
2020,TRK001,OP1005,2026-09-17 07:45:00,2204.9,21.27,8,8,Fastened,False
2021,TRK001,OP1005,2026-09-17 08:00:00,2205.15,29.89,9,1,Fastened,False
2022,TRK001,OP1005,2026-09-17 08:15:00,2205.4,38.57,11,9,Fastened,False
2023,TRK001,OP1005,2026-09-17 08:30:00,2205.65,44.19,12,0,Fastened,False
2024,TRK001,OP1005,2026-09-17 08:45:00,2205.9,51.6,13,10,Fastened,False
2025,TRK001,OP1005,2026-09-17 09:00:00,2206.15,60.89,16,9,Fastened,False
2026,TRK001,OP1005,2026-09-17 09:15:00,2206.4,65.72,17,2,Fastened,False
2027,TRK001,OP1005,2026-09-17 09:30:00,2206.65,71.08,19,3,Fastened,False
2028,TRK001,OP1005,2026-09-17 09:45:00,2206.9,78.92,21,4,Fastened,False
2029,TRK001,OP1005,2026-09-17 10:00:00,2207.15,86.69,23,14,Fastened,False
2030,TRK001,OP1005,2026-09-17 10:15:00,2207.4,95.62,24,2,Fastened,False
2031,TRK001,OP1005,2026-09-17 10:30:00,2207.65,102.03,26,5,Fastened,False
2032,TRK001,OP1005,2026-09-17 10:45:00,2207.9,111.25,27,1,Fastened,False
2033,TRK001,OP1005,2026-09-17 11:00:00,2208.15,117.06,28,7,Fastened,False
2034,TRK001,OP1005,2026-09-17 11:15:00,2208.3,118.49,28,36,Fastened,False
2035,TRK001,OP1005,2026-09-17 11:30:00,2208.55,126.51,30,3,Fastened,False
2036,TRK001,OP1005,2026-09-17 11:45:00,2208.8,133.73,31,9,Fastened,False
2037,TRK001,OP1005,2026-09-17 12:00:00,2209.05,141.04,32,1,Fastened,False
2038,TRK001,OP1005,2026-09-17 12:15:00,2209.3,149.17,33,2,Fastened,False
2039,TRK001,OP1005,2026-09-17 12:30:00,2209.55,156.8,36,4,Fastened,False
2040,TRK001,OP1005,2026-09-17 12:45:00,2209.8,163.06,37,5,Fastened,False
2041,TRK001,OP1005,2026-09-17 13:00:00,2210.05,171.81,39,4,Fastened,False
2042,TRK001,OP1005,2026-09-17 13:15:00,2210.3,178.14,42,8,Fastened,False
2043,TRK001,OP1005,2026-09-17 13:30:00,2210.55,184.22,45,8,Fastened,False
2044,TRK001,OP1005,2026-09-17 13:45:00,2210.8,190.5,46,4,Fastened,False
2045,TRK001,OP1005,2026-09-17 14:00:00,2211.05,197.5,49,0,Fastened,False
2046,TRK001,OP1005,2026-09-17 14:15:00,2211.3,206.52,51,6,Fastened,False
2047,TRK001,OP1005,2026-09-17 14:30:00,2211.55,211.18,53,9,Fastened,False
2048,TRK001,OP1005,2026-09-17 14:45:00,2211.8,219.88,54,5,Fastened,False
2049,EXC001,OP1001,2026-09-18 07:00:00,1580.15,8.42,2,9,Unfastened,True
2050,EXC001,OP1001,2026-09-18 07:15:00,1580.4,16.5,4,7,Fastened,False
2051,EXC001,OP1001,2026-09-18 07:30:00,1580.55,17.89,4,43,Fastened,False
2052,EXC001,OP1001,2026-09-18 07:45:00,1580.8,27.05,5,1,Fastened,False
2053,EXC001,OP1001,2026-09-18 08:00:00,1581.05,32.72,8,0,Unfastened,True
2054,EXC001,OP1001,2026-09-18 08:15:00,1581.3,40.59,10,4,Fastened,False
2055,EXC001,OP1001,2026-09-18 08:30:00,1581.55,47.51,13,5,Fastened,False
2056,EXC001,OP1001,2026-09-18 08:45:00,1581.8,56.49,16,5,Fastened,False
2057,EXC001,OP1001,2026-09-18 09:00:00,1582.05,61.63,17,7,Fastened,False
2058,EXC001,OP1001,2026-09-18 09:15:00,1582.3,67.05,20,7,Fastened,False
2059,EXC001,OP1001,2026-09-18 09:30:00,1582.55,76.34,22,9,Fastened,False
2060,EXC001,OP1001,2026-09-18 09:45:00,1582.8,81.53,25,8,Fastened,False
2061,EXC001,OP1001,2026-09-18 10:00:00,1583.05,89.04,26,9,Fastened,False
2062,EXC001,OP1001,2026-09-18 10:15:00,1583.3,93.86,28,4,Fastened,False
2063,EXC001,OP1001,2026-09-18 10:30:00,1583.55,102.76,31,7,Fastened,False
2064,EXC001,OP1001,2026-09-18 10:45:00,1583.8,111.98,34,1,Fastened,False
2065,EXC001,OP1001,2026-09-18 11:00:00,1584.05,121.34,37,17,Fastened,False
2066,EXC001,OP1001,2026-09-18 11:15:00,1584.3,128.42,39,9,Fastened,False
2067,EXC001,OP1001,2026-09-18 11:30:00,1584.55,136.09,41,5,Fastened,False
2068,EXC001,OP1001,2026-09-18 11:45:00,1584.8,141.29,42,3,Fastened,False
2069,EXC001,OP1001,2026-09-18 12:00:00,1585.05,146.31,44,9,Fastened,False
2070,EXC001,OP1001,2026-09-18 12:15:00,1585.3,153.64,45,1,Fastened,False
2071,EXC001,OP1001,2026-09-18 12:30:00,1585.55,160.38,47,9,Unfastened,True
2072,EXC001,OP1001,2026-09-18 12:45:00,1585.8,169.04,50,1,Fastened,False
2073,EXC001,OP1001,2026-09-18 13:00:00,1586.05,177.86,51,9,Fastened,False
2074,EXC001,OP1001,2026-09-18 13:15:00,1586.3,184.32,52,8,Fastened,False
2075,EXC001,OP1001,2026-09-18 13:30:00,1586.55,190.36,54,7,Fastened,False
2076,EXC001,OP1001,2026-09-18 13:45:00,1586.8,195.85,56,1,Fastened,False
2077,EXC001,OP1001,2026-09-18 14:00:00,1587.05,203.57,59,4,Fastened,False
2078,EXC001,OP1001,2026-09-18 14:15:00,1587.3,213.06,62,4,Fastened,False
2079,EXC001,OP1001,2026-09-18 14:30:00,1587.55,219.59,64,4,Fastened,False
2080,EXC001,OP1001,2026-09-18 14:45:00,1587.8,224.91,66,7,Unfastened,False
2081,EXC002,OP1010,2026-09-18 07:00:00,2899.95,5.74,3,9,Fastened,False
2082,EXC002,OP1010,2026-09-18 07:15:00,2900.2,13.08,4,9,Fastened,False
2083,EXC002,OP1010,2026-09-18 07:30:00,2900.45,19.26,6,4,Fastened,False
2084,EXC002,OP1010,2026-09-18 07:45:00,2900.7,26.23,7,5,Fastened,False
2085,EXC002,OP1010,2026-09-18 08:00:00,2900.95,33.86,8,9,Fastened,False
2086,EXC002,OP1010,2026-09-18 08:15:00,2901.2,39.52,9,6,Fastened,False
2087,EXC002,OP1010,2026-09-18 08:30:00,2901.45,46.76,11,8,Fastened,False
2088,EXC002,OP1010,2026-09-18 08:45:00,2901.7,54.69,12,3,Fastened,False
2089,EXC002,OP1010,2026-09-18 09:00:00,2901.95,63.6,15,0,Fastened,False
2090,EXC002,OP1010,2026-09-18 09:15:00,2902.2,68.29,16,3,Fastened,False
2091,EXC002,OP1010,2026-09-18 09:30:00,2902.45,77.18,19,14,Fastened,False
2092,EXC002,OP1010,2026-09-18 09:45:00,2902.7,85.86,22,4,Fastened,False
2093,EXC002,OP1010,2026-09-18 10:00:00,2902.95,91.38,24,1,Fastened,False
2094,EXC002,OP1010,2026-09-18 10:15:00,2903.1,93.75,24,34,Fastened,False
2095,EXC002,OP1010,2026-09-18 10:30:00,2903.35,100.19,26,0,Fastened,False
2096,EXC002,OP1010,2026-09-18 10:45:00,2903.6,108.34,27,2,Fastened,False
2097,EXC002,OP1010,2026-09-18 11:00:00,2903.85,117.28,28,7,Fastened,False
2098,EXC002,OP1010,2026-09-18 11:15:00,2904.1,122.72,31,9,Fastened,False
2099,EXC002,OP1010,2026-09-18 11:30:00,2904.35,131.38,34,1,Fastened,False
2100,EXC002,OP1010,2026-09-18 11:45:00,2904.6,137.28,37,0,Unfastened,True
2101,EXC002,OP1010,2026-09-18 12:00:00,2904.75,139.46,37,60,Fastened,False
2102,EXC002,OP1010,2026-09-18 12:15:00,2904.9,140.93,37,62,Fastened,False
2103,EXC002,OP1010,2026-09-18 12:30:00,2905.05,142.44,37,49,Fastened,False
2104,EXC002,OP1010,2026-09-18 12:45:00,2905.2,144.25,37,59,Fastened,False
2105,EXC002,OP1010,2026-09-18 13:00:00,2905.35,145.95,37,52,Fastened,False
2106,EXC002,OP1010,2026-09-18 13:15:00,2905.5,147.27,37,66,Fastened,False
2107,EXC002,OP1010,2026-09-18 13:30:00,2905.65,148.72,37,51,Fastened,False
2108,EXC002,OP1010,2026-09-18 13:45:00,2905.8,151.2,37,61,Fastened,False
2109,EXC002,OP1010,2026-09-18 14:00:00,2905.95,153.42,37,48,Fastened,False
2110,EXC002,OP1010,2026-09-18 14:15:00,2906.1,154.93,37,59,Fastened,False
2111,EXC002,OP1010,2026-09-18 14:30:00,2906.25,157.24,37,54,Fastened,False
2112,EXC002,OP1010,2026-09-18 14:45:00,2906.4,159.02,37,54,Fastened,False
2113,EXC003,OP1001,2026-09-18 07:00:00,482.15,4.97,1,5,Fastened,False
2114,EXC003,OP1001,2026-09-18 07:15:00,482.4,12.75,4,7,Unfastened,True
2115,EXC003,OP1001,2026-09-18 07:30:00,482.65,21.9,6,1,Fastened,False
2116,EXC003,OP1001,2026-09-18 07:45:00,482.9,31.13,7,3,Fastened,False
2117,EXC003,OP1001,2026-09-18 08:00:00,483.15,38.38,9,8,Fastened,False
2118,EXC003,OP1001,2026-09-18 08:15:00,483.4,44.94,12,3,Fastened,False
2119,EXC003,OP1001,2026-09-18 08:30:00,483.65,52.95,15,8,Fastened,False
2120,EXC003,OP1001,2026-09-18 08:45:00,483.9,57.87,16,2,Fastened,False
2121,EXC003,OP1001,2026-09-18 09:00:00,484.15,67.29,18,9,Fastened,False
2122,EXC003,OP1001,2026-09-18 09:15:00,484.4,75.96,20,4,Unfastened,True
2123,EXC003,OP1001,2026-09-18 09:30:00,484.65,83.77,22,10,Fastened,False
2124,EXC003,OP1001,2026-09-18 09:45:00,484.9,92.97,24,6,Fastened,False
2125,EXC003,OP1001,2026-09-18 10:00:00,485.15,100.99,25,0,Fastened,False
2126,EXC003,OP1001,2026-09-18 10:15:00,485.4,106.2,26,6,Fastened,False
2127,EXC003,OP1001,2026-09-18 10:30:00,485.65,111.02,27,19,Fastened,False
2128,EXC003,OP1001,2026-09-18 10:45:00,485.9,117.67,29,6,Fastened,False
2129,EXC003,OP1001,2026-09-18 11:00:00,486.15,126.42,31,5,Fastened,False
2130,EXC003,OP1001,2026-09-18 11:15:00,486.4,133.55,34,2,Fastened,False
2131,EXC003,OP1001,2026-09-18 11:30:00,486.65,140.46,36,7,Fastened,False
2132,EXC003,OP1001,2026-09-18 11:45:00,486.9,148.83,38,1,Fastened,False
2133,EXC003,OP1001,2026-09-18 12:00:00,487.05,151.21,38,43,Fastened,False
2134,EXC003,OP1001,2026-09-18 12:15:00,487.2,152.72,38,47,Fastened,False
2135,EXC003,OP1001,2026-09-18 12:30:00,487.45,158.0,40,6,Fastened,False
2136,EXC003,OP1001,2026-09-18 12:45:00,487.7,167.2,42,9,Fastened,False
2137,EXC003,OP1001,2026-09-18 13:00:00,487.85,169.04,42,47,Unfastened,True
2138,EXC003,OP1001,2026-09-18 13:15:00,488.1,174.77,45,2,Fastened,False
2139,EXC003,OP1001,2026-09-18 13:30:00,488.35,180.9,46,2,Fastened,False
2140,EXC003,OP1001,2026-09-18 13:45:00,488.6,185.95,47,0,Fastened,False
2141,EXC003,OP1001,2026-09-18 14:00:00,488.85,192.86,50,6,Fastened,False
2142,EXC003,OP1001,2026-09-18 14:15:00,489.1,199.63,52,9,Fastened,False
2143,EXC003,OP1001,2026-09-18 14:30:00,489.25,202.13,52,21,Fastened,False
2144,EXC003,OP1001,2026-09-18 14:45:00,489.5,211.31,55,4,Fastened,False
2145,LDR001,OP1002,2026-09-18 07:00:00,1038.75,5.82,1,9,Fastened,False
2146,LDR001,OP1002,2026-09-18 07:15:00,1039.0,13.55,4,5,Fastened,False
2147,LDR001,OP1002,2026-09-18 07:30:00,1039.25,19.74,7,1,Fastened,False
2148,LDR001,OP1002,2026-09-18 07:45:00,1039.5,24.25,8,4,Fastened,False
2149,LDR001,OP1002,2026-09-18 08:00:00,1039.75,30.56,9,7,Fastened,False
2150,LDR001,OP1002,2026-09-18 08:15:00,1040.0,36.31,10,6,Unfastened,True
2151,LDR001,OP1002,2026-09-18 08:30:00,1040.25,42.08,11,1,Fastened,False
2152,LDR001,OP1002,2026-09-18 08:45:00,1040.5,46.71,14,6,Fastened,False
2153,LDR001,OP1002,2026-09-18 09:00:00,1040.75,54.0,16,5,Fastened,False
2154,LDR001,OP1002,2026-09-18 09:15:00,1040.9,55.83,16,35,Fastened,False
2155,LDR001,OP1002,2026-09-18 09:30:00,1041.05,57.42,16,27,Fastened,False
2156,LDR001,OP1002,2026-09-18 09:45:00,1041.3,66.84,19,7,Fastened,False
2157,LDR001,OP1002,2026-09-18 10:00:00,1041.55,71.54,21,0,Fastened,False
2158,LDR001,OP1002,2026-09-18 10:15:00,1041.8,76.47,23,1,Fastened,False
2159,LDR001,OP1002,2026-09-18 10:30:00,1042.05,81.62,26,4,Fastened,False
2160,LDR001,OP1002,2026-09-18 10:45:00,1042.3,88.49,29,5,Fastened,False
2161,LDR001,OP1002,2026-09-18 11:00:00,1042.55,97.88,31,5,Fastened,False
2162,LDR001,OP1002,2026-09-18 11:15:00,1042.8,103.94,32,3,Fastened,False
2163,LDR001,OP1002,2026-09-18 11:30:00,1043.05,109.51,34,7,Fastened,False
2164,LDR001,OP1002,2026-09-18 11:45:00,1043.2,111.83,34,41,Fastened,False
2165,LDR001,OP1002,2026-09-18 12:00:00,1043.35,114.26,34,49,Fastened,False
2166,LDR001,OP1002,2026-09-18 12:15:00,1043.5,116.51,34,50,Fastened,False
2167,LDR001,OP1002,2026-09-18 12:30:00,1043.65,117.84,34,59,Fastened,False
2168,LDR001,OP1002,2026-09-18 12:45:00,1043.8,120.28,34,59,Fastened,False
2169,LDR001,OP1002,2026-09-18 13:00:00,1043.95,121.66,34,59,Fastened,False
2170,LDR001,OP1002,2026-09-18 13:15:00,1044.1,123.94,34,56,Fastened,False
2171,LDR001,OP1002,2026-09-18 13:30:00,1044.25,125.99,34,47,Fastened,False
2172,LDR001,OP1002,2026-09-18 13:45:00,1044.4,128.07,34,50,Fastened,False
2173,LDR001,OP1002,2026-09-18 14:00:00,1044.55,129.68,34,52,Fastened,False
2174,LDR001,OP1002,2026-09-18 14:15:00,1044.7,131.83,34,58,Fastened,False
2175,LDR001,OP1002,2026-09-18 14:30:00,1044.85,133.78,34,63,Fastened,False
2176,LDR001,OP1002,2026-09-18 14:45:00,1045.0,135.28,34,51,Fastened,False
2177,LDR002,OP1003,2026-09-18 07:00:00,1881.95,4.98,2,0,Fastened,False
2178,LDR002,OP1003,2026-09-18 07:15:00,1882.1,7.4,2,32,Fastened,False
2179,LDR002,OP1003,2026-09-18 07:30:00,1882.35,14.35,3,9,Fastened,False
2180,LDR002,OP1003,2026-09-18 07:45:00,1882.5,15.8,3,21,Fastened,False
2181,LDR002,OP1003,2026-09-18 08:00:00,1882.75,21.58,4,9,Fastened,False
2182,LDR002,OP1003,2026-09-18 08:15:00,1883.0,26.62,7,0,Fastened,False
2183,LDR002,OP1003,2026-09-18 08:30:00,1883.25,31.19,9,5,Fastened,False
2184,LDR002,OP1003,2026-09-18 08:45:00,1883.5,36.8,12,6,Fastened,False
2185,LDR002,OP1003,2026-09-18 09:00:00,1883.75,44.77,14,4,Fastened,False
2186,LDR002,OP1003,2026-09-18 09:15:00,1884.0,53.08,17,8,Fastened,False
2187,LDR002,OP1003,2026-09-18 09:30:00,1884.25,61.31,19,3,Fastened,False
2188,LDR002,OP1003,2026-09-18 09:45:00,1884.5,65.85,22,8,Fastened,False
2189,LDR002,OP1003,2026-09-18 10:00:00,1884.75,74.8,23,9,Fastened,False
2190,LDR002,OP1003,2026-09-18 10:15:00,1885.0,80.67,26,9,Fastened,False
2191,LDR002,OP1003,2026-09-18 10:30:00,1885.25,88.12,28,8,Fastened,False
2192,LDR002,OP1003,2026-09-18 10:45:00,1885.5,95.88,31,2,Fastened,False
2193,LDR002,OP1003,2026-09-18 11:00:00,1885.75,105.25,32,3,Fastened,False
2194,LDR002,OP1003,2026-09-18 11:15:00,1886.0,109.92,35,2,Unfastened,False
2195,LDR002,OP1003,2026-09-18 11:30:00,1886.25,119.38,36,8,Fastened,False
2196,LDR002,OP1003,2026-09-18 11:45:00,1886.4,121.66,36,36,Fastened,False
2197,LDR002,OP1003,2026-09-18 12:00:00,1886.65,131.06,38,2,Fastened,False
2198,LDR002,OP1003,2026-09-18 12:15:00,1886.9,139.05,39,4,Fastened,False
2199,LDR002,OP1003,2026-09-18 12:30:00,1887.15,147.5,42,6,Fastened,False
2200,LDR002,OP1003,2026-09-18 12:45:00,1887.3,148.97,42,42,Fastened,False
2201,LDR002,OP1003,2026-09-18 13:00:00,1887.55,155.51,45,3,Fastened,False
2202,LDR002,OP1003,2026-09-18 13:15:00,1887.8,164.43,48,9,Fastened,False
2203,LDR002,OP1003,2026-09-18 13:30:00,1888.05,170.22,51,9,Fastened,False
2204,LDR002,OP1003,2026-09-18 13:45:00,1888.3,177.99,54,0,Fastened,False
2205,LDR002,OP1003,2026-09-18 14:00:00,1888.55,187.03,57,10,Fastened,False
2206,LDR002,OP1003,2026-09-18 14:15:00,1888.8,193.86,60,2,Fastened,False
2207,LDR002,OP1003,2026-09-18 14:30:00,1889.05,199.1,61,5,Unfastened,True
2208,LDR002,OP1003,2026-09-18 14:45:00,1889.3,204.86,63,9,Fastened,False
2209,DOZ001,OP1004,2026-09-18 07:00:00,3472.05,8.3,3,1,Fastened,False
2210,DOZ001,OP1004,2026-09-18 07:15:00,3472.3,13.41,4,1,Fastened,False
2211,DOZ001,OP1004,2026-09-18 07:30:00,3472.55,19.79,6,9,Fastened,False
2212,DOZ001,OP1004,2026-09-18 07:45:00,3472.8,25.44,8,1,Fastened,False
2213,DOZ001,OP1004,2026-09-18 08:00:00,3473.05,30.48,9,3,Fastened,False
2214,DOZ001,OP1004,2026-09-18 08:15:00,3473.3,39.61,12,4,Fastened,False
2215,DOZ001,OP1004,2026-09-18 08:30:00,3473.45,41.0,12,24,Fastened,False
2216,DOZ001,OP1004,2026-09-18 08:45:00,3473.7,45.81,15,4,Fastened,False
2217,DOZ001,OP1004,2026-09-18 09:00:00,3473.95,50.66,17,8,Fastened,False
2218,DOZ001,OP1004,2026-09-18 09:15:00,3474.2,58.56,18,7,Fastened,False
2219,DOZ001,OP1004,2026-09-18 09:30:00,3474.45,64.45,21,4,Fastened,False
2220,DOZ001,OP1004,2026-09-18 09:45:00,3474.7,73.54,24,1,Fastened,False
2221,DOZ001,OP1004,2026-09-18 10:00:00,3474.95,82.29,27,0,Fastened,False
2222,DOZ001,OP1004,2026-09-18 10:15:00,3475.2,90.37,28,4,Fastened,False
2223,DOZ001,OP1004,2026-09-18 10:30:00,3475.45,98.1,30,8,Fastened,False
2224,DOZ001,OP1004,2026-09-18 10:45:00,3475.7,107.27,31,3,Fastened,False
2225,DOZ001,OP1004,2026-09-18 11:00:00,3475.95,115.58,32,5,Unfastened,False
2226,DOZ001,OP1004,2026-09-18 11:15:00,3476.2,123.88,35,3,Fastened,False
2227,DOZ001,OP1004,2026-09-18 11:30:00,3476.45,128.58,37,0,Fastened,False
2228,DOZ001,OP1004,2026-09-18 11:45:00,3476.6,129.91,37,33,Fastened,False
2229,DOZ001,OP1004,2026-09-18 12:00:00,3476.85,136.31,40,6,Fastened,False
2230,DOZ001,OP1004,2026-09-18 12:15:00,3477.1,141.32,43,0,Unfastened,True
2231,DOZ001,OP1004,2026-09-18 12:30:00,3477.35,150.13,44,4,Fastened,False
2232,DOZ001,OP1004,2026-09-18 12:45:00,3477.6,158.38,46,7,Fastened,False
2233,DOZ001,OP1004,2026-09-18 13:00:00,3477.85,165.31,48,1,Unfastened,True
2234,DOZ001,OP1004,2026-09-18 13:15:00,3478.1,173.81,50,8,Fastened,False
2235,DOZ001,OP1004,2026-09-18 13:30:00,3478.35,181.78,51,0,Fastened,False
2236,DOZ001,OP1004,2026-09-18 13:45:00,3478.6,191.04,53,6,Fastened,False
2237,DOZ001,OP1004,2026-09-18 14:00:00,3478.85,196.42,56,4,Fastened,False
2238,DOZ001,OP1004,2026-09-18 14:15:00,3479.1,204.21,57,9,Fastened,False
2239,DOZ001,OP1004,2026-09-18 14:30:00,3479.35,210.8,58,9,Unfastened,True
2240,DOZ001,OP1004,2026-09-18 14:45:00,3479.6,219.14,59,0,Fastened,False
2241,DOZ002,OP1005,2026-09-18 07:00:00,4181.45,6.75,2,4,Fastened,False
2242,DOZ002,OP1005,2026-09-18 07:15:00,4181.7,12.2,5,8,Fastened,False
2243,DOZ002,OP1005,2026-09-18 07:30:00,4181.85,14.27,5,32,Fastened,False
2244,DOZ002,OP1005,2026-09-18 07:45:00,4182.1,22.13,6,7,Fastened,False
2245,DOZ002,OP1005,2026-09-18 08:00:00,4182.25,23.93,6,24,Fastened,False
2246,DOZ002,OP1005,2026-09-18 08:15:00,4182.5,32.28,8,6,Fastened,False
2247,DOZ002,OP1005,2026-09-18 08:30:00,4182.75,40.56,11,6,Fastened,False
2248,DOZ002,OP1005,2026-09-18 08:45:00,4183.0,49.05,13,6,Fastened,False
2249,DOZ002,OP1005,2026-09-18 09:00:00,4183.25,56.59,15,1,Fastened,False
2250,DOZ002,OP1005,2026-09-18 09:15:00,4183.5,61.69,18,8,Fastened,False
2251,DOZ002,OP1005,2026-09-18 09:30:00,4183.75,70.19,21,0,Fastened,False
2252,DOZ002,OP1005,2026-09-18 09:45:00,4184.0,78.43,22,5,Unfastened,True
2253,DOZ002,OP1005,2026-09-18 10:00:00,4184.25,85.69,25,7,Fastened,False
2254,DOZ002,OP1005,2026-09-18 10:15:00,4184.5,92.82,26,2,Fastened,False
2255,DOZ002,OP1005,2026-09-18 10:30:00,4184.75,100.82,28,1,Fastened,False
2256,DOZ002,OP1005,2026-09-18 10:45:00,4185.0,108.94,31,2,Fastened,False
2257,DOZ002,OP1005,2026-09-18 11:00:00,4185.25,113.99,34,2,Fastened,False
2258,DOZ002,OP1005,2026-09-18 11:15:00,4185.5,123.18,36,5,Fastened,False
2259,DOZ002,OP1005,2026-09-18 11:30:00,4185.75,127.84,39,5,Fastened,False
2260,DOZ002,OP1005,2026-09-18 11:45:00,4186.0,135.71,42,3,Fastened,False
2261,DOZ002,OP1005,2026-09-18 12:00:00,4186.15,137.55,42,46,Fastened,False
2262,DOZ002,OP1005,2026-09-18 12:15:00,4186.4,144.39,44,0,Fastened,False
2263,DOZ002,OP1005,2026-09-18 12:30:00,4186.65,152.32,47,5,Fastened,False
2264,DOZ002,OP1005,2026-09-18 12:45:00,4186.9,157.94,48,9,Fastened,False
2265,DOZ002,OP1005,2026-09-18 13:00:00,4187.15,162.74,51,2,Fastened,False
2266,DOZ002,OP1005,2026-09-18 13:15:00,4187.4,171.6,53,2,Fastened,False
2267,DOZ002,OP1005,2026-09-18 13:30:00,4187.65,180.5,56,8,Fastened,False
2268,DOZ002,OP1005,2026-09-18 13:45:00,4187.9,185.54,57,0,Fastened,False
2269,DOZ002,OP1005,2026-09-18 14:00:00,4188.05,187.17,57,26,Fastened,False
2270,DOZ002,OP1005,2026-09-18 14:15:00,4188.2,188.59,57,46,Fastened,False
2271,DOZ002,OP1005,2026-09-18 14:30:00,4188.45,197.68,59,3,Fastened,False
2272,DOZ002,OP1005,2026-09-18 14:45:00,4188.7,205.11,62,8,Fastened,False
2273,TRK001,OP1006,2026-09-18 07:00:00,2211.95,1.67,0,47,Fastened,False
2274,TRK001,OP1006,2026-09-18 07:15:00,2212.2,8.46,3,3,Fastened,False
2275,TRK001,OP1006,2026-09-18 07:30:00,2212.45,13.27,5,6,Fastened,False
2276,TRK001,OP1006,2026-09-18 07:45:00,2212.7,20.99,7,2,Fastened,False
2277,TRK001,OP1006,2026-09-18 08:00:00,2212.95,27.83,8,7,Fastened,False
2278,TRK001,OP1006,2026-09-18 08:15:00,2213.2,34.11,10,9,Fastened,False
2279,TRK001,OP1006,2026-09-18 08:30:00,2213.45,38.8,12,8,Fastened,False
2280,TRK001,OP1006,2026-09-18 08:45:00,2213.7,45.24,15,2,Fastened,False
2281,TRK001,OP1006,2026-09-18 09:00:00,2213.95,50.99,16,3,Fastened,False
2282,TRK001,OP1006,2026-09-18 09:15:00,2214.2,60.39,18,0,Fastened,False
2283,TRK001,OP1006,2026-09-18 09:30:00,2214.45,68.34,19,2,Unfastened,True
2284,TRK001,OP1006,2026-09-18 09:45:00,2214.6,69.81,19,40,Fastened,False
2285,TRK001,OP1006,2026-09-18 10:00:00,2214.85,77.22,21,2,Fastened,False
2286,TRK001,OP1006,2026-09-18 10:15:00,2215.1,85.75,24,6,Fastened,False
2287,TRK001,OP1006,2026-09-18 10:30:00,2215.35,94.04,27,8,Fastened,False
2288,TRK001,OP1006,2026-09-18 10:45:00,2215.6,101.11,29,6,Fastened,False
2289,TRK001,OP1006,2026-09-18 11:00:00,2215.85,110.39,32,7,Fastened,False
2290,TRK001,OP1006,2026-09-18 11:15:00,2216.1,115.65,33,9,Fastened,False
2291,TRK001,OP1006,2026-09-18 11:30:00,2216.35,122.85,34,20,Fastened,False
2292,TRK001,OP1006,2026-09-18 11:45:00,2216.6,127.65,37,6,Fastened,False
2293,TRK001,OP1006,2026-09-18 12:00:00,2216.75,129.85,37,31,Fastened,False
2294,TRK001,OP1006,2026-09-18 12:15:00,2217.0,135.37,40,3,Fastened,False
2295,TRK001,OP1006,2026-09-18 12:30:00,2217.25,142.71,43,9,Unfastened,True
2296,TRK001,OP1006,2026-09-18 12:45:00,2217.5,150.66,45,1,Fastened,False
2297,TRK001,OP1006,2026-09-18 13:00:00,2217.75,156.39,48,8,Unfastened,True
2298,TRK001,OP1006,2026-09-18 13:15:00,2218.0,164.79,51,0,Fastened,False
2299,TRK001,OP1006,2026-09-18 13:30:00,2218.25,171.8,53,2,Unfastened,True
2300,TRK001,OP1006,2026-09-18 13:45:00,2218.5,177.21,56,1,Fastened,False
2301,TRK001,OP1006,2026-09-18 14:00:00,2218.75,184.89,59,7,Fastened,False
2302,TRK001,OP1006,2026-09-18 14:15:00,2219.0,192.21,61,4,Fastened,False
2303,TRK001,OP1006,2026-09-18 14:30:00,2219.25,201.38,63,3,Unfastened,True
2304,TRK001,OP1006,2026-09-18 14:45:00,2219.5,209.02,66,4,Fastened,False
2305,EXC001,OP1010,2026-09-19 07:00:00,1588.05,6.12,3,7,Fastened,False
2306,EXC001,OP1010,2026-09-19 07:15:00,1588.3,14.32,6,4,Fastened,False
2307,EXC001,OP1010,2026-09-19 07:30:00,1588.55,22.75,8,5,Fastened,False
2308,EXC001,OP1010,2026-09-19 07:45:00,1588.8,31.74,11,9,Fastened,False
2309,EXC001,OP1010,2026-09-19 08:00:00,1589.05,39.63,13,0,Fastened,False
2310,EXC001,OP1010,2026-09-19 08:15:00,1589.3,47.61,15,3,Fastened,False
2311,EXC001,OP1010,2026-09-19 08:30:00,1589.55,52.58,16,2,Fastened,False
2312,EXC001,OP1010,2026-09-19 08:45:00,1589.8,57.19,19,4,Fastened,False
2313,EXC001,OP1010,2026-09-19 09:00:00,1590.05,66.41,22,3,Fastened,False
2314,EXC001,OP1010,2026-09-19 09:15:00,1590.3,74.79,23,2,Fastened,False
2315,EXC001,OP1010,2026-09-19 09:30:00,1590.55,80.15,25,7,Unfastened,True
2316,EXC001,OP1010,2026-09-19 09:45:00,1590.8,88.57,28,1,Unfastened,True
2317,EXC001,OP1010,2026-09-19 10:00:00,1591.05,94.0,31,8,Unfastened,True
2318,EXC001,OP1010,2026-09-19 10:15:00,1591.3,99.53,33,6,Unfastened,True
2319,EXC001,OP1010,2026-09-19 10:30:00,1591.55,108.65,34,8,Unfastened,True
2320,EXC001,OP1010,2026-09-19 10:45:00,1591.8,116.83,37,8,Unfastened,True
2321,EXC001,OP1010,2026-09-19 11:00:00,1592.05,121.38,38,6,Fastened,False
2322,EXC001,OP1010,2026-09-19 11:15:00,1592.2,123.86,38,22,Fastened,False
2323,EXC001,OP1010,2026-09-19 11:30:00,1592.45,130.51,39,0,Fastened,False
2324,EXC001,OP1010,2026-09-19 11:45:00,1592.7,137.17,40,4,Unfastened,False
2325,EXC001,OP1010,2026-09-19 12:00:00,1592.95,144.72,43,8,Fastened,False
2326,EXC001,OP1010,2026-09-19 12:15:00,1593.1,147.0,43,35,Fastened,False
2327,EXC001,OP1010,2026-09-19 12:30:00,1593.35,154.19,44,8,Fastened,False
2328,EXC001,OP1010,2026-09-19 12:45:00,1593.6,162.54,45,6,Unfastened,True
2329,EXC001,OP1010,2026-09-19 13:00:00,1593.85,171.53,48,11,Fastened,False
2330,EXC001,OP1010,2026-09-19 13:15:00,1594.1,176.88,51,1,Fastened,False
2331,EXC001,OP1010,2026-09-19 13:30:00,1594.35,185.4,54,8,Fastened,False
2332,EXC001,OP1010,2026-09-19 13:45:00,1594.6,191.64,55,9,Fastened,False
2333,EXC001,OP1010,2026-09-19 14:00:00,1594.85,198.86,57,7,Fastened,False
2334,EXC001,OP1010,2026-09-19 14:15:00,1595.1,205.73,60,0,Fastened,False
2335,EXC001,OP1010,2026-09-19 14:30:00,1595.35,211.21,61,3,Fastened,False
2336,EXC001,OP1010,2026-09-19 14:45:00,1595.5,212.88,61,31,Unfastened,False
2337,EXC002,OP1001,2026-09-19 07:00:00,2906.65,8.76,1,4,Fastened,False
2338,EXC002,OP1001,2026-09-19 07:15:00,2906.9,17.09,4,5,Fastened,False
2339,EXC002,OP1001,2026-09-19 07:30:00,2907.15,24.17,7,15,Fastened,False
2340,EXC002,OP1001,2026-09-19 07:45:00,2907.4,29.98,8,4,Fastened,False
2341,EXC002,OP1001,2026-09-19 08:00:00,2907.65,34.72,11,1,Unfastened,True
2342,EXC002,OP1001,2026-09-19 08:15:00,2907.8,36.06,11,42,Fastened,False
2343,EXC002,OP1001,2026-09-19 08:30:00,2908.05,41.66,14,5,Fastened,False
2344,EXC002,OP1001,2026-09-19 08:45:00,2908.3,49.99,16,8,Fastened,False
2345,EXC002,OP1001,2026-09-19 09:00:00,2908.55,56.14,17,6,Unfastened,True
2346,EXC002,OP1001,2026-09-19 09:15:00,2908.8,65.17,20,17,Fastened,False
2347,EXC002,OP1001,2026-09-19 09:30:00,2909.05,73.88,22,8,Fastened,False
2348,EXC002,OP1001,2026-09-19 09:45:00,2909.3,82.67,23,1,Fastened,False
2349,EXC002,OP1001,2026-09-19 10:00:00,2909.55,87.23,25,3,Fastened,False
2350,EXC002,OP1001,2026-09-19 10:15:00,2909.8,94.08,26,5,Fastened,False
2351,EXC002,OP1001,2026-09-19 10:30:00,2910.05,102.09,27,5,Fastened,False
2352,EXC002,OP1001,2026-09-19 10:45:00,2910.3,109.78,28,0,Fastened,False
2353,EXC002,OP1001,2026-09-19 11:00:00,2910.55,115.95,29,4,Fastened,False
2354,EXC002,OP1001,2026-09-19 11:15:00,2910.8,122.13,32,5,Fastened,False
2355,EXC002,OP1001,2026-09-19 11:30:00,2911.05,127.5,35,5,Fastened,False
2356,EXC002,OP1001,2026-09-19 11:45:00,2911.3,136.25,37,8,Fastened,False
2357,EXC002,OP1001,2026-09-19 12:00:00,2911.55,144.05,38,6,Fastened,False
2358,EXC002,OP1001,2026-09-19 12:15:00,2911.8,152.69,40,9,Fastened,False
2359,EXC002,OP1001,2026-09-19 12:30:00,2912.05,161.64,41,2,Fastened,False
2360,EXC002,OP1001,2026-09-19 12:45:00,2912.3,169.64,44,3,Fastened,False
2361,EXC002,OP1001,2026-09-19 13:00:00,2912.55,174.98,45,7,Fastened,False
2362,EXC002,OP1001,2026-09-19 13:15:00,2912.8,179.69,48,5,Fastened,False
2363,EXC002,OP1001,2026-09-19 13:30:00,2913.05,185.96,50,3,Fastened,False
2364,EXC002,OP1001,2026-09-19 13:45:00,2913.3,194.7,53,1,Fastened,False
2365,EXC002,OP1001,2026-09-19 14:00:00,2913.55,202.49,55,2,Fastened,False
2366,EXC002,OP1001,2026-09-19 14:15:00,2913.8,211.94,58,7,Fastened,False
2367,EXC002,OP1001,2026-09-19 14:30:00,2914.05,217.8,61,8,Fastened,False
2368,EXC002,OP1001,2026-09-19 14:45:00,2914.3,225.46,64,6,Fastened,False
2369,EXC003,OP1002,2026-09-19 07:00:00,489.75,8.71,2,9,Fastened,False
2370,EXC003,OP1002,2026-09-19 07:15:00,490.0,17.64,5,3,Fastened,False
2371,EXC003,OP1002,2026-09-19 07:30:00,490.15,19.48,5,25,Fastened,False
2372,EXC003,OP1002,2026-09-19 07:45:00,490.4,26.3,6,2,Unfastened,False
2373,EXC003,OP1002,2026-09-19 08:00:00,490.55,27.75,6,41,Fastened,False
2374,EXC003,OP1002,2026-09-19 08:15:00,490.8,35.26,7,4,Fastened,False
2375,EXC003,OP1002,2026-09-19 08:30:00,491.05,42.42,9,0,Fastened,False
2376,EXC003,OP1002,2026-09-19 08:45:00,491.3,50.85,10,5,Fastened,False
2377,EXC003,OP1002,2026-09-19 09:00:00,491.55,56.44,13,4,Fastened,False
2378,EXC003,OP1002,2026-09-19 09:15:00,491.8,64.56,15,7,Fastened,False
2379,EXC003,OP1002,2026-09-19 09:30:00,492.05,71.27,16,7,Unfastened,True
2380,EXC003,OP1002,2026-09-19 09:45:00,492.3,78.45,18,3,Unfastened,True
2381,EXC003,OP1002,2026-09-19 10:00:00,492.55,85.72,20,0,Unfastened,True
2382,EXC003,OP1002,2026-09-19 10:15:00,492.8,92.71,21,1,Unfastened,True
2383,EXC003,OP1002,2026-09-19 10:30:00,493.05,101.61,22,9,Unfastened,True
2384,EXC003,OP1002,2026-09-19 10:45:00,493.3,110.01,23,1,Unfastened,True
2385,EXC003,OP1002,2026-09-19 11:00:00,493.55,114.72,25,9,Fastened,False
2386,EXC003,OP1002,2026-09-19 11:15:00,493.7,117.13,25,23,Fastened,False
2387,EXC003,OP1002,2026-09-19 11:30:00,493.85,119.57,25,45,Fastened,False
2388,EXC003,OP1002,2026-09-19 11:45:00,494.1,126.03,28,2,Fastened,False
2389,EXC003,OP1002,2026-09-19 12:00:00,494.35,132.44,30,3,Fastened,False
2390,EXC003,OP1002,2026-09-19 12:15:00,494.6,139.86,31,9,Fastened,False
2391,EXC003,OP1002,2026-09-19 12:30:00,494.85,146.3,32,0,Fastened,False
2392,EXC003,OP1002,2026-09-19 12:45:00,495.1,152.84,33,5,Fastened,False
2393,EXC003,OP1002,2026-09-19 13:00:00,495.35,160.01,35,9,Fastened,False
2394,EXC003,OP1002,2026-09-19 13:15:00,495.6,165.46,38,20,Fastened,False
2395,EXC003,OP1002,2026-09-19 13:30:00,495.85,171.82,39,9,Fastened,False
2396,EXC003,OP1002,2026-09-19 13:45:00,496.1,178.92,41,8,Fastened,False
2397,EXC003,OP1002,2026-09-19 14:00:00,496.35,184.05,42,1,Fastened,False
2398,EXC003,OP1002,2026-09-19 14:15:00,496.6,188.64,45,6,Fastened,False
2399,EXC003,OP1002,2026-09-19 14:30:00,496.75,191.0,45,27,Fastened,False
2400,EXC003,OP1002,2026-09-19 14:45:00,497.0,196.74,48,9,Fastened,False
2401,LDR001,OP1003,2026-09-19 07:00:00,1045.25,9.26,3,6,Fastened,False
2402,LDR001,OP1003,2026-09-19 07:15:00,1045.5,16.45,6,7,Fastened,False
2403,LDR001,OP1003,2026-09-19 07:30:00,1045.75,24.57,9,9,Fastened,False
2404,LDR001,OP1003,2026-09-19 07:45:00,1046.0,31.91,11,5,Fastened,False
2405,LDR001,OP1003,2026-09-19 08:00:00,1046.25,36.74,14,1,Fastened,False
2406,LDR001,OP1003,2026-09-19 08:15:00,1046.5,44.64,15,6,Fastened,False
2407,LDR001,OP1003,2026-09-19 08:30:00,1046.75,51.54,16,0,Fastened,False
2408,LDR001,OP1003,2026-09-19 08:45:00,1047.0,57.96,19,0,Fastened,False
2409,LDR001,OP1003,2026-09-19 09:00:00,1047.25,65.08,22,9,Fastened,False
2410,LDR001,OP1003,2026-09-19 09:15:00,1047.5,72.95,25,3,Fastened,False
2411,LDR001,OP1003,2026-09-19 09:30:00,1047.75,78.38,28,8,Fastened,False
2412,LDR001,OP1003,2026-09-19 09:45:00,1048.0,86.93,29,4,Fastened,False
2413,LDR001,OP1003,2026-09-19 10:00:00,1048.25,94.22,31,7,Fastened,False
2414,LDR001,OP1003,2026-09-19 10:15:00,1048.5,103.57,33,5,Fastened,False
2415,LDR001,OP1003,2026-09-19 10:30:00,1048.75,113.05,34,1,Fastened,False
2416,LDR001,OP1003,2026-09-19 10:45:00,1049.0,117.63,35,1,Unfastened,True
2417,LDR001,OP1003,2026-09-19 11:00:00,1049.25,123.19,37,3,Fastened,False
2418,LDR001,OP1003,2026-09-19 11:15:00,1049.5,129.17,38,7,Fastened,False
2419,LDR001,OP1003,2026-09-19 11:30:00,1049.75,135.01,39,6,Fastened,False
2420,LDR001,OP1003,2026-09-19 11:45:00,1050.0,143.2,41,9,Fastened,False
2421,LDR001,OP1003,2026-09-19 12:00:00,1050.25,150.94,44,0,Fastened,False
2422,LDR001,OP1003,2026-09-19 12:15:00,1050.5,159.9,45,5,Fastened,False
2423,LDR001,OP1003,2026-09-19 12:30:00,1050.75,168.05,47,8,Fastened,False
2424,LDR001,OP1003,2026-09-19 12:45:00,1051.0,176.86,48,2,Fastened,False
2425,LDR001,OP1003,2026-09-19 13:00:00,1051.25,182.78,50,0,Fastened,False
2426,LDR001,OP1003,2026-09-19 13:15:00,1051.5,190.94,52,9,Fastened,False
2427,LDR001,OP1003,2026-09-19 13:30:00,1051.75,197.54,53,6,Fastened,False
2428,LDR001,OP1003,2026-09-19 13:45:00,1052.0,205.91,56,6,Fastened,False
2429,LDR001,OP1003,2026-09-19 14:00:00,1052.25,213.84,57,9,Fastened,False
2430,LDR001,OP1003,2026-09-19 14:15:00,1052.5,218.71,60,3,Fastened,False
2431,LDR001,OP1003,2026-09-19 14:30:00,1052.75,223.59,63,6,Fastened,False
2432,LDR001,OP1003,2026-09-19 14:45:00,1053.0,228.55,64,7,Fastened,False
2433,LDR002,OP1004,2026-09-19 07:00:00,1889.55,6.48,1,9,Unfastened,True
2434,LDR002,OP1004,2026-09-19 07:15:00,1889.8,11.36,4,5,Fastened,False
2435,LDR002,OP1004,2026-09-19 07:30:00,1889.95,13.15,4,43,Fastened,False
2436,LDR002,OP1004,2026-09-19 07:45:00,1890.1,15.58,4,29,Fastened,False
2437,LDR002,OP1004,2026-09-19 08:00:00,1890.35,22.04,7,6,Fastened,False
2438,LDR002,OP1004,2026-09-19 08:15:00,1890.6,30.22,8,3,Fastened,False
2439,LDR002,OP1004,2026-09-19 08:30:00,1890.85,39.33,11,7,Fastened,False
2440,LDR002,OP1004,2026-09-19 08:45:00,1891.1,46.12,13,9,Fastened,False
2441,LDR002,OP1004,2026-09-19 09:00:00,1891.35,55.16,15,8,Fastened,False
2442,LDR002,OP1004,2026-09-19 09:15:00,1891.5,57.55,15,39,Fastened,False
2443,LDR002,OP1004,2026-09-19 09:30:00,1891.75,64.48,18,3,Fastened,False
2444,LDR002,OP1004,2026-09-19 09:45:00,1892.0,73.4,19,5,Unfastened,True
2445,LDR002,OP1004,2026-09-19 10:00:00,1892.25,78.09,22,3,Fastened,False
2446,LDR002,OP1004,2026-09-19 10:15:00,1892.5,86.17,23,5,Fastened,False
2447,LDR002,OP1004,2026-09-19 10:30:00,1892.75,93.19,26,1,Fastened,False
2448,LDR002,OP1004,2026-09-19 10:45:00,1893.0,101.57,29,4,Fastened,False
2449,LDR002,OP1004,2026-09-19 11:00:00,1893.25,109.08,30,9,Fastened,False
2450,LDR002,OP1004,2026-09-19 11:15:00,1893.5,114.39,32,7,Fastened,False
2451,LDR002,OP1004,2026-09-19 11:30:00,1893.75,120.69,33,4,Fastened,False
2452,LDR002,OP1004,2026-09-19 11:45:00,1894.0,127.86,35,4,Fastened,False
2453,LDR002,OP1004,2026-09-19 12:00:00,1894.25,136.33,36,8,Fastened,False
2454,LDR002,OP1004,2026-09-19 12:15:00,1894.5,145.53,39,8,Fastened,False
2455,LDR002,OP1004,2026-09-19 12:30:00,1894.75,153.28,42,4,Unfastened,False
2456,LDR002,OP1004,2026-09-19 12:45:00,1895.0,161.51,43,5,Fastened,False
2457,LDR002,OP1004,2026-09-19 13:00:00,1895.25,167.11,46,6,Fastened,False
2458,LDR002,OP1004,2026-09-19 13:15:00,1895.5,172.63,47,0,Fastened,False
2459,LDR002,OP1004,2026-09-19 13:30:00,1895.75,179.47,48,5,Fastened,False
2460,LDR002,OP1004,2026-09-19 13:45:00,1896.0,184.93,49,0,Fastened,False
2461,LDR002,OP1004,2026-09-19 14:00:00,1896.25,194.05,51,0,Fastened,False
2462,LDR002,OP1004,2026-09-19 14:15:00,1896.5,201.82,53,9,Fastened,False
2463,LDR002,OP1004,2026-09-19 14:30:00,1896.75,209.96,55,2,Fastened,False
2464,LDR002,OP1004,2026-09-19 14:45:00,1897.0,214.89,58,7,Fastened,False
2465,DOZ001,OP1005,2026-09-19 07:00:00,3479.85,6.01,3,1,Fastened,False
2466,DOZ001,OP1005,2026-09-19 07:15:00,3480.1,13.96,4,5,Fastened,False
2467,DOZ001,OP1005,2026-09-19 07:30:00,3480.35,22.29,6,3,Fastened,False
2468,DOZ001,OP1005,2026-09-19 07:45:00,3480.6,27.05,9,4,Fastened,False
2469,DOZ001,OP1005,2026-09-19 08:00:00,3480.85,35.88,11,2,Fastened,False
2470,DOZ001,OP1005,2026-09-19 08:15:00,3481.1,40.84,12,16,Fastened,False
2471,DOZ001,OP1005,2026-09-19 08:30:00,3481.35,48.43,13,0,Fastened,False
2472,DOZ001,OP1005,2026-09-19 08:45:00,3481.6,53.32,15,6,Fastened,False
2473,DOZ001,OP1005,2026-09-19 09:00:00,3481.85,58.72,17,3,Unfastened,True
2474,DOZ001,OP1005,2026-09-19 09:15:00,3482.1,65.14,19,7,Fastened,False
2475,DOZ001,OP1005,2026-09-19 09:30:00,3482.25,66.52,19,45,Fastened,False
2476,DOZ001,OP1005,2026-09-19 09:45:00,3482.5,72.85,21,7,Fastened,False
2477,DOZ001,OP1005,2026-09-19 10:00:00,3482.75,79.81,22,7,Fastened,False
2478,DOZ001,OP1005,2026-09-19 10:15:00,3482.9,82.3,22,36,Fastened,False
2479,DOZ001,OP1005,2026-09-19 10:30:00,3483.15,91.13,25,6,Fastened,False
2480,DOZ001,OP1005,2026-09-19 10:45:00,3483.4,98.55,27,6,Fastened,False
2481,DOZ001,OP1005,2026-09-19 11:00:00,3483.55,100.92,27,26,Unfastened,True
2482,DOZ001,OP1005,2026-09-19 11:15:00,3483.8,109.89,28,4,Fastened,False
2483,DOZ001,OP1005,2026-09-19 11:30:00,3484.05,114.57,30,9,Fastened,False
2484,DOZ001,OP1005,2026-09-19 11:45:00,3484.3,122.28,32,0,Fastened,False
2485,DOZ001,OP1005,2026-09-19 12:00:00,3484.55,130.49,33,7,Fastened,False
2486,DOZ001,OP1005,2026-09-19 12:15:00,3484.8,136.8,36,7,Fastened,False
2487,DOZ001,OP1005,2026-09-19 12:30:00,3484.95,138.41,36,41,Fastened,False
2488,DOZ001,OP1005,2026-09-19 12:45:00,3485.2,147.52,39,0,Fastened,False
2489,DOZ001,OP1005,2026-09-19 13:00:00,3485.45,152.32,41,5,Fastened,False
2490,DOZ001,OP1005,2026-09-19 13:15:00,3485.7,161.59,43,9,Fastened,False
2491,DOZ001,OP1005,2026-09-19 13:30:00,3485.95,168.12,46,0,Fastened,False
2492,DOZ001,OP1005,2026-09-19 13:45:00,3486.2,176.29,48,7,Fastened,False
2493,DOZ001,OP1005,2026-09-19 14:00:00,3486.45,181.03,51,2,Fastened,False
2494,DOZ001,OP1005,2026-09-19 14:15:00,3486.7,190.52,54,8,Fastened,False
2495,DOZ001,OP1005,2026-09-19 14:30:00,3486.95,195.44,57,6,Fastened,False
2496,DOZ001,OP1005,2026-09-19 14:45:00,3487.2,202.74,58,3,Fastened,False
2497,DOZ002,OP1006,2026-09-19 07:00:00,4188.95,4.55,2,9,Fastened,False
2498,DOZ002,OP1006,2026-09-19 07:15:00,4189.2,10.12,5,1,Unfastened,True
2499,DOZ002,OP1006,2026-09-19 07:30:00,4189.45,18.74,6,5,Fastened,False
2500,DOZ002,OP1006,2026-09-19 07:45:00,4189.7,26.27,8,3,Fastened,False
2501,DOZ002,OP1006,2026-09-19 08:00:00,4189.95,32.78,9,3,Fastened,False
2502,DOZ002,OP1006,2026-09-19 08:15:00,4190.2,37.72,10,8,Fastened,False
2503,DOZ002,OP1006,2026-09-19 08:30:00,4190.45,42.51,11,0,Fastened,False
2504,DOZ002,OP1006,2026-09-19 08:45:00,4190.7,47.5,13,9,Fastened,False
2505,DOZ002,OP1006,2026-09-19 09:00:00,4190.95,56.96,16,8,Fastened,False
2506,DOZ002,OP1006,2026-09-19 09:15:00,4191.2,62.2,18,3,Unfastened,True
2507,DOZ002,OP1006,2026-09-19 09:30:00,4191.45,71.29,21,6,Fastened,False
2508,DOZ002,OP1006,2026-09-19 09:45:00,4191.7,77.67,22,2,Fastened,False
2509,DOZ002,OP1006,2026-09-19 10:00:00,4191.95,87.14,24,4,Fastened,False
2510,DOZ002,OP1006,2026-09-19 10:15:00,4192.2,92.59,25,6,Fastened,False
2511,DOZ002,OP1006,2026-09-19 10:30:00,4192.45,97.26,27,3,Fastened,False
2512,DOZ002,OP1006,2026-09-19 10:45:00,4192.7,106.59,29,4,Fastened,False
2513,DOZ002,OP1006,2026-09-19 11:00:00,4192.95,113.92,32,8,Fastened,False
2514,DOZ002,OP1006,2026-09-19 11:15:00,4193.2,120.75,35,4,Fastened,False
2515,DOZ002,OP1006,2026-09-19 11:30:00,4193.45,128.94,37,5,Unfastened,True
2516,DOZ002,OP1006,2026-09-19 11:45:00,4193.7,134.61,39,5,Fastened,False
2517,DOZ002,OP1006,2026-09-19 12:00:00,4193.95,140.89,41,3,Fastened,False
2518,DOZ002,OP1006,2026-09-19 12:15:00,4194.2,148.07,42,0,Fastened,False
2519,DOZ002,OP1006,2026-09-19 12:30:00,4194.45,157.44,43,6,Fastened,False
2520,DOZ002,OP1006,2026-09-19 12:45:00,4194.7,165.4,46,0,Fastened,False
2521,DOZ002,OP1006,2026-09-19 13:00:00,4194.95,170.99,47,3,Fastened,False
2522,DOZ002,OP1006,2026-09-19 13:15:00,4195.2,176.63,48,3,Fastened,False
2523,DOZ002,OP1006,2026-09-19 13:30:00,4195.45,184.15,50,3,Fastened,False
2524,DOZ002,OP1006,2026-09-19 13:45:00,4195.7,192.14,53,0,Fastened,False
2525,DOZ002,OP1006,2026-09-19 14:00:00,4195.95,200.83,56,3,Unfastened,True
2526,DOZ002,OP1006,2026-09-19 14:15:00,4196.2,208.68,58,6,Unfastened,False
2527,DOZ002,OP1006,2026-09-19 14:30:00,4196.45,213.28,60,5,Fastened,False
2528,DOZ002,OP1006,2026-09-19 14:45:00,4196.7,220.97,61,1,Fastened,False
2529,TRK001,OP1007,2026-09-19 07:00:00,2219.75,8.67,3,1,Unfastened,True
2530,TRK001,OP1007,2026-09-19 07:15:00,2220.0,16.7,5,6,Unfastened,True
2531,TRK001,OP1007,2026-09-19 07:30:00,2220.25,25.37,8,4,Fastened,False
2532,TRK001,OP1007,2026-09-19 07:45:00,2220.5,32.98,9,2,Unfastened,False
2533,TRK001,OP1007,2026-09-19 08:00:00,2220.75,39.39,11,7,Fastened,False
2534,TRK001,OP1007,2026-09-19 08:15:00,2221.0,45.88,13,6,Fastened,False
2535,TRK001,OP1007,2026-09-19 08:30:00,2221.25,51.06,15,3,Fastened,False
2536,TRK001,OP1007,2026-09-19 08:45:00,2221.5,59.87,17,0,Fastened,False
2537,TRK001,OP1007,2026-09-19 09:00:00,2221.75,65.3,19,7,Fastened,False
2538,TRK001,OP1007,2026-09-19 09:15:00,2222.0,70.0,20,4,Fastened,False
2539,TRK001,OP1007,2026-09-19 09:30:00,2222.25,78.65,23,1,Fastened,False
2540,TRK001,OP1007,2026-09-19 09:45:00,2222.5,86.72,24,8,Fastened,False
2541,TRK001,OP1007,2026-09-19 10:00:00,2222.75,93.55,25,5,Fastened,False
2542,TRK001,OP1007,2026-09-19 10:15:00,2223.0,98.77,27,4,Fastened,False
2543,TRK001,OP1007,2026-09-19 10:30:00,2223.25,107.28,28,9,Fastened,False
2544,TRK001,OP1007,2026-09-19 10:45:00,2223.5,112.54,31,2,Fastened,False
2545,TRK001,OP1007,2026-09-19 11:00:00,2223.75,119.22,34,0,Fastened,False
2546,TRK001,OP1007,2026-09-19 11:15:00,2224.0,127.46,35,5,Unfastened,True
2547,TRK001,OP1007,2026-09-19 11:30:00,2224.15,129.64,35,33,Fastened,False
2548,TRK001,OP1007,2026-09-19 11:45:00,2224.4,134.79,37,8,Fastened,False
2549,TRK001,OP1007,2026-09-19 12:00:00,2224.65,143.97,39,6,Fastened,False
2550,TRK001,OP1007,2026-09-19 12:15:00,2224.9,152.79,41,13,Fastened,False
2551,TRK001,OP1007,2026-09-19 12:30:00,2225.15,157.62,42,6,Fastened,False
2552,TRK001,OP1007,2026-09-19 12:45:00,2225.3,159.53,42,25,Fastened,False
2553,TRK001,OP1007,2026-09-19 13:00:00,2225.55,167.51,44,3,Fastened,False
2554,TRK001,OP1007,2026-09-19 13:15:00,2225.8,173.64,47,8,Fastened,False
2555,TRK001,OP1007,2026-09-19 13:30:00,2226.05,179.15,49,1,Fastened,False
2556,TRK001,OP1007,2026-09-19 13:45:00,2226.3,184.62,52,0,Fastened,False
2557,TRK001,OP1007,2026-09-19 14:00:00,2226.55,193.72,53,9,Fastened,False
2558,TRK001,OP1007,2026-09-19 14:15:00,2226.8,202.36,55,8,Fastened,False
2559,TRK001,OP1007,2026-09-19 14:30:00,2227.05,211.41,56,0,Unfastened,False
2560,TRK001,OP1007,2026-09-19 14:45:00,2227.3,218.45,58,9,Fastened,False
2561,EXC001,OP1001,2026-09-20 07:00:00,1595.75,6.94,1,8,Fastened,False
2562,EXC001,OP1001,2026-09-20 07:15:00,1596.0,11.48,4,11,Fastened,False
2563,EXC001,OP1001,2026-09-20 07:30:00,1596.25,19.42,5,17,Fastened,False
2564,EXC001,OP1001,2026-09-20 07:45:00,1596.5,25.96,8,3,Fastened,False
2565,EXC001,OP1001,2026-09-20 08:00:00,1596.75,32.59,11,4,Fastened,False
2566,EXC001,OP1001,2026-09-20 08:15:00,1597.0,40.04,13,2,Fastened,False
2567,EXC001,OP1001,2026-09-20 08:30:00,1597.25,45.7,16,1,Fastened,False
2568,EXC001,OP1001,2026-09-20 08:45:00,1597.5,50.73,19,7,Fastened,False
2569,EXC001,OP1001,2026-09-20 09:00:00,1597.75,55.66,21,0,Fastened,False
2570,EXC001,OP1001,2026-09-20 09:15:00,1598.0,65.12,22,1,Fastened,False
2571,EXC001,OP1001,2026-09-20 09:30:00,1598.25,74.14,23,1,Fastened,False
2572,EXC001,OP1001,2026-09-20 09:45:00,1598.5,83.56,25,2,Fastened,False
2573,EXC001,OP1001,2026-09-20 10:00:00,1598.75,90.34,28,8,Fastened,False
2574,EXC001,OP1001,2026-09-20 10:15:00,1599.0,97.57,31,3,Fastened,False
2575,EXC001,OP1001,2026-09-20 10:30:00,1599.25,103.57,33,7,Fastened,False
2576,EXC001,OP1001,2026-09-20 10:45:00,1599.5,111.42,34,0,Fastened,False
2577,EXC001,OP1001,2026-09-20 11:00:00,1599.75,116.76,37,7,Fastened,False
2578,EXC001,OP1001,2026-09-20 11:15:00,1599.9,118.52,37,42,Fastened,False
2579,EXC001,OP1001,2026-09-20 11:30:00,1600.15,127.5,40,0,Fastened,False
2580,EXC001,OP1001,2026-09-20 11:45:00,1600.4,134.47,43,5,Fastened,False
2581,EXC001,OP1001,2026-09-20 12:00:00,1600.65,141.54,44,9,Fastened,False
2582,EXC001,OP1001,2026-09-20 12:15:00,1600.9,150.41,47,5,Fastened,False
2583,EXC001,OP1001,2026-09-20 12:30:00,1601.15,159.71,50,1,Fastened,False
2584,EXC001,OP1001,2026-09-20 12:45:00,1601.4,168.92,52,1,Fastened,False
2585,EXC001,OP1001,2026-09-20 13:00:00,1601.55,170.84,52,51,Fastened,False
2586,EXC001,OP1001,2026-09-20 13:15:00,1601.7,172.69,52,45,Fastened,False
2587,EXC001,OP1001,2026-09-20 13:30:00,1601.85,174.03,52,45,Unfastened,False
2588,EXC001,OP1001,2026-09-20 13:45:00,1602.0,175.72,52,44,Unfastened,False
2589,EXC001,OP1001,2026-09-20 14:00:00,1602.15,177.3,52,44,Fastened,False
2590,EXC001,OP1001,2026-09-20 14:15:00,1602.3,179.24,52,42,Fastened,False
2591,EXC001,OP1001,2026-09-20 14:30:00,1602.45,180.88,52,51,Fastened,False
2592,EXC001,OP1001,2026-09-20 14:45:00,1602.6,182.19,52,51,Unfastened,True
2593,EXC002,OP1002,2026-09-20 07:00:00,2914.55,7.93,1,1,Fastened,False
2594,EXC002,OP1002,2026-09-20 07:15:00,2914.8,16.11,3,6,Fastened,False
2595,EXC002,OP1002,2026-09-20 07:30:00,2915.05,22.15,6,1,Fastened,False
2596,EXC002,OP1002,2026-09-20 07:45:00,2915.3,28.83,8,9,Fastened,False
2597,EXC002,OP1002,2026-09-20 08:00:00,2915.55,36.99,9,2,Fastened,False
2598,EXC002,OP1002,2026-09-20 08:15:00,2915.8,45.87,11,9,Fastened,False
2599,EXC002,OP1002,2026-09-20 08:30:00,2916.05,50.93,14,8,Fastened,False
2600,EXC002,OP1002,2026-09-20 08:45:00,2916.3,58.6,17,3,Fastened,False
2601,EXC002,OP1002,2026-09-20 09:00:00,2916.55,67.59,19,3,Fastened,False
2602,EXC002,OP1002,2026-09-20 09:15:00,2916.8,76.14,21,2,Fastened,False
2603,EXC002,OP1002,2026-09-20 09:30:00,2917.05,80.77,22,8,Fastened,False
2604,EXC002,OP1002,2026-09-20 09:45:00,2917.3,86.28,23,1,Fastened,False
2605,EXC002,OP1002,2026-09-20 10:00:00,2917.55,92.66,24,0,Fastened,False
2606,EXC002,OP1002,2026-09-20 10:15:00,2917.8,99.05,27,7,Fastened,False
2607,EXC002,OP1002,2026-09-20 10:30:00,2918.05,105.86,29,19,Fastened,False
2608,EXC002,OP1002,2026-09-20 10:45:00,2918.3,113.61,30,5,Fastened,False
2609,EXC002,OP1002,2026-09-20 11:00:00,2918.55,121.04,32,7,Fastened,False
2610,EXC002,OP1002,2026-09-20 11:15:00,2918.7,122.25,32,25,Unfastened,False
2611,EXC002,OP1002,2026-09-20 11:30:00,2918.95,127.34,33,2,Fastened,False
2612,EXC002,OP1002,2026-09-20 11:45:00,2919.2,135.25,35,0,Fastened,False
2613,EXC002,OP1002,2026-09-20 12:00:00,2919.45,140.36,37,7,Fastened,False
2614,EXC002,OP1002,2026-09-20 12:15:00,2919.7,145.46,38,2,Fastened,False
2615,EXC002,OP1002,2026-09-20 12:30:00,2919.95,152.12,39,1,Fastened,False
2616,EXC002,OP1002,2026-09-20 12:45:00,2920.2,157.01,40,17,Unfastened,False
2617,EXC002,OP1002,2026-09-20 13:00:00,2920.45,165.92,41,7,Fastened,False
2618,EXC002,OP1002,2026-09-20 13:15:00,2920.7,174.11,43,9,Fastened,False
2619,EXC002,OP1002,2026-09-20 13:30:00,2920.95,181.3,46,8,Unfastened,True
2620,EXC002,OP1002,2026-09-20 13:45:00,2921.2,187.83,48,7,Fastened,False
2621,EXC002,OP1002,2026-09-20 14:00:00,2921.45,194.86,51,9,Fastened,False
2622,EXC002,OP1002,2026-09-20 14:15:00,2921.6,197.29,51,40,Fastened,False
2623,EXC002,OP1002,2026-09-20 14:30:00,2921.85,205.31,54,3,Fastened,False
2624,EXC002,OP1002,2026-09-20 14:45:00,2922.1,213.99,57,4,Fastened,False
2625,EXC003,OP1003,2026-09-20 07:00:00,497.15,2.27,0,25,Fastened,False
2626,EXC003,OP1003,2026-09-20 07:15:00,497.4,10.95,1,8,Fastened,False
2627,EXC003,OP1003,2026-09-20 07:30:00,497.65,15.99,3,6,Fastened,False
2628,EXC003,OP1003,2026-09-20 07:45:00,497.9,21.17,6,3,Fastened,False
2629,EXC003,OP1003,2026-09-20 08:00:00,498.15,28.42,8,4,Fastened,False
2630,EXC003,OP1003,2026-09-20 08:15:00,498.3,30.55,8,42,Fastened,False
2631,EXC003,OP1003,2026-09-20 08:30:00,498.55,39.63,11,2,Unfastened,False
2632,EXC003,OP1003,2026-09-20 08:45:00,498.7,41.16,11,43,Fastened,False
2633,EXC003,OP1003,2026-09-20 09:00:00,498.95,46.91,13,8,Fastened,False
2634,EXC003,OP1003,2026-09-20 09:15:00,499.2,53.7,15,1,Fastened,False
2635,EXC003,OP1003,2026-09-20 09:30:00,499.45,61.27,17,2,Fastened,False
2636,EXC003,OP1003,2026-09-20 09:45:00,499.7,69.01,18,4,Fastened,False
2637,EXC003,OP1003,2026-09-20 10:00:00,499.95,73.65,21,1,Fastened,False
2638,EXC003,OP1003,2026-09-20 10:15:00,500.2,79.71,22,8,Unfastened,False
2639,EXC003,OP1003,2026-09-20 10:30:00,500.45,87.84,25,0,Fastened,False
2640,EXC003,OP1003,2026-09-20 10:45:00,500.7,93.3,27,9,Fastened,False
2641,EXC003,OP1003,2026-09-20 11:00:00,500.95,98.46,30,5,Fastened,False
2642,EXC003,OP1003,2026-09-20 11:15:00,501.2,104.25,31,4,Fastened,False
2643,EXC003,OP1003,2026-09-20 11:30:00,501.45,111.01,34,3,Fastened,False
2644,EXC003,OP1003,2026-09-20 11:45:00,501.7,117.99,35,0,Fastened,False
2645,EXC003,OP1003,2026-09-20 12:00:00,501.85,119.61,35,22,Fastened,False
2646,EXC003,OP1003,2026-09-20 12:15:00,502.1,127.72,37,12,Fastened,False
2647,EXC003,OP1003,2026-09-20 12:30:00,502.35,135.53,40,0,Fastened,False
2648,EXC003,OP1003,2026-09-20 12:45:00,502.6,141.49,41,1,Fastened,False
2649,EXC003,OP1003,2026-09-20 13:00:00,502.85,150.67,44,2,Fastened,False
2650,EXC003,OP1003,2026-09-20 13:15:00,503.1,157.99,46,0,Fastened,False
2651,EXC003,OP1003,2026-09-20 13:30:00,503.35,166.86,48,4,Fastened,False
2652,EXC003,OP1003,2026-09-20 13:45:00,503.6,173.66,50,5,Fastened,False
2653,EXC003,OP1003,2026-09-20 14:00:00,503.75,176.01,50,38,Fastened,False
2654,EXC003,OP1003,2026-09-20 14:15:00,504.0,181.41,51,0,Fastened,False
2655,EXC003,OP1003,2026-09-20 14:30:00,504.25,187.66,53,1,Fastened,False
2656,EXC003,OP1003,2026-09-20 14:45:00,504.5,194.66,55,2,Fastened,False
2657,LDR001,OP1004,2026-09-20 07:00:00,1053.25,6.49,2,4,Fastened,False
2658,LDR001,OP1004,2026-09-20 07:15:00,1053.5,11.68,4,8,Fastened,False
2659,LDR001,OP1004,2026-09-20 07:30:00,1053.75,18.63,5,1,Fastened,False
2660,LDR001,OP1004,2026-09-20 07:45:00,1054.0,24.37,6,1,Fastened,False
2661,LDR001,OP1004,2026-09-20 08:00:00,1054.25,32.82,7,4,Fastened,False
2662,LDR001,OP1004,2026-09-20 08:15:00,1054.5,38.63,10,5,Fastened,False
2663,LDR001,OP1004,2026-09-20 08:30:00,1054.75,47.58,11,5,Fastened,False
2664,LDR001,OP1004,2026-09-20 08:45:00,1055.0,53.52,12,4,Fastened,False
2665,LDR001,OP1004,2026-09-20 09:00:00,1055.25,62.46,15,3,Fastened,False
2666,LDR001,OP1004,2026-09-20 09:15:00,1055.5,68.81,16,1,Fastened,False
2667,LDR001,OP1004,2026-09-20 09:30:00,1055.75,74.68,17,2,Fastened,False
2668,LDR001,OP1004,2026-09-20 09:45:00,1056.0,81.91,19,1,Unfastened,False
2669,LDR001,OP1004,2026-09-20 10:00:00,1056.25,91.15,22,4,Fastened,False
2670,LDR001,OP1004,2026-09-20 10:15:00,1056.5,100.38,24,8,Fastened,False
2671,LDR001,OP1004,2026-09-20 10:30:00,1056.75,109.78,25,1,Fastened,False
2672,LDR001,OP1004,2026-09-20 10:45:00,1057.0,115.23,26,9,Fastened,False
2673,LDR001,OP1004,2026-09-20 11:00:00,1057.25,121.05,28,6,Fastened,False
2674,LDR001,OP1004,2026-09-20 11:15:00,1057.5,128.47,30,1,Fastened,False
2675,LDR001,OP1004,2026-09-20 11:30:00,1057.75,137.57,32,6,Fastened,False
2676,LDR001,OP1004,2026-09-20 11:45:00,1057.9,139.87,32,41,Fastened,False
2677,LDR001,OP1004,2026-09-20 12:00:00,1058.15,148.1,35,0,Fastened,False
2678,LDR001,OP1004,2026-09-20 12:15:00,1058.4,156.32,37,4,Fastened,False
2679,LDR001,OP1004,2026-09-20 12:30:00,1058.55,158.77,37,30,Fastened,False
2680,LDR001,OP1004,2026-09-20 12:45:00,1058.8,166.13,40,6,Fastened,False
2681,LDR001,OP1004,2026-09-20 13:00:00,1059.05,170.65,43,3,Fastened,False
2682,LDR001,OP1004,2026-09-20 13:15:00,1059.3,180.02,44,4,Fastened,False
2683,LDR001,OP1004,2026-09-20 13:30:00,1059.45,181.64,44,31,Fastened,False
2684,LDR001,OP1004,2026-09-20 13:45:00,1059.7,188.1,45,8,Fastened,False
2685,LDR001,OP1004,2026-09-20 14:00:00,1059.95,197.54,46,8,Fastened,False
2686,LDR001,OP1004,2026-09-20 14:15:00,1060.1,199.38,46,47,Fastened,False
2687,LDR001,OP1004,2026-09-20 14:30:00,1060.35,207.93,48,15,Fastened,False
2688,LDR001,OP1004,2026-09-20 14:45:00,1060.6,213.71,50,2,Fastened,False
2689,LDR002,OP1005,2026-09-20 07:00:00,1897.15,2.33,0,33,Fastened,False
2690,LDR002,OP1005,2026-09-20 07:15:00,1897.4,10.88,2,3,Fastened,False
2691,LDR002,OP1005,2026-09-20 07:30:00,1897.55,12.13,2,38,Fastened,False
2692,LDR002,OP1005,2026-09-20 07:45:00,1897.8,17.93,5,7,Fastened,False
2693,LDR002,OP1005,2026-09-20 08:00:00,1898.05,27.41,7,3,Fastened,False
2694,LDR002,OP1005,2026-09-20 08:15:00,1898.3,32.17,8,0,Fastened,False
2695,LDR002,OP1005,2026-09-20 08:30:00,1898.55,41.61,10,8,Unfastened,True
2696,LDR002,OP1005,2026-09-20 08:45:00,1898.8,50.94,12,9,Unfastened,False
2697,LDR002,OP1005,2026-09-20 09:00:00,1899.05,56.72,14,15,Fastened,False
2698,LDR002,OP1005,2026-09-20 09:15:00,1899.3,64.32,17,1,Fastened,False
2699,LDR002,OP1005,2026-09-20 09:30:00,1899.55,69.2,20,7,Fastened,False
2700,LDR002,OP1005,2026-09-20 09:45:00,1899.8,74.42,21,9,Fastened,False
2701,LDR002,OP1005,2026-09-20 10:00:00,1900.05,79.64,23,4,Fastened,False
2702,LDR002,OP1005,2026-09-20 10:15:00,1900.3,88.23,25,9,Fastened,False
2703,LDR002,OP1005,2026-09-20 10:30:00,1900.55,94.93,28,2,Fastened,False
2704,LDR002,OP1005,2026-09-20 10:45:00,1900.8,102.66,31,6,Fastened,False
2705,LDR002,OP1005,2026-09-20 11:00:00,1901.05,111.05,34,0,Fastened,False
2706,LDR002,OP1005,2026-09-20 11:15:00,1901.3,115.78,37,9,Fastened,False
2707,LDR002,OP1005,2026-09-20 11:30:00,1901.55,123.56,38,3,Fastened,False
2708,LDR002,OP1005,2026-09-20 11:45:00,1901.8,129.31,39,4,Fastened,False
2709,LDR002,OP1005,2026-09-20 12:00:00,1902.05,133.88,42,0,Fastened,False
2710,LDR002,OP1005,2026-09-20 12:15:00,1902.3,141.15,43,3,Fastened,False
2711,LDR002,OP1005,2026-09-20 12:30:00,1902.55,146.45,46,1,Fastened,False
2712,LDR002,OP1005,2026-09-20 12:45:00,1902.8,151.98,49,9,Fastened,False
2713,LDR002,OP1005,2026-09-20 13:00:00,1903.05,161.2,51,9,Fastened,False
2714,LDR002,OP1005,2026-09-20 13:15:00,1903.3,170.17,53,4,Unfastened,True
2715,LDR002,OP1005,2026-09-20 13:30:00,1903.55,175.46,56,8,Fastened,False
2716,LDR002,OP1005,2026-09-20 13:45:00,1903.8,180.89,57,2,Fastened,False
2717,LDR002,OP1005,2026-09-20 14:00:00,1904.05,185.67,58,2,Fastened,False
2718,LDR002,OP1005,2026-09-20 14:15:00,1904.3,193.18,61,3,Unfastened,False
2719,LDR002,OP1005,2026-09-20 14:30:00,1904.55,199.88,62,5,Fastened,False
2720,LDR002,OP1005,2026-09-20 14:45:00,1904.8,209.09,63,5,Fastened,False
2721,DOZ001,OP1006,2026-09-20 07:00:00,3487.45,9.43,1,3,Fastened,False
2722,DOZ001,OP1006,2026-09-20 07:15:00,3487.7,14.11,3,3,Fastened,False
2723,DOZ001,OP1006,2026-09-20 07:30:00,3487.95,19.95,5,4,Fastened,False
2724,DOZ001,OP1006,2026-09-20 07:45:00,3488.2,27.25,6,9,Fastened,False
2725,DOZ001,OP1006,2026-09-20 08:00:00,3488.45,36.25,7,3,Fastened,False
2726,DOZ001,OP1006,2026-09-20 08:15:00,3488.7,42.49,10,10,Fastened,False
2727,DOZ001,OP1006,2026-09-20 08:30:00,3488.95,51.87,11,7,Fastened,False
2728,DOZ001,OP1006,2026-09-20 08:45:00,3489.2,57.82,13,9,Fastened,False
2729,DOZ001,OP1006,2026-09-20 09:00:00,3489.45,63.54,16,8,Fastened,False
2730,DOZ001,OP1006,2026-09-20 09:15:00,3489.7,68.7,18,6,Fastened,False
2731,DOZ001,OP1006,2026-09-20 09:30:00,3489.95,76.29,19,4,Fastened,False
2732,DOZ001,OP1006,2026-09-20 09:45:00,3490.2,82.5,21,5,Fastened,False
2733,DOZ001,OP1006,2026-09-20 10:00:00,3490.45,91.11,23,2,Fastened,False
2734,DOZ001,OP1006,2026-09-20 10:15:00,3490.7,97.01,25,5,Fastened,False
2735,DOZ001,OP1006,2026-09-20 10:30:00,3490.95,104.7,26,9,Fastened,False
2736,DOZ001,OP1006,2026-09-20 10:45:00,3491.2,110.71,27,8,Fastened,False
2737,DOZ001,OP1006,2026-09-20 11:00:00,3491.45,117.16,28,5,Fastened,False
2738,DOZ001,OP1006,2026-09-20 11:15:00,3491.7,123.35,30,9,Fastened,False
2739,DOZ001,OP1006,2026-09-20 11:30:00,3491.95,128.11,32,1,Unfastened,True
2740,DOZ001,OP1006,2026-09-20 11:45:00,3492.2,136.21,33,8,Fastened,False
2741,DOZ001,OP1006,2026-09-20 12:00:00,3492.45,143.73,35,0,Fastened,False
2742,DOZ001,OP1006,2026-09-20 12:15:00,3492.7,148.55,36,4,Fastened,False
2743,DOZ001,OP1006,2026-09-20 12:30:00,3492.95,155.88,39,7,Fastened,False
2744,DOZ001,OP1006,2026-09-20 12:45:00,3493.2,160.79,40,1,Fastened,False
2745,DOZ001,OP1006,2026-09-20 13:00:00,3493.45,169.83,43,7,Fastened,False
2746,DOZ001,OP1006,2026-09-20 13:15:00,3493.7,177.49,45,1,Fastened,False
2747,DOZ001,OP1006,2026-09-20 13:30:00,3493.95,185.53,47,3,Fastened,False
2748,DOZ001,OP1006,2026-09-20 13:45:00,3494.2,193.88,48,4,Fastened,False
2749,DOZ001,OP1006,2026-09-20 14:00:00,3494.35,196.26,48,42,Fastened,False
2750,DOZ001,OP1006,2026-09-20 14:15:00,3494.6,204.27,49,2,Fastened,False
2751,DOZ001,OP1006,2026-09-20 14:30:00,3494.85,209.88,51,2,Fastened,False
2752,DOZ001,OP1006,2026-09-20 14:45:00,3495.1,218.36,54,4,Fastened,False
2753,DOZ002,OP1007,2026-09-20 07:00:00,4196.85,1.85,0,39,Fastened,False
2754,DOZ002,OP1007,2026-09-20 07:15:00,4197.1,6.41,2,1,Fastened,False
2755,DOZ002,OP1007,2026-09-20 07:30:00,4197.35,15.82,3,8,Fastened,False
2756,DOZ002,OP1007,2026-09-20 07:45:00,4197.6,24.64,4,3,Fastened,False
2757,DOZ002,OP1007,2026-09-20 08:00:00,4197.85,31.93,5,8,Fastened,False
2758,DOZ002,OP1007,2026-09-20 08:15:00,4198.1,38.18,6,1,Fastened,False
2759,DOZ002,OP1007,2026-09-20 08:30:00,4198.35,45.79,9,0,Fastened,False
2760,DOZ002,OP1007,2026-09-20 08:45:00,4198.6,54.04,10,1,Unfastened,True
2761,DOZ002,OP1007,2026-09-20 09:00:00,4198.85,63.34,12,2,Fastened,False
2762,DOZ002,OP1007,2026-09-20 09:15:00,4199.1,69.19,15,16,Fastened,False
2763,DOZ002,OP1007,2026-09-20 09:30:00,4199.35,73.86,16,0,Fastened,False
2764,DOZ002,OP1007,2026-09-20 09:45:00,4199.6,80.25,19,11,Fastened,False
2765,DOZ002,OP1007,2026-09-20 10:00:00,4199.85,84.77,22,3,Fastened,False
2766,DOZ002,OP1007,2026-09-20 10:15:00,4200.1,91.18,25,9,Fastened,False
2767,DOZ002,OP1007,2026-09-20 10:30:00,4200.35,96.87,28,4,Unfastened,True
2768,DOZ002,OP1007,2026-09-20 10:45:00,4200.6,105.74,30,7,Fastened,False
2769,DOZ002,OP1007,2026-09-20 11:00:00,4200.85,113.43,32,8,Fastened,False
2770,DOZ002,OP1007,2026-09-20 11:15:00,4201.1,120.31,33,4,Fastened,False
2771,DOZ002,OP1007,2026-09-20 11:30:00,4201.35,126.22,36,3,Fastened,False
2772,DOZ002,OP1007,2026-09-20 11:45:00,4201.6,130.77,39,3,Fastened,False
2773,DOZ002,OP1007,2026-09-20 12:00:00,4201.85,136.6,40,1,Fastened,False
2774,DOZ002,OP1007,2026-09-20 12:15:00,4202.1,144.64,43,9,Fastened,False
2775,DOZ002,OP1007,2026-09-20 12:30:00,4202.35,153.98,46,5,Fastened,False
2776,DOZ002,OP1007,2026-09-20 12:45:00,4202.6,160.98,48,5,Unfastened,False
2777,DOZ002,OP1007,2026-09-20 13:00:00,4202.85,168.47,51,0,Fastened,False
2778,DOZ002,OP1007,2026-09-20 13:15:00,4203.1,176.55,52,4,Fastened,False
2779,DOZ002,OP1007,2026-09-20 13:30:00,4203.35,184.53,55,9,Fastened,False
2780,DOZ002,OP1007,2026-09-20 13:45:00,4203.6,191.0,57,4,Fastened,False
2781,DOZ002,OP1007,2026-09-20 14:00:00,4203.85,196.14,60,7,Fastened,False
2782,DOZ002,OP1007,2026-09-20 14:15:00,4204.1,202.68,62,2,Fastened,False
2783,DOZ002,OP1007,2026-09-20 14:30:00,4204.35,210.77,65,3,Fastened,False
2784,DOZ002,OP1007,2026-09-20 14:45:00,4204.6,216.62,67,7,Fastened,False
2785,TRK001,OP1008,2026-09-20 07:00:00,2227.55,7.44,2,12,Fastened,False
2786,TRK001,OP1008,2026-09-20 07:15:00,2227.8,14.35,5,7,Fastened,False
2787,TRK001,OP1008,2026-09-20 07:30:00,2228.05,21.69,7,6,Fastened,False
2788,TRK001,OP1008,2026-09-20 07:45:00,2228.3,27.09,10,2,Fastened,False
2789,TRK001,OP1008,2026-09-20 08:00:00,2228.55,36.22,13,9,Fastened,False
2790,TRK001,OP1008,2026-09-20 08:15:00,2228.8,42.63,16,3,Fastened,False
2791,TRK001,OP1008,2026-09-20 08:30:00,2229.05,48.64,17,3,Fastened,False
2792,TRK001,OP1008,2026-09-20 08:45:00,2229.3,54.72,18,7,Fastened,False
2793,TRK001,OP1008,2026-09-20 09:00:00,2229.55,59.83,20,4,Fastened,False
2794,TRK001,OP1008,2026-09-20 09:15:00,2229.8,67.39,22,5,Unfastened,False
2795,TRK001,OP1008,2026-09-20 09:30:00,2230.05,74.75,24,1,Fastened,False
2796,TRK001,OP1008,2026-09-20 09:45:00,2230.3,82.38,27,3,Fastened,False
2797,TRK001,OP1008,2026-09-20 10:00:00,2230.55,91.5,29,5,Fastened,False
2798,TRK001,OP1008,2026-09-20 10:15:00,2230.8,99.94,32,7,Fastened,False
2799,TRK001,OP1008,2026-09-20 10:30:00,2231.05,106.64,34,5,Fastened,False
2800,TRK001,OP1008,2026-09-20 10:45:00,2231.3,114.89,35,9,Fastened,False
2801,TRK001,OP1008,2026-09-20 11:00:00,2231.55,121.44,37,9,Unfastened,False
2802,TRK001,OP1008,2026-09-20 11:15:00,2231.8,127.91,38,6,Fastened,False
2803,TRK001,OP1008,2026-09-20 11:30:00,2232.05,137.34,40,5,Fastened,False
2804,TRK001,OP1008,2026-09-20 11:45:00,2232.3,144.3,41,6,Fastened,False
2805,TRK001,OP1008,2026-09-20 12:00:00,2232.45,145.7,41,36,Fastened,False
2806,TRK001,OP1008,2026-09-20 12:15:00,2232.7,150.57,42,2,Unfastened,True
2807,TRK001,OP1008,2026-09-20 12:30:00,2232.95,157.62,44,9,Fastened,False
2808,TRK001,OP1008,2026-09-20 12:45:00,2233.2,162.33,46,7,Fastened,False
2809,TRK001,OP1008,2026-09-20 13:00:00,2233.45,171.6,48,5,Fastened,False
2810,TRK001,OP1008,2026-09-20 13:15:00,2233.6,173.19,48,43,Fastened,False
2811,TRK001,OP1008,2026-09-20 13:30:00,2233.85,181.84,51,5,Fastened,False
2812,TRK001,OP1008,2026-09-20 13:45:00,2234.1,186.82,53,0,Fastened,False
2813,TRK001,OP1008,2026-09-20 14:00:00,2234.35,194.45,54,5,Fastened,False
2814,TRK001,OP1008,2026-09-20 14:15:00,2234.6,202.22,57,4,Unfastened,True
2815,TRK001,OP1008,2026-09-20 14:30:00,2234.85,208.18,58,8,Fastened,False
2816,TRK001,OP1008,2026-09-20 14:45:00,2235.1,217.5,60,5,Fastened,False
2817,EXC001,OP1002,2026-09-21 07:00:00,1602.85,7.12,2,9,Fastened,False
2818,EXC001,OP1002,2026-09-21 07:15:00,1603.1,12.91,4,3,Fastened,False
2819,EXC001,OP1002,2026-09-21 07:30:00,1603.35,20.9,7,8,Fastened,False
2820,EXC001,OP1002,2026-09-21 07:45:00,1603.6,27.52,10,6,Fastened,False
2821,EXC001,OP1002,2026-09-21 08:00:00,1603.85,35.26,12,8,Fastened,False
2822,EXC001,OP1002,2026-09-21 08:15:00,1604.1,40.9,14,8,Fastened,False
2823,EXC001,OP1002,2026-09-21 08:30:00,1604.25,43.13,14,45,Fastened,False
2824,EXC001,OP1002,2026-09-21 08:45:00,1604.5,51.74,15,5,Fastened,False
2825,EXC001,OP1002,2026-09-21 09:00:00,1604.75,58.71,16,5,Fastened,False
2826,EXC001,OP1002,2026-09-21 09:15:00,1605.0,65.0,17,3,Fastened,False
2827,EXC001,OP1002,2026-09-21 09:30:00,1605.25,74.21,19,7,Fastened,False
2828,EXC001,OP1002,2026-09-21 09:45:00,1605.5,78.74,20,8,Fastened,False
2829,EXC001,OP1002,2026-09-21 10:00:00,1605.75,83.97,22,12,Fastened,False
2830,EXC001,OP1002,2026-09-21 10:15:00,1606.0,89.26,25,7,Fastened,False
2831,EXC001,OP1002,2026-09-21 10:30:00,1606.25,97.16,28,5,Fastened,False
2832,EXC001,OP1002,2026-09-21 10:45:00,1606.5,104.75,30,6,Fastened,False
2833,EXC001,OP1002,2026-09-21 11:00:00,1606.75,113.9,33,6,Fastened,False
2834,EXC001,OP1002,2026-09-21 11:15:00,1607.0,119.74,36,3,Fastened,False
2835,EXC001,OP1002,2026-09-21 11:30:00,1607.25,127.83,38,0,Fastened,False
2836,EXC001,OP1002,2026-09-21 11:45:00,1607.5,133.08,40,5,Fastened,False
2837,EXC001,OP1002,2026-09-21 12:00:00,1607.75,137.86,41,8,Fastened,False
2838,EXC001,OP1002,2026-09-21 12:15:00,1608.0,142.74,43,2,Fastened,False
2839,EXC001,OP1002,2026-09-21 12:30:00,1608.25,148.22,46,7,Fastened,False
2840,EXC001,OP1002,2026-09-21 12:45:00,1608.5,154.34,47,3,Fastened,False
2841,EXC001,OP1002,2026-09-21 13:00:00,1608.75,160.88,50,5,Fastened,False
2842,EXC001,OP1002,2026-09-21 13:15:00,1609.0,169.19,53,9,Fastened,False
2843,EXC001,OP1002,2026-09-21 13:30:00,1609.25,177.69,55,8,Fastened,False
2844,EXC001,OP1002,2026-09-21 13:45:00,1609.5,186.49,56,5,Fastened,False
2845,EXC001,OP1002,2026-09-21 14:00:00,1609.75,195.16,58,9,Fastened,False
2846,EXC001,OP1002,2026-09-21 14:15:00,1610.0,204.21,61,3,Fastened,False
2847,EXC001,OP1002,2026-09-21 14:30:00,1610.25,209.27,62,9,Fastened,False
2848,EXC001,OP1002,2026-09-21 14:45:00,1610.5,216.83,65,5,Fastened,False
2849,EXC002,OP1003,2026-09-21 07:00:00,2922.35,5.71,2,6,Fastened,False
2850,EXC002,OP1003,2026-09-21 07:15:00,2922.6,12.6,4,8,Fastened,False
2851,EXC002,OP1003,2026-09-21 07:30:00,2922.85,18.87,5,0,Fastened,False
2852,EXC002,OP1003,2026-09-21 07:45:00,2923.1,26.77,6,1,Fastened,False
2853,EXC002,OP1003,2026-09-21 08:00:00,2923.35,34.82,7,3,Fastened,False
2854,EXC002,OP1003,2026-09-21 08:15:00,2923.6,43.86,9,2,Fastened,False
2855,EXC002,OP1003,2026-09-21 08:30:00,2923.85,51.88,11,6,Fastened,False
2856,EXC002,OP1003,2026-09-21 08:45:00,2924.1,58.19,12,5,Fastened,False
2857,EXC002,OP1003,2026-09-21 09:00:00,2924.35,62.9,13,3,Fastened,False
2858,EXC002,OP1003,2026-09-21 09:15:00,2924.5,64.29,13,39,Fastened,False
2859,EXC002,OP1003,2026-09-21 09:30:00,2924.75,73.3,15,1,Fastened,False
2860,EXC002,OP1003,2026-09-21 09:45:00,2924.9,75.53,15,45,Fastened,False
2861,EXC002,OP1003,2026-09-21 10:00:00,2925.15,80.9,17,0,Fastened,False
2862,EXC002,OP1003,2026-09-21 10:15:00,2925.4,89.93,18,9,Fastened,False
2863,EXC002,OP1003,2026-09-21 10:30:00,2925.65,96.09,21,2,Fastened,False
2864,EXC002,OP1003,2026-09-21 10:45:00,2925.9,104.53,23,4,Fastened,False
2865,EXC002,OP1003,2026-09-21 11:00:00,2926.15,109.64,25,7,Fastened,False
2866,EXC002,OP1003,2026-09-21 11:15:00,2926.4,118.63,28,3,Fastened,False
2867,EXC002,OP1003,2026-09-21 11:30:00,2926.65,126.11,29,8,Fastened,False
2868,EXC002,OP1003,2026-09-21 11:45:00,2926.9,135.14,30,2,Unfastened,True
2869,EXC002,OP1003,2026-09-21 12:00:00,2927.05,137.39,30,22,Fastened,False
2870,EXC002,OP1003,2026-09-21 12:15:00,2927.3,146.38,31,0,Fastened,False
2871,EXC002,OP1003,2026-09-21 12:30:00,2927.55,154.41,33,8,Fastened,False
2872,EXC002,OP1003,2026-09-21 12:45:00,2927.7,156.69,33,26,Fastened,False
2873,EXC002,OP1003,2026-09-21 13:00:00,2927.95,165.59,35,5,Fastened,False
2874,EXC002,OP1003,2026-09-21 13:15:00,2928.2,172.64,37,0,Fastened,False
2875,EXC002,OP1003,2026-09-21 13:30:00,2928.45,177.49,40,2,Fastened,False
2876,EXC002,OP1003,2026-09-21 13:45:00,2928.7,184.6,41,11,Fastened,False
2877,EXC002,OP1003,2026-09-21 14:00:00,2928.95,193.16,42,6,Fastened,False
2878,EXC002,OP1003,2026-09-21 14:15:00,2929.2,199.08,45,4,Fastened,False
2879,EXC002,OP1003,2026-09-21 14:30:00,2929.45,206.64,47,9,Fastened,False
2880,EXC002,OP1003,2026-09-21 14:45:00,2929.7,214.45,50,3,Fastened,False
2881,EXC003,OP1004,2026-09-21 07:00:00,504.75,8.81,1,4,Fastened,False
2882,EXC003,OP1004,2026-09-21 07:15:00,505.0,18.2,2,1,Fastened,False
2883,EXC003,OP1004,2026-09-21 07:30:00,505.25,26.8,3,4,Fastened,False
2884,EXC003,OP1004,2026-09-21 07:45:00,505.5,33.74,5,9,Fastened,False
2885,EXC003,OP1004,2026-09-21 08:00:00,505.75,41.34,8,5,Fastened,False
2886,EXC003,OP1004,2026-09-21 08:15:00,506.0,47.97,11,0,Fastened,False
2887,EXC003,OP1004,2026-09-21 08:30:00,506.25,56.45,13,7,Fastened,False
2888,EXC003,OP1004,2026-09-21 08:45:00,506.5,61.15,15,5,Fastened,False
2889,EXC003,OP1004,2026-09-21 09:00:00,506.75,66.94,16,9,Fastened,False
2890,EXC003,OP1004,2026-09-21 09:15:00,507.0,71.62,18,5,Fastened,False
2891,EXC003,OP1004,2026-09-21 09:30:00,507.25,76.72,21,0,Fastened,False
2892,EXC003,OP1004,2026-09-21 09:45:00,507.4,78.74,21,30,Fastened,False
2893,EXC003,OP1004,2026-09-21 10:00:00,507.65,88.1,24,1,Fastened,False
2894,EXC003,OP1004,2026-09-21 10:15:00,507.9,93.61,26,2,Unfastened,True
2895,EXC003,OP1004,2026-09-21 10:30:00,508.15,100.35,28,6,Fastened,False
2896,EXC003,OP1004,2026-09-21 10:45:00,508.4,105.97,31,7,Fastened,False
2897,EXC003,OP1004,2026-09-21 11:00:00,508.65,113.95,32,5,Fastened,False
2898,EXC003,OP1004,2026-09-21 11:15:00,508.9,120.18,35,6,Fastened,False
2899,EXC003,OP1004,2026-09-21 11:30:00,509.15,125.75,37,9,Fastened,False
2900,EXC003,OP1004,2026-09-21 11:45:00,509.4,131.66,39,5,Fastened,False
2901,EXC003,OP1004,2026-09-21 12:00:00,509.65,138.52,41,0,Unfastened,True
2902,EXC003,OP1004,2026-09-21 12:15:00,509.9,147.81,43,7,Fastened,False
2903,EXC003,OP1004,2026-09-21 12:30:00,510.15,155.27,44,1,Fastened,False
2904,EXC003,OP1004,2026-09-21 12:45:00,510.4,163.09,46,3,Fastened,False
2905,EXC003,OP1004,2026-09-21 13:00:00,510.65,171.67,48,3,Fastened,False
2906,EXC003,OP1004,2026-09-21 13:15:00,510.9,178.73,50,3,Fastened,False
2907,EXC003,OP1004,2026-09-21 13:30:00,511.15,186.97,53,3,Fastened,False
2908,EXC003,OP1004,2026-09-21 13:45:00,511.4,195.26,55,0,Fastened,False
2909,EXC003,OP1004,2026-09-21 14:00:00,511.65,203.77,56,4,Fastened,False
2910,EXC003,OP1004,2026-09-21 14:15:00,511.9,210.49,57,6,Fastened,False
2911,EXC003,OP1004,2026-09-21 14:30:00,512.15,219.15,59,0,Fastened,False
2912,EXC003,OP1004,2026-09-21 14:45:00,512.4,226.86,60,9,Fastened,False
2913,LDR001,OP1005,2026-09-21 07:00:00,1060.85,5.53,3,4,Fastened,False
2914,LDR001,OP1005,2026-09-21 07:15:00,1061.1,10.49,5,17,Fastened,False
2915,LDR001,OP1005,2026-09-21 07:30:00,1061.35,15.41,6,8,Unfastened,False
2916,LDR001,OP1005,2026-09-21 07:45:00,1061.6,22.86,8,7,Fastened,False
2917,LDR001,OP1005,2026-09-21 08:00:00,1061.75,24.81,8,40,Fastened,False
2918,LDR001,OP1005,2026-09-21 08:15:00,1062.0,33.56,10,5,Unfastened,True
2919,LDR001,OP1005,2026-09-21 08:30:00,1062.25,40.91,11,2,Fastened,False
2920,LDR001,OP1005,2026-09-21 08:45:00,1062.5,49.99,13,4,Fastened,False
2921,LDR001,OP1005,2026-09-21 09:00:00,1062.65,52.14,13,22,Fastened,False
2922,LDR001,OP1005,2026-09-21 09:15:00,1062.9,57.92,14,3,Fastened,False
2923,LDR001,OP1005,2026-09-21 09:30:00,1063.05,60.37,14,28,Fastened,False
2924,LDR001,OP1005,2026-09-21 09:45:00,1063.3,67.24,15,6,Fastened,False
2925,LDR001,OP1005,2026-09-21 10:00:00,1063.55,72.43,16,1,Fastened,False
2926,LDR001,OP1005,2026-09-21 10:15:00,1063.8,80.01,18,3,Fastened,False
2927,LDR001,OP1005,2026-09-21 10:30:00,1064.05,88.65,20,1,Fastened,False
2928,LDR001,OP1005,2026-09-21 10:45:00,1064.3,96.75,21,8,Fastened,False
2929,LDR001,OP1005,2026-09-21 11:00:00,1064.55,101.85,22,2,Fastened,False
2930,LDR001,OP1005,2026-09-21 11:15:00,1064.8,108.77,24,3,Fastened,False
2931,LDR001,OP1005,2026-09-21 11:30:00,1065.05,116.09,27,3,Fastened,False
2932,LDR001,OP1005,2026-09-21 11:45:00,1065.2,118.53,27,46,Fastened,False
2933,LDR001,OP1005,2026-09-21 12:00:00,1065.45,126.63,30,4,Fastened,False
2934,LDR001,OP1005,2026-09-21 12:15:00,1065.7,135.79,33,15,Fastened,False
2935,LDR001,OP1005,2026-09-21 12:30:00,1065.95,140.47,35,5,Fastened,False
2936,LDR001,OP1005,2026-09-21 12:45:00,1066.2,148.03,38,2,Fastened,False
2937,LDR001,OP1005,2026-09-21 13:00:00,1066.45,152.88,39,6,Fastened,False
2938,LDR001,OP1005,2026-09-21 13:15:00,1066.7,158.14,42,8,Fastened,False
2939,LDR001,OP1005,2026-09-21 13:30:00,1066.95,166.51,45,2,Fastened,False
2940,LDR001,OP1005,2026-09-21 13:45:00,1067.2,172.96,47,6,Unfastened,False
2941,LDR001,OP1005,2026-09-21 14:00:00,1067.45,181.27,49,2,Fastened,False
2942,LDR001,OP1005,2026-09-21 14:15:00,1067.7,186.88,52,3,Fastened,False
2943,LDR001,OP1005,2026-09-21 14:30:00,1067.95,192.36,54,7,Unfastened,True
2944,LDR001,OP1005,2026-09-21 14:45:00,1068.2,197.12,57,4,Fastened,False
2945,LDR002,OP1006,2026-09-21 07:00:00,1904.95,1.33,0,25,Fastened,False
2946,LDR002,OP1006,2026-09-21 07:15:00,1905.1,3.68,0,40,Fastened,False
2947,LDR002,OP1006,2026-09-21 07:30:00,1905.35,12.97,1,2,Fastened,False
2948,LDR002,OP1006,2026-09-21 07:45:00,1905.6,19.72,2,3,Fastened,False
2949,LDR002,OP1006,2026-09-21 08:00:00,1905.85,27.98,5,6,Fastened,False
2950,LDR002,OP1006,2026-09-21 08:15:00,1906.1,34.7,8,3,Fastened,False
2951,LDR002,OP1006,2026-09-21 08:30:00,1906.25,36.15,8,26,Fastened,False
2952,LDR002,OP1006,2026-09-21 08:45:00,1906.5,41.33,11,4,Fastened,False
2953,LDR002,OP1006,2026-09-21 09:00:00,1906.75,46.29,12,1,Fastened,False
2954,LDR002,OP1006,2026-09-21 09:15:00,1907.0,50.87,13,2,Fastened,False
2955,LDR002,OP1006,2026-09-21 09:30:00,1907.25,60.14,14,1,Fastened,False
2956,LDR002,OP1006,2026-09-21 09:45:00,1907.5,67.17,16,6,Fastened,False
2957,LDR002,OP1006,2026-09-21 10:00:00,1907.75,76.1,19,2,Fastened,False
2958,LDR002,OP1006,2026-09-21 10:15:00,1908.0,83.13,22,6,Fastened,False
2959,LDR002,OP1006,2026-09-21 10:30:00,1908.25,91.68,24,9,Fastened,False
2960,LDR002,OP1006,2026-09-21 10:45:00,1908.5,99.94,27,3,Fastened,False
2961,LDR002,OP1006,2026-09-21 11:00:00,1908.75,105.9,28,2,Fastened,False
2962,LDR002,OP1006,2026-09-21 11:15:00,1909.0,114.68,31,7,Fastened,False
2963,LDR002,OP1006,2026-09-21 11:30:00,1909.25,119.79,33,6,Fastened,False
2964,LDR002,OP1006,2026-09-21 11:45:00,1909.5,126.25,36,8,Fastened,False
2965,LDR002,OP1006,2026-09-21 12:00:00,1909.75,131.91,38,3,Fastened,False
2966,LDR002,OP1006,2026-09-21 12:15:00,1910.0,137.63,39,1,Fastened,False
2967,LDR002,OP1006,2026-09-21 12:30:00,1910.25,146.22,40,6,Fastened,False
2968,LDR002,OP1006,2026-09-21 12:45:00,1910.5,152.88,42,0,Fastened,False
2969,LDR002,OP1006,2026-09-21 13:00:00,1910.75,161.22,44,2,Unfastened,True
2970,LDR002,OP1006,2026-09-21 13:15:00,1911.0,170.42,47,6,Fastened,False
2971,LDR002,OP1006,2026-09-21 13:30:00,1911.25,177.41,50,6,Fastened,False
2972,LDR002,OP1006,2026-09-21 13:45:00,1911.5,181.98,53,9,Fastened,False
2973,LDR002,OP1006,2026-09-21 14:00:00,1911.75,190.81,56,17,Fastened,False
2974,LDR002,OP1006,2026-09-21 14:15:00,1912.0,197.07,58,7,Fastened,False
2975,LDR002,OP1006,2026-09-21 14:30:00,1912.25,206.1,61,4,Fastened,False
2976,LDR002,OP1006,2026-09-21 14:45:00,1912.5,211.83,62,10,Unfastened,False
2977,DOZ001,OP1007,2026-09-21 07:00:00,3495.35,5.57,2,4,Fastened,False
2978,DOZ001,OP1007,2026-09-21 07:15:00,3495.6,13.56,3,3,Fastened,False
2979,DOZ001,OP1007,2026-09-21 07:30:00,3495.85,21.66,4,6,Fastened,False
2980,DOZ001,OP1007,2026-09-21 07:45:00,3496.1,27.56,7,5,Fastened,False
2981,DOZ001,OP1007,2026-09-21 08:00:00,3496.35,34.49,8,4,Fastened,False
2982,DOZ001,OP1007,2026-09-21 08:15:00,3496.6,39.8,10,1,Fastened,False
2983,DOZ001,OP1007,2026-09-21 08:30:00,3496.85,45.92,12,9,Fastened,False
2984,DOZ001,OP1007,2026-09-21 08:45:00,3497.1,54.5,13,1,Fastened,False
2985,DOZ001,OP1007,2026-09-21 09:00:00,3497.25,55.88,13,25,Fastened,False
2986,DOZ001,OP1007,2026-09-21 09:15:00,3497.4,57.73,13,34,Fastened,False
2987,DOZ001,OP1007,2026-09-21 09:30:00,3497.65,66.22,16,3,Fastened,False
2988,DOZ001,OP1007,2026-09-21 09:45:00,3497.9,73.64,18,8,Fastened,False
2989,DOZ001,OP1007,2026-09-21 10:00:00,3498.15,80.57,19,4,Fastened,False
2990,DOZ001,OP1007,2026-09-21 10:15:00,3498.4,86.17,20,7,Fastened,False
2991,DOZ001,OP1007,2026-09-21 10:30:00,3498.65,94.49,22,1,Fastened,False
2992,DOZ001,OP1007,2026-09-21 10:45:00,3498.9,103.41,24,2,Fastened,False
2993,DOZ001,OP1007,2026-09-21 11:00:00,3499.15,109.85,27,9,Unfastened,False
2994,DOZ001,OP1007,2026-09-21 11:15:00,3499.4,119.28,29,6,Fastened,False
2995,DOZ001,OP1007,2026-09-21 11:30:00,3499.65,128.14,30,1,Fastened,False
2996,DOZ001,OP1007,2026-09-21 11:45:00,3499.9,132.77,31,1,Fastened,False
2997,DOZ001,OP1007,2026-09-21 12:00:00,3500.15,138.66,33,9,Unfastened,True
2998,DOZ001,OP1007,2026-09-21 12:15:00,3500.4,146.91,35,7,Fastened,False
2999,DOZ001,OP1007,2026-09-21 12:30:00,3500.65,154.88,37,0,Fastened,False
3000,DOZ001,OP1007,2026-09-21 12:45:00,3500.9,163.28,40,1,Fastened,False
3001,DOZ001,OP1007,2026-09-21 13:00:00,3501.15,168.56,41,6,Fastened,False
3002,DOZ001,OP1007,2026-09-21 13:15:00,3501.4,175.7,42,7,Fastened,False
3003,DOZ001,OP1007,2026-09-21 13:30:00,3501.65,180.93,43,9,Fastened,False
3004,DOZ001,OP1007,2026-09-21 13:45:00,3501.9,188.99,46,3,Fastened,False
3005,DOZ001,OP1007,2026-09-21 14:00:00,3502.05,191.47,46,28,Fastened,False
3006,DOZ001,OP1007,2026-09-21 14:15:00,3502.2,193.18,46,25,Fastened,False
3007,DOZ001,OP1007,2026-09-21 14:30:00,3502.45,199.24,48,12,Fastened,False
3008,DOZ001,OP1007,2026-09-21 14:45:00,3502.7,208.2,50,2,Fastened,False
3009,DOZ002,OP1008,2026-09-21 07:00:00,4204.85,6.28,2,2,Fastened,False
3010,DOZ002,OP1008,2026-09-21 07:15:00,4205.0,8.69,2,47,Unfastened,False
3011,DOZ002,OP1008,2026-09-21 07:30:00,4205.25,15.09,5,12,Fastened,False
3012,DOZ002,OP1008,2026-09-21 07:45:00,4205.5,24.26,6,2,Fastened,False
3013,DOZ002,OP1008,2026-09-21 08:00:00,4205.75,31.81,8,8,Fastened,False
3014,DOZ002,OP1008,2026-09-21 08:15:00,4206.0,36.76,10,7,Fastened,False
3015,DOZ002,OP1008,2026-09-21 08:30:00,4206.25,43.99,12,4,Fastened,False
3016,DOZ002,OP1008,2026-09-21 08:45:00,4206.5,53.15,14,2,Fastened,False
3017,DOZ002,OP1008,2026-09-21 09:00:00,4206.75,59.7,16,1,Fastened,False
3018,DOZ002,OP1008,2026-09-21 09:15:00,4207.0,67.86,19,0,Fastened,False
3019,DOZ002,OP1008,2026-09-21 09:30:00,4207.25,75.92,20,3,Fastened,False
3020,DOZ002,OP1008,2026-09-21 09:45:00,4207.5,84.9,23,3,Fastened,False
3021,DOZ002,OP1008,2026-09-21 10:00:00,4207.75,90.63,24,8,Fastened,False
3022,DOZ002,OP1008,2026-09-21 10:15:00,4208.0,98.7,25,5,Unfastened,True
3023,DOZ002,OP1008,2026-09-21 10:30:00,4208.25,105.26,27,4,Fastened,False
3024,DOZ002,OP1008,2026-09-21 10:45:00,4208.5,109.82,30,9,Fastened,False
3025,DOZ002,OP1008,2026-09-21 11:00:00,4208.75,117.02,31,7,Fastened,False
3026,DOZ002,OP1008,2026-09-21 11:15:00,4209.0,124.24,34,7,Unfastened,False
3027,DOZ002,OP1008,2026-09-21 11:30:00,4209.25,133.38,35,3,Fastened,False
3028,DOZ002,OP1008,2026-09-21 11:45:00,4209.4,134.68,35,44,Fastened,False
3029,DOZ002,OP1008,2026-09-21 12:00:00,4209.55,135.97,35,27,Fastened,False
3030,DOZ002,OP1008,2026-09-21 12:15:00,4209.8,144.69,36,2,Fastened,False
3031,DOZ002,OP1008,2026-09-21 12:30:00,4210.05,152.45,39,5,Fastened,False
3032,DOZ002,OP1008,2026-09-21 12:45:00,4210.3,160.92,40,0,Fastened,False
3033,DOZ002,OP1008,2026-09-21 13:00:00,4210.55,168.96,42,0,Fastened,False
3034,DOZ002,OP1008,2026-09-21 13:15:00,4210.8,177.34,45,3,Fastened,False
3035,DOZ002,OP1008,2026-09-21 13:30:00,4211.05,185.77,46,1,Fastened,False
3036,DOZ002,OP1008,2026-09-21 13:45:00,4211.2,188.25,46,32,Fastened,False
3037,DOZ002,OP1008,2026-09-21 14:00:00,4211.45,194.56,47,8,Fastened,False
3038,DOZ002,OP1008,2026-09-21 14:15:00,4211.7,203.21,49,12,Fastened,False
3039,DOZ002,OP1008,2026-09-21 14:30:00,4211.95,207.87,51,1,Fastened,False
3040,DOZ002,OP1008,2026-09-21 14:45:00,4212.2,214.79,52,5,Fastened,False
3041,TRK001,OP1009,2026-09-21 07:00:00,2235.35,6.72,3,3,Fastened,False
3042,TRK001,OP1009,2026-09-21 07:15:00,2235.6,14.42,6,8,Fastened,False
3043,TRK001,OP1009,2026-09-21 07:30:00,2235.85,19.79,8,1,Fastened,False
3044,TRK001,OP1009,2026-09-21 07:45:00,2236.1,29.08,9,4,Unfastened,False
3045,TRK001,OP1009,2026-09-21 08:00:00,2236.35,37.61,12,6,Fastened,False
3046,TRK001,OP1009,2026-09-21 08:15:00,2236.6,43.3,14,1,Fastened,False
3047,TRK001,OP1009,2026-09-21 08:30:00,2236.85,48.21,16,13,Fastened,False
3048,TRK001,OP1009,2026-09-21 08:45:00,2237.1,57.58,17,5,Fastened,False
3049,TRK001,OP1009,2026-09-21 09:00:00,2237.35,64.61,18,4,Fastened,False
3050,TRK001,OP1009,2026-09-21 09:15:00,2237.6,71.82,19,8,Fastened,False
3051,TRK001,OP1009,2026-09-21 09:30:00,2237.75,73.52,19,25,Fastened,False
3052,TRK001,OP1009,2026-09-21 09:45:00,2238.0,81.15,20,1,Fastened,False
3053,TRK001,OP1009,2026-09-21 10:00:00,2238.25,87.41,23,4,Fastened,False
3054,TRK001,OP1009,2026-09-21 10:15:00,2238.5,96.17,24,3,Fastened,False
3055,TRK001,OP1009,2026-09-21 10:30:00,2238.75,100.76,26,8,Fastened,False
3056,TRK001,OP1009,2026-09-21 10:45:00,2238.9,103.26,26,35,Fastened,False
3057,TRK001,OP1009,2026-09-21 11:00:00,2239.15,112.13,28,7,Fastened,False
3058,TRK001,OP1009,2026-09-21 11:15:00,2239.4,121.34,31,6,Fastened,False
3059,TRK001,OP1009,2026-09-21 11:30:00,2239.65,130.24,33,4,Fastened,False
3060,TRK001,OP1009,2026-09-21 11:45:00,2239.9,138.93,35,8,Fastened,False
3061,TRK001,OP1009,2026-09-21 12:00:00,2240.15,147.3,38,2,Fastened,False
3062,TRK001,OP1009,2026-09-21 12:15:00,2240.4,155.76,40,8,Fastened,False
3063,TRK001,OP1009,2026-09-21 12:30:00,2240.65,162.83,42,6,Fastened,False
3064,TRK001,OP1009,2026-09-21 12:45:00,2240.9,169.39,43,0,Fastened,False
3065,TRK001,OP1009,2026-09-21 13:00:00,2241.15,176.44,45,6,Fastened,False
3066,TRK001,OP1009,2026-09-21 13:15:00,2241.4,184.88,47,5,Fastened,False
3067,TRK001,OP1009,2026-09-21 13:30:00,2241.65,193.9,49,0,Fastened,False
3068,TRK001,OP1009,2026-09-21 13:45:00,2241.9,199.75,50,7,Fastened,False
3069,TRK001,OP1009,2026-09-21 14:00:00,2242.15,206.67,53,6,Fastened,False
3070,TRK001,OP1009,2026-09-21 14:15:00,2242.4,211.23,55,8,Fastened,False
3071,TRK001,OP1009,2026-09-21 14:30:00,2242.65,218.71,58,3,Fastened,False
3072,TRK001,OP1009,2026-09-21 14:45:00,2242.9,225.22,61,6,Fastened,False
3073,EXC001,OP1001,2026-09-22 07:00:00,1610.65,2.0,0,44,Fastened,False
3074,EXC001,OP1001,2026-09-22 07:15:00,1610.9,10.67,1,7,Fastened,False
3075,EXC001,OP1001,2026-09-22 07:30:00,1611.15,15.56,2,8,Fastened,False
3076,EXC001,OP1001,2026-09-22 07:45:00,1611.4,21.24,4,2,Fastened,False
3077,EXC001,OP1001,2026-09-22 08:00:00,1611.65,26.85,6,3,Fastened,False
3078,EXC001,OP1001,2026-09-22 08:15:00,1611.9,34.97,8,3,Fastened,False
3079,EXC001,OP1001,2026-09-22 08:30:00,1612.15,44.06,11,4,Fastened,False
3080,EXC001,OP1001,2026-09-22 08:45:00,1612.4,51.72,14,9,Fastened,False
3081,EXC001,OP1001,2026-09-22 09:00:00,1612.65,59.12,16,7,Fastened,False
3082,EXC001,OP1001,2026-09-22 09:15:00,1612.9,68.02,17,5,Unfastened,True
3083,EXC001,OP1001,2026-09-22 09:30:00,1613.15,74.77,19,0,Unfastened,True
3084,EXC001,OP1001,2026-09-22 09:45:00,1613.4,83.36,20,8,Unfastened,True
3085,EXC001,OP1001,2026-09-22 10:00:00,1613.65,90.01,23,3,Unfastened,True
3086,EXC001,OP1001,2026-09-22 10:15:00,1613.9,95.6,24,2,Unfastened,True
3087,EXC001,OP1001,2026-09-22 10:30:00,1614.15,101.98,27,4,Unfastened,True
3088,EXC001,OP1001,2026-09-22 10:45:00,1614.4,106.62,29,7,Unfastened,True
3089,EXC001,OP1001,2026-09-22 11:00:00,1614.65,112.14,30,5,Fastened,False
3090,EXC001,OP1001,2026-09-22 11:15:00,1614.9,118.6,32,1,Fastened,False
3091,EXC001,OP1001,2026-09-22 11:30:00,1615.15,124.36,33,7,Fastened,False
3092,EXC001,OP1001,2026-09-22 11:45:00,1615.4,130.0,35,0,Fastened,False
3093,EXC001,OP1001,2026-09-22 12:00:00,1615.65,135.68,37,3,Fastened,False
3094,EXC001,OP1001,2026-09-22 12:15:00,1615.9,142.92,40,5,Fastened,False
3095,EXC001,OP1001,2026-09-22 12:30:00,1616.15,150.89,42,2,Fastened,False
3096,EXC001,OP1001,2026-09-22 12:45:00,1616.4,157.43,43,2,Fastened,False
3097,EXC001,OP1001,2026-09-22 13:00:00,1616.65,163.33,45,9,Unfastened,True
3098,EXC001,OP1001,2026-09-22 13:15:00,1616.9,170.29,46,3,Fastened,False
3099,EXC001,OP1001,2026-09-22 13:30:00,1617.15,177.2,47,5,Fastened,False
3100,EXC001,OP1001,2026-09-22 13:45:00,1617.4,186.28,50,5,Fastened,False
3101,EXC001,OP1001,2026-09-22 14:00:00,1617.65,194.25,53,7,Fastened,False
3102,EXC001,OP1001,2026-09-22 14:15:00,1617.9,203.37,54,1,Fastened,False
3103,EXC001,OP1001,2026-09-22 14:30:00,1618.15,210.81,55,9,Fastened,False
3104,EXC001,OP1001,2026-09-22 14:45:00,1618.3,212.45,55,43,Fastened,False
3105,EXC002,OP1004,2026-09-22 07:00:00,2929.95,16.26,2,9,Fastened,False
3106,EXC002,OP1004,2026-09-22 07:15:00,2930.2,36.28,4,3,Fastened,False
3107,EXC002,OP1004,2026-09-22 07:30:00,2930.45,55.07,7,1,Fastened,False
3108,EXC002,OP1004,2026-09-22 07:45:00,2930.6,57.0,7,44,Fastened,False
3109,EXC002,OP1004,2026-09-22 08:00:00,2930.85,68.73,10,0,Unfastened,True
3110,EXC002,OP1004,2026-09-22 08:15:00,2931.1,84.33,12,7,Fastened,False
3111,EXC002,OP1004,2026-09-22 08:30:00,2931.35,101.67,15,10,Fastened,False
3112,EXC002,OP1004,2026-09-22 08:45:00,2931.6,118.65,16,2,Fastened,False
3113,EXC002,OP1004,2026-09-22 09:00:00,2931.85,132.88,19,13,Fastened,False
3114,EXC002,OP1004,2026-09-22 09:15:00,2932.1,145.68,20,0,Fastened,False
3115,EXC002,OP1004,2026-09-22 09:30:00,2932.25,147.62,20,25,Fastened,False
3116,EXC002,OP1004,2026-09-22 09:45:00,2932.5,167.84,22,3,Fastened,False
3117,EXC002,OP1004,2026-09-22 10:00:00,2932.75,180.14,23,16,Fastened,False
3118,EXC002,OP1004,2026-09-22 10:15:00,2933.0,190.9,24,5,Fastened,False
3119,EXC002,OP1004,2026-09-22 10:30:00,2933.25,204.17,27,4,Fastened,False
3120,EXC002,OP1004,2026-09-22 10:45:00,2933.4,206.07,27,44,Fastened,False
3121,EXC002,OP1004,2026-09-22 11:00:00,2933.65,224.24,29,0,Unfastened,True
3122,EXC002,OP1004,2026-09-22 11:15:00,2933.9,239.57,32,8,Fastened,False
3123,EXC002,OP1004,2026-09-22 11:30:00,2934.15,257.26,35,4,Fastened,False
3124,EXC002,OP1004,2026-09-22 11:45:00,2934.4,267.36,37,2,Fastened,False
3125,EXC002,OP1004,2026-09-22 12:00:00,2934.55,269.37,37,50,Fastened,False
3126,EXC002,OP1004,2026-09-22 12:15:00,2934.7,270.82,37,53,Fastened,False
3127,EXC002,OP1004,2026-09-22 12:30:00,2934.85,272.86,37,57,Fastened,False
3128,EXC002,OP1004,2026-09-22 12:45:00,2935.0,274.99,37,64,Fastened,False
3129,EXC002,OP1004,2026-09-22 13:00:00,2935.15,277.45,37,53,Fastened,False
3130,EXC002,OP1004,2026-09-22 13:15:00,2935.3,279.4,37,54,Fastened,False
3131,EXC002,OP1004,2026-09-22 13:30:00,2935.45,281.89,37,56,Fastened,False
3132,EXC002,OP1004,2026-09-22 13:45:00,2935.6,283.12,37,66,Fastened,False
3133,EXC002,OP1004,2026-09-22 14:00:00,2935.75,285.0,37,50,Fastened,False
3134,EXC002,OP1004,2026-09-22 14:15:00,2935.9,287.37,37,67,Fastened,False
3135,EXC002,OP1004,2026-09-22 14:30:00,2936.05,288.89,37,47,Fastened,False
3136,EXC002,OP1004,2026-09-22 14:45:00,2936.2,290.99,37,50,Fastened,False
3137,EXC003,OP1005,2026-09-22 07:00:00,512.65,7.39,3,9,Fastened,False
3138,EXC003,OP1005,2026-09-22 07:15:00,512.9,15.39,4,7,Fastened,False
3139,EXC003,OP1005,2026-09-22 07:30:00,513.15,22.35,6,13,Fastened,False
3140,EXC003,OP1005,2026-09-22 07:45:00,513.4,28.64,9,9,Unfastened,False
3141,EXC003,OP1005,2026-09-22 08:00:00,513.65,34.81,11,5,Fastened,False
3142,EXC003,OP1005,2026-09-22 08:15:00,513.9,39.84,14,7,Fastened,False
3143,EXC003,OP1005,2026-09-22 08:30:00,514.15,46.47,15,12,Fastened,False
3144,EXC003,OP1005,2026-09-22 08:45:00,514.4,55.43,18,3,Fastened,False
3145,EXC003,OP1005,2026-09-22 09:00:00,514.65,63.62,19,4,Fastened,False
3146,EXC003,OP1005,2026-09-22 09:15:00,514.9,73.01,21,0,Fastened,False
3147,EXC003,OP1005,2026-09-22 09:30:00,515.15,77.83,23,8,Unfastened,True
3148,EXC003,OP1005,2026-09-22 09:45:00,515.4,87.06,24,4,Unfastened,True
3149,EXC003,OP1005,2026-09-22 10:00:00,515.65,92.97,27,1,Unfastened,True
3150,EXC003,OP1005,2026-09-22 10:15:00,515.9,98.22,30,5,Unfastened,True
3151,EXC003,OP1005,2026-09-22 10:30:00,516.15,104.47,33,2,Unfastened,True
3152,EXC003,OP1005,2026-09-22 10:45:00,516.4,113.83,34,4,Unfastened,True
3153,EXC003,OP1005,2026-09-22 11:00:00,516.65,120.99,35,8,Fastened,False
3154,EXC003,OP1005,2026-09-22 11:15:00,516.9,125.57,38,2,Fastened,False
3155,EXC003,OP1005,2026-09-22 11:30:00,517.15,130.28,40,3,Fastened,False
3156,EXC003,OP1005,2026-09-22 11:45:00,517.4,136.87,42,10,Unfastened,False
3157,EXC003,OP1005,2026-09-22 12:00:00,517.65,143.67,45,1,Fastened,False
3158,EXC003,OP1005,2026-09-22 12:15:00,517.9,152.29,47,5,Fastened,False
3159,EXC003,OP1005,2026-09-22 12:30:00,518.15,161.69,50,1,Fastened,False
3160,EXC003,OP1005,2026-09-22 12:45:00,518.4,169.24,51,1,Fastened,False
3161,EXC003,OP1005,2026-09-22 13:00:00,518.65,175.79,52,2,Fastened,False
3162,EXC003,OP1005,2026-09-22 13:15:00,518.9,184.66,54,8,Fastened,False
3163,EXC003,OP1005,2026-09-22 13:30:00,519.15,189.73,55,7,Fastened,False
3164,EXC003,OP1005,2026-09-22 13:45:00,519.3,191.63,55,38,Fastened,False
3165,EXC003,OP1005,2026-09-22 14:00:00,519.55,196.22,56,2,Fastened,False
3166,EXC003,OP1005,2026-09-22 14:15:00,519.8,202.31,57,5,Fastened,False
3167,EXC003,OP1005,2026-09-22 14:30:00,519.95,204.42,57,35,Fastened,False
3168,EXC003,OP1005,2026-09-22 14:45:00,520.2,212.84,59,6,Fastened,False
3169,LDR001,OP1006,2026-09-22 07:00:00,1068.45,6.39,3,3,Fastened,False
3170,LDR001,OP1006,2026-09-22 07:15:00,1068.7,13.05,5,0,Fastened,False
3171,LDR001,OP1006,2026-09-22 07:30:00,1068.95,21.64,6,5,Fastened,False
3172,LDR001,OP1006,2026-09-22 07:45:00,1069.2,30.12,8,5,Unfastened,True
3173,LDR001,OP1006,2026-09-22 08:00:00,1069.45,34.95,11,4,Fastened,False
3174,LDR001,OP1006,2026-09-22 08:15:00,1069.7,41.29,14,4,Fastened,False
3175,LDR001,OP1006,2026-09-22 08:30:00,1069.95,48.14,15,7,Fastened,False
3176,LDR001,OP1006,2026-09-22 08:45:00,1070.2,54.89,18,5,Fastened,False
3177,LDR001,OP1006,2026-09-22 09:00:00,1070.45,60.35,19,8,Fastened,False
3178,LDR001,OP1006,2026-09-22 09:15:00,1070.7,66.68,20,3,Fastened,False
3179,LDR001,OP1006,2026-09-22 09:30:00,1070.95,74.05,21,1,Fastened,False
3180,LDR001,OP1006,2026-09-22 09:45:00,1071.2,78.81,22,15,Fastened,False
3181,LDR001,OP1006,2026-09-22 10:00:00,1071.45,83.78,23,8,Fastened,False
3182,LDR001,OP1006,2026-09-22 10:15:00,1071.7,90.1,24,1,Fastened,False
3183,LDR001,OP1006,2026-09-22 10:30:00,1071.95,99.52,27,5,Fastened,False
3184,LDR001,OP1006,2026-09-22 10:45:00,1072.2,104.85,28,3,Fastened,False
3185,LDR001,OP1006,2026-09-22 11:00:00,1072.45,110.29,29,8,Fastened,False
3186,LDR001,OP1006,2026-09-22 11:15:00,1072.7,118.52,32,6,Unfastened,True
3187,LDR001,OP1006,2026-09-22 11:30:00,1072.95,126.63,35,3,Fastened,False
3188,LDR001,OP1006,2026-09-22 11:45:00,1073.2,135.44,37,1,Fastened,False
3189,LDR001,OP1006,2026-09-22 12:00:00,1073.35,137.58,37,54,Fastened,False
3190,LDR001,OP1006,2026-09-22 12:15:00,1073.5,139.33,37,46,Fastened,False
3191,LDR001,OP1006,2026-09-22 12:30:00,1073.65,141.24,37,50,Fastened,False
3192,LDR001,OP1006,2026-09-22 12:45:00,1073.8,143.11,37,53,Fastened,False
3193,LDR001,OP1006,2026-09-22 13:00:00,1073.95,144.51,37,53,Fastened,False
3194,LDR001,OP1006,2026-09-22 13:15:00,1074.1,146.53,37,51,Fastened,False
3195,LDR001,OP1006,2026-09-22 13:30:00,1074.25,147.81,37,56,Fastened,False
3196,LDR001,OP1006,2026-09-22 13:45:00,1074.4,149.46,37,48,Unfastened,False
3197,LDR001,OP1006,2026-09-22 14:00:00,1074.55,150.84,37,55,Fastened,False
3198,LDR001,OP1006,2026-09-22 14:15:00,1074.7,152.66,37,59,Fastened,False
3199,LDR001,OP1006,2026-09-22 14:30:00,1074.85,154.39,37,48,Fastened,False
3200,LDR001,OP1006,2026-09-22 14:45:00,1075.0,156.67,37,58,Fastened,False
3201,LDR002,OP1007,2026-09-22 07:00:00,1912.75,5.16,3,4,Fastened,False
3202,LDR002,OP1007,2026-09-22 07:15:00,1913.0,9.96,6,9,Fastened,False
3203,LDR002,OP1007,2026-09-22 07:30:00,1913.25,18.52,9,7,Fastened,False
3204,LDR002,OP1007,2026-09-22 07:45:00,1913.5,25.69,11,8,Fastened,False
3205,LDR002,OP1007,2026-09-22 08:00:00,1913.75,31.68,13,6,Fastened,False
3206,LDR002,OP1007,2026-09-22 08:15:00,1914.0,38.26,14,7,Unfastened,False
3207,LDR002,OP1007,2026-09-22 08:30:00,1914.25,46.75,17,9,Fastened,False
3208,LDR002,OP1007,2026-09-22 08:45:00,1914.5,54.94,20,0,Fastened,False
3209,LDR002,OP1007,2026-09-22 09:00:00,1914.75,61.01,21,3,Fastened,False
3210,LDR002,OP1007,2026-09-22 09:15:00,1915.0,69.23,22,0,Fastened,False
3211,LDR002,OP1007,2026-09-22 09:30:00,1915.25,74.77,25,6,Fastened,False
3212,LDR002,OP1007,2026-09-22 09:45:00,1915.5,81.61,28,7,Fastened,False
3213,LDR002,OP1007,2026-09-22 10:00:00,1915.75,90.38,30,7,Fastened,False
3214,LDR002,OP1007,2026-09-22 10:15:00,1916.0,96.21,33,5,Fastened,False
3215,LDR002,OP1007,2026-09-22 10:30:00,1916.15,97.49,33,35,Fastened,False
3216,LDR002,OP1007,2026-09-22 10:45:00,1916.4,102.63,34,8,Fastened,False
3217,LDR002,OP1007,2026-09-22 11:00:00,1916.65,107.66,35,0,Fastened,False
3218,LDR002,OP1007,2026-09-22 11:15:00,1916.9,115.74,37,8,Fastened,False
3219,LDR002,OP1007,2026-09-22 11:30:00,1917.15,123.42,40,3,Fastened,False
3220,LDR002,OP1007,2026-09-22 11:45:00,1917.4,129.02,41,9,Fastened,False
3221,LDR002,OP1007,2026-09-22 12:00:00,1917.65,134.61,43,3,Fastened,False
3222,LDR002,OP1007,2026-09-22 12:15:00,1917.9,142.92,44,9,Fastened,False
3223,LDR002,OP1007,2026-09-22 12:30:00,1918.15,148.25,45,5,Fastened,False
3224,LDR002,OP1007,2026-09-22 12:45:00,1918.4,155.77,46,5,Fastened,False
3225,LDR002,OP1007,2026-09-22 13:00:00,1918.65,160.32,48,1,Fastened,False
3226,LDR002,OP1007,2026-09-22 13:15:00,1918.9,167.77,51,0,Fastened,False
3227,LDR002,OP1007,2026-09-22 13:30:00,1919.15,172.68,54,3,Fastened,False
3228,LDR002,OP1007,2026-09-22 13:45:00,1919.4,182.1,55,8,Fastened,False
3229,LDR002,OP1007,2026-09-22 14:00:00,1919.65,187.45,57,5,Fastened,False
3230,LDR002,OP1007,2026-09-22 14:15:00,1919.9,196.37,60,7,Fastened,False
3231,LDR002,OP1007,2026-09-22 14:30:00,1920.15,202.74,61,4,Fastened,False
3232,LDR002,OP1007,2026-09-22 14:45:00,1920.4,208.06,62,1,Fastened,False
3233,DOZ001,OP1008,2026-09-22 07:00:00,3502.85,1.68,0,25,Fastened,False
3234,DOZ001,OP1008,2026-09-22 07:15:00,3503.1,10.0,1,5,Fastened,False
3235,DOZ001,OP1008,2026-09-22 07:30:00,3503.35,16.12,4,8,Fastened,False
3236,DOZ001,OP1008,2026-09-22 07:45:00,3503.6,25.1,6,4,Fastened,False
3237,DOZ001,OP1008,2026-09-22 08:00:00,3503.85,33.58,8,4,Unfastened,False
3238,DOZ001,OP1008,2026-09-22 08:15:00,3504.1,40.42,10,4,Fastened,False
3239,DOZ001,OP1008,2026-09-22 08:30:00,3504.35,48.01,13,3,Fastened,False
3240,DOZ001,OP1008,2026-09-22 08:45:00,3504.6,57.36,14,1,Fastened,False
3241,DOZ001,OP1008,2026-09-22 09:00:00,3504.85,66.51,15,1,Fastened,False
3242,DOZ001,OP1008,2026-09-22 09:15:00,3505.1,71.78,16,1,Fastened,False
3243,DOZ001,OP1008,2026-09-22 09:30:00,3505.35,79.16,19,3,Fastened,False
3244,DOZ001,OP1008,2026-09-22 09:45:00,3505.6,87.41,22,9,Unfastened,False
3245,DOZ001,OP1008,2026-09-22 10:00:00,3505.85,92.48,23,7,Fastened,False
3246,DOZ001,OP1008,2026-09-22 10:15:00,3506.1,100.21,25,3,Fastened,False
3247,DOZ001,OP1008,2026-09-22 10:30:00,3506.25,102.28,25,23,Fastened,False
3248,DOZ001,OP1008,2026-09-22 10:45:00,3506.5,108.64,26,6,Fastened,False
3249,DOZ001,OP1008,2026-09-22 11:00:00,3506.75,115.16,28,0,Fastened,False
3250,DOZ001,OP1008,2026-09-22 11:15:00,3507.0,122.39,29,3,Fastened,False
3251,DOZ001,OP1008,2026-09-22 11:30:00,3507.25,131.0,32,3,Fastened,False
3252,DOZ001,OP1008,2026-09-22 11:45:00,3507.5,136.66,33,7,Fastened,False
3253,DOZ001,OP1008,2026-09-22 12:00:00,3507.75,143.46,34,5,Fastened,False
3254,DOZ001,OP1008,2026-09-22 12:15:00,3508.0,148.91,37,4,Fastened,False
3255,DOZ001,OP1008,2026-09-22 12:30:00,3508.15,150.3,37,31,Fastened,False
3256,DOZ001,OP1008,2026-09-22 12:45:00,3508.4,159.02,40,6,Fastened,False
3257,DOZ001,OP1008,2026-09-22 13:00:00,3508.65,167.42,42,1,Fastened,False
3258,DOZ001,OP1008,2026-09-22 13:15:00,3508.9,173.59,43,0,Fastened,False
3259,DOZ001,OP1008,2026-09-22 13:30:00,3509.15,182.37,46,5,Fastened,False
3260,DOZ001,OP1008,2026-09-22 13:45:00,3509.4,189.4,48,9,Fastened,False
3261,DOZ001,OP1008,2026-09-22 14:00:00,3509.65,194.46,50,2,Fastened,False
3262,DOZ001,OP1008,2026-09-22 14:15:00,3509.9,199.54,51,2,Fastened,False
3263,DOZ001,OP1008,2026-09-22 14:30:00,3510.15,207.79,52,6,Fastened,False
3264,DOZ001,OP1008,2026-09-22 14:45:00,3510.4,216.62,54,0,Fastened,False
3265,DOZ002,OP1009,2026-09-22 07:00:00,4212.45,5.89,1,5,Fastened,False
3266,DOZ002,OP1009,2026-09-22 07:15:00,4212.7,13.67,4,8,Fastened,False
3267,DOZ002,OP1009,2026-09-22 07:30:00,4212.85,14.94,4,30,Fastened,False
3268,DOZ002,OP1009,2026-09-22 07:45:00,4213.1,22.78,7,7,Fastened,False
3269,DOZ002,OP1009,2026-09-22 08:00:00,4213.35,30.02,10,6,Fastened,False
3270,DOZ002,OP1009,2026-09-22 08:15:00,4213.5,31.58,10,44,Fastened,False
3271,DOZ002,OP1009,2026-09-22 08:30:00,4213.75,36.59,11,1,Fastened,False
3272,DOZ002,OP1009,2026-09-22 08:45:00,4214.0,41.14,14,0,Fastened,False
3273,DOZ002,OP1009,2026-09-22 09:00:00,4214.25,49.39,17,2,Fastened,False
3274,DOZ002,OP1009,2026-09-22 09:15:00,4214.5,57.55,20,4,Fastened,False
3275,DOZ002,OP1009,2026-09-22 09:30:00,4214.75,65.09,21,1,Unfastened,True
3276,DOZ002,OP1009,2026-09-22 09:45:00,4215.0,73.78,24,2,Fastened,False
3277,DOZ002,OP1009,2026-09-22 10:00:00,4215.25,82.52,26,6,Fastened,False
3278,DOZ002,OP1009,2026-09-22 10:15:00,4215.5,88.57,28,9,Fastened,False
3279,DOZ002,OP1009,2026-09-22 10:30:00,4215.75,97.32,29,9,Unfastened,True
3280,DOZ002,OP1009,2026-09-22 10:45:00,4216.0,104.27,30,3,Fastened,False
3281,DOZ002,OP1009,2026-09-22 11:00:00,4216.25,113.0,32,0,Fastened,False
3282,DOZ002,OP1009,2026-09-22 11:15:00,4216.5,121.44,34,2,Fastened,False
3283,DOZ002,OP1009,2026-09-22 11:30:00,4216.65,123.42,34,22,Fastened,False
3284,DOZ002,OP1009,2026-09-22 11:45:00,4216.9,129.93,36,9,Unfastened,False
3285,DOZ002,OP1009,2026-09-22 12:00:00,4217.15,139.42,39,9,Fastened,False
3286,DOZ002,OP1009,2026-09-22 12:15:00,4217.4,148.88,42,8,Fastened,False
3287,DOZ002,OP1009,2026-09-22 12:30:00,4217.65,153.98,45,5,Fastened,False
3288,DOZ002,OP1009,2026-09-22 12:45:00,4217.9,160.36,48,4,Fastened,False
3289,DOZ002,OP1009,2026-09-22 13:00:00,4218.05,162.56,48,38,Fastened,False
3290,DOZ002,OP1009,2026-09-22 13:15:00,4218.3,170.77,51,10,Fastened,False
3291,DOZ002,OP1009,2026-09-22 13:30:00,4218.55,177.59,52,5,Fastened,False
3292,DOZ002,OP1009,2026-09-22 13:45:00,4218.8,183.39,54,16,Fastened,False
3293,DOZ002,OP1009,2026-09-22 14:00:00,4219.05,192.15,55,5,Unfastened,True
3294,DOZ002,OP1009,2026-09-22 14:15:00,4219.3,201.11,58,8,Fastened,False
3295,DOZ002,OP1009,2026-09-22 14:30:00,4219.55,205.89,59,9,Fastened,False
3296,DOZ002,OP1009,2026-09-22 14:45:00,4219.7,207.35,59,28,Fastened,False
3297,TRK001,OP1010,2026-09-22 07:00:00,2243.15,9.11,3,4,Fastened,False
3298,TRK001,OP1010,2026-09-22 07:15:00,2243.4,13.66,4,2,Fastened,False
3299,TRK001,OP1010,2026-09-22 07:30:00,2243.65,19.25,6,4,Unfastened,False
3300,TRK001,OP1010,2026-09-22 07:45:00,2243.9,28.39,8,1,Fastened,False
3301,TRK001,OP1010,2026-09-22 08:00:00,2244.15,34.28,11,5,Fastened,False
3302,TRK001,OP1010,2026-09-22 08:15:00,2244.4,40.42,12,3,Fastened,False
3303,TRK001,OP1010,2026-09-22 08:30:00,2244.55,42.81,12,28,Fastened,False
3304,TRK001,OP1010,2026-09-22 08:45:00,2244.8,51.1,13,2,Fastened,False
3305,TRK001,OP1010,2026-09-22 09:00:00,2245.05,59.46,15,3,Fastened,False
3306,TRK001,OP1010,2026-09-22 09:15:00,2245.3,68.49,16,2,Fastened,False
3307,TRK001,OP1010,2026-09-22 09:30:00,2245.55,74.33,18,5,Fastened,False
3308,TRK001,OP1010,2026-09-22 09:45:00,2245.8,79.04,19,4,Fastened,False
3309,TRK001,OP1010,2026-09-22 10:00:00,2246.05,88.3,22,4,Fastened,False
3310,TRK001,OP1010,2026-09-22 10:15:00,2246.3,95.06,23,7,Fastened,False
3311,TRK001,OP1010,2026-09-22 10:30:00,2246.55,100.36,24,6,Fastened,False
3312,TRK001,OP1010,2026-09-22 10:45:00,2246.8,107.09,27,9,Fastened,False
3313,TRK001,OP1010,2026-09-22 11:00:00,2247.05,112.35,29,2,Fastened,False
3314,TRK001,OP1010,2026-09-22 11:15:00,2247.2,114.81,29,29,Fastened,False
3315,TRK001,OP1010,2026-09-22 11:30:00,2247.45,119.71,30,8,Fastened,False
3316,TRK001,OP1010,2026-09-22 11:45:00,2247.7,127.44,33,7,Fastened,False
3317,TRK001,OP1010,2026-09-22 12:00:00,2247.95,136.3,36,7,Fastened,False
3318,TRK001,OP1010,2026-09-22 12:15:00,2248.2,144.88,38,2,Fastened,False
3319,TRK001,OP1010,2026-09-22 12:30:00,2248.45,153.79,40,3,Fastened,False
3320,TRK001,OP1010,2026-09-22 12:45:00,2248.7,159.58,41,5,Fastened,False
3321,TRK001,OP1010,2026-09-22 13:00:00,2248.95,166.6,44,7,Fastened,False
3322,TRK001,OP1010,2026-09-22 13:15:00,2249.2,172.95,45,8,Fastened,False
3323,TRK001,OP1010,2026-09-22 13:30:00,2249.45,179.01,47,3,Fastened,False
3324,TRK001,OP1010,2026-09-22 13:45:00,2249.7,188.04,48,5,Fastened,False
3325,TRK001,OP1010,2026-09-22 14:00:00,2249.95,193.79,51,19,Fastened,False
3326,TRK001,OP1010,2026-09-22 14:15:00,2250.2,198.34,52,8,Fastened,False
3327,TRK001,OP1010,2026-09-22 14:30:00,2250.45,203.0,55,4,Fastened,False
3328,TRK001,OP1010,2026-09-22 14:45:00,2250.6,204.52,55,42,Fastened,False
3329,EXC001,OP1004,2026-09-23 07:00:00,1618.55,8.09,2,4,Fastened,False
3330,EXC001,OP1004,2026-09-23 07:15:00,1618.8,15.49,4,4,Fastened,False
3331,EXC001,OP1004,2026-09-23 07:30:00,1619.05,22.87,7,7,Fastened,False
3332,EXC001,OP1004,2026-09-23 07:45:00,1619.3,29.38,10,5,Fastened,False
3333,EXC001,OP1004,2026-09-23 08:00:00,1619.45,30.98,10,45,Fastened,False
3334,EXC001,OP1004,2026-09-23 08:15:00,1619.7,36.97,12,1,Fastened,False
3335,EXC001,OP1004,2026-09-23 08:30:00,1619.95,44.62,14,6,Fastened,False
3336,EXC001,OP1004,2026-09-23 08:45:00,1620.2,50.39,16,1,Fastened,False
3337,EXC001,OP1004,2026-09-23 09:00:00,1620.45,55.21,18,19,Fastened,False
3338,EXC001,OP1004,2026-09-23 09:15:00,1620.7,61.57,21,0,Fastened,False
3339,EXC001,OP1004,2026-09-23 09:30:00,1620.95,70.18,23,6,Fastened,False
3340,EXC001,OP1004,2026-09-23 09:45:00,1621.2,74.75,26,0,Fastened,False
3341,EXC001,OP1004,2026-09-23 10:00:00,1621.45,80.48,29,9,Fastened,False
3342,EXC001,OP1004,2026-09-23 10:15:00,1621.7,88.67,31,5,Fastened,False
3343,EXC001,OP1004,2026-09-23 10:30:00,1621.95,97.23,33,9,Fastened,False
3344,EXC001,OP1004,2026-09-23 10:45:00,1622.2,105.14,35,6,Fastened,False
3345,EXC001,OP1004,2026-09-23 11:00:00,1622.45,113.42,37,9,Unfastened,False
3346,EXC001,OP1004,2026-09-23 11:15:00,1622.7,120.52,39,7,Fastened,False
3347,EXC001,OP1004,2026-09-23 11:30:00,1622.95,128.83,42,5,Unfastened,True
3348,EXC001,OP1004,2026-09-23 11:45:00,1623.2,135.61,43,8,Fastened,False
3349,EXC001,OP1004,2026-09-23 12:00:00,1623.45,141.11,46,2,Fastened,False
3350,EXC001,OP1004,2026-09-23 12:15:00,1623.7,146.8,48,6,Fastened,False
3351,EXC001,OP1004,2026-09-23 12:30:00,1623.95,153.9,49,5,Fastened,False
3352,EXC001,OP1004,2026-09-23 12:45:00,1624.2,162.81,50,1,Fastened,False
3353,EXC001,OP1004,2026-09-23 13:00:00,1624.45,168.27,52,4,Fastened,False
3354,EXC001,OP1004,2026-09-23 13:15:00,1624.7,175.45,53,3,Fastened,False
3355,EXC001,OP1004,2026-09-23 13:30:00,1624.95,183.47,54,6,Fastened,False
3356,EXC001,OP1004,2026-09-23 13:45:00,1625.2,191.54,56,7,Fastened,False
3357,EXC001,OP1004,2026-09-23 14:00:00,1625.45,197.65,57,6,Fastened,False
3358,EXC001,OP1004,2026-09-23 14:15:00,1625.7,206.98,60,1,Fastened,False
3359,EXC001,OP1004,2026-09-23 14:30:00,1625.95,211.59,61,1,Fastened,False
3360,EXC001,OP1004,2026-09-23 14:45:00,1626.2,220.42,64,6,Fastened,False
3361,EXC002,OP1005,2026-09-23 07:00:00,2936.45,7.26,2,7,Unfastened,True
3362,EXC002,OP1005,2026-09-23 07:15:00,2936.7,15.39,3,7,Fastened,False
3363,EXC002,OP1005,2026-09-23 07:30:00,2936.85,17.57,3,36,Fastened,False
3364,EXC002,OP1005,2026-09-23 07:45:00,2937.1,23.48,5,6,Fastened,False
3365,EXC002,OP1005,2026-09-23 08:00:00,2937.25,25.3,5,33,Fastened,False
3366,EXC002,OP1005,2026-09-23 08:15:00,2937.5,34.38,7,4,Fastened,False
3367,EXC002,OP1005,2026-09-23 08:30:00,2937.75,39.9,8,2,Fastened,False
3368,EXC002,OP1005,2026-09-23 08:45:00,2938.0,46.65,10,20,Fastened,False
3369,EXC002,OP1005,2026-09-23 09:00:00,2938.25,54.68,12,3,Fastened,False
3370,EXC002,OP1005,2026-09-23 09:15:00,2938.5,62.72,13,7,Fastened,False
3371,EXC002,OP1005,2026-09-23 09:30:00,2938.75,70.26,14,6,Fastened,False
3372,EXC002,OP1005,2026-09-23 09:45:00,2939.0,76.35,17,4,Fastened,False
3373,EXC002,OP1005,2026-09-23 10:00:00,2939.25,85.75,18,1,Fastened,False
3374,EXC002,OP1005,2026-09-23 10:15:00,2939.5,91.52,21,0,Fastened,False
3375,EXC002,OP1005,2026-09-23 10:30:00,2939.75,98.55,23,6,Fastened,False
3376,EXC002,OP1005,2026-09-23 10:45:00,2940.0,103.99,25,0,Fastened,False
3377,EXC002,OP1005,2026-09-23 11:00:00,2940.25,111.9,28,1,Fastened,False
3378,EXC002,OP1005,2026-09-23 11:15:00,2940.5,118.36,30,9,Fastened,False
3379,EXC002,OP1005,2026-09-23 11:30:00,2940.65,120.41,30,24,Fastened,False
3380,EXC002,OP1005,2026-09-23 11:45:00,2940.9,126.88,31,1,Fastened,False
3381,EXC002,OP1005,2026-09-23 12:00:00,2941.15,132.56,32,13,Unfastened,False
3382,EXC002,OP1005,2026-09-23 12:15:00,2941.4,138.6,33,9,Fastened,False
3383,EXC002,OP1005,2026-09-23 12:30:00,2941.65,143.64,35,2,Fastened,False
3384,EXC002,OP1005,2026-09-23 12:45:00,2941.9,150.44,37,3,Fastened,False
3385,EXC002,OP1005,2026-09-23 13:00:00,2942.05,151.87,37,21,Fastened,False
3386,EXC002,OP1005,2026-09-23 13:15:00,2942.3,160.5,40,7,Fastened,False
3387,EXC002,OP1005,2026-09-23 13:30:00,2942.55,168.73,41,4,Fastened,False
3388,EXC002,OP1005,2026-09-23 13:45:00,2942.8,177.17,43,2,Fastened,False
3389,EXC002,OP1005,2026-09-23 14:00:00,2943.05,185.27,44,1,Fastened,False
3390,EXC002,OP1005,2026-09-23 14:15:00,2943.3,191.26,47,9,Fastened,False
3391,EXC002,OP1005,2026-09-23 14:30:00,2943.55,200.47,48,4,Fastened,False
3392,EXC002,OP1005,2026-09-23 14:45:00,2943.8,209.53,50,9,Fastened,False
3393,EXC003,OP1006,2026-09-23 07:00:00,520.45,6.17,2,0,Fastened,False
3394,EXC003,OP1006,2026-09-23 07:15:00,520.7,15.28,4,3,Fastened,False
3395,EXC003,OP1006,2026-09-23 07:30:00,520.95,23.14,6,0,Fastened,False
3396,EXC003,OP1006,2026-09-23 07:45:00,521.2,31.01,7,1,Fastened,False
3397,EXC003,OP1006,2026-09-23 08:00:00,521.45,36.16,8,6,Unfastened,True
3398,EXC003,OP1006,2026-09-23 08:15:00,521.6,37.42,8,27,Fastened,False
3399,EXC003,OP1006,2026-09-23 08:30:00,521.85,44.2,9,6,Fastened,False
3400,EXC003,OP1006,2026-09-23 08:45:00,522.1,48.97,11,3,Fastened,False
3401,EXC003,OP1006,2026-09-23 09:00:00,522.35,55.39,13,9,Fastened,False
3402,EXC003,OP1006,2026-09-23 09:15:00,522.6,63.56,14,5,Fastened,False
3403,EXC003,OP1006,2026-09-23 09:30:00,522.85,70.68,17,7,Fastened,False
3404,EXC003,OP1006,2026-09-23 09:45:00,523.1,78.0,19,5,Fastened,False
3405,EXC003,OP1006,2026-09-23 10:00:00,523.35,83.35,22,1,Fastened,False
3406,EXC003,OP1006,2026-09-23 10:15:00,523.6,89.99,24,15,Unfastened,True
3407,EXC003,OP1006,2026-09-23 10:30:00,523.75,92.12,24,24,Fastened,False
3408,EXC003,OP1006,2026-09-23 10:45:00,524.0,100.68,27,5,Fastened,False
3409,EXC003,OP1006,2026-09-23 11:00:00,524.25,108.31,29,5,Fastened,False
3410,EXC003,OP1006,2026-09-23 11:15:00,524.4,110.49,29,38,Fastened,False
3411,EXC003,OP1006,2026-09-23 11:30:00,524.65,117.06,30,4,Fastened,False
3412,EXC003,OP1006,2026-09-23 11:45:00,524.9,125.13,32,1,Fastened,False
3413,EXC003,OP1006,2026-09-23 12:00:00,525.05,126.96,32,32,Fastened,False
3414,EXC003,OP1006,2026-09-23 12:15:00,525.3,132.56,34,2,Unfastened,False
3415,EXC003,OP1006,2026-09-23 12:30:00,525.55,141.35,35,3,Fastened,False
3416,EXC003,OP1006,2026-09-23 12:45:00,525.8,149.44,37,8,Fastened,False
3417,EXC003,OP1006,2026-09-23 13:00:00,526.05,156.1,40,5,Fastened,False
3418,EXC003,OP1006,2026-09-23 13:15:00,526.3,163.85,41,18,Fastened,False
3419,EXC003,OP1006,2026-09-23 13:30:00,526.55,169.08,42,7,Fastened,False
3420,EXC003,OP1006,2026-09-23 13:45:00,526.7,170.41,42,35,Fastened,False
3421,EXC003,OP1006,2026-09-23 14:00:00,526.95,179.87,45,8,Fastened,False
3422,EXC003,OP1006,2026-09-23 14:15:00,527.2,186.48,48,7,Fastened,False
3423,EXC003,OP1006,2026-09-23 14:30:00,527.35,188.05,48,40,Fastened,False
3424,EXC003,OP1006,2026-09-23 14:45:00,527.6,195.73,49,0,Fastened,False
3425,LDR001,OP1007,2026-09-23 07:00:00,1075.25,8.87,2,6,Fastened,False
3426,LDR001,OP1007,2026-09-23 07:15:00,1075.5,14.22,5,1,Fastened,False
3427,LDR001,OP1007,2026-09-23 07:30:00,1075.75,21.89,8,6,Fastened,False
3428,LDR001,OP1007,2026-09-23 07:45:00,1076.0,28.39,9,4,Fastened,False
3429,LDR001,OP1007,2026-09-23 08:00:00,1076.25,34.69,12,8,Fastened,False
3430,LDR001,OP1007,2026-09-23 08:15:00,1076.5,42.17,13,8,Fastened,False
3431,LDR001,OP1007,2026-09-23 08:30:00,1076.75,48.36,15,8,Fastened,False
3432,LDR001,OP1007,2026-09-23 08:45:00,1076.9,50.84,15,47,Fastened,False
3433,LDR001,OP1007,2026-09-23 09:00:00,1077.15,58.17,17,7,Fastened,False
3434,LDR001,OP1007,2026-09-23 09:15:00,1077.3,60.2,17,43,Fastened,False
3435,LDR001,OP1007,2026-09-23 09:30:00,1077.55,65.08,18,8,Unfastened,True
3436,LDR001,OP1007,2026-09-23 09:45:00,1077.8,74.09,21,3,Fastened,False
3437,LDR001,OP1007,2026-09-23 10:00:00,1078.05,81.78,22,0,Fastened,False
3438,LDR001,OP1007,2026-09-23 10:15:00,1078.3,89.5,24,2,Fastened,False
3439,LDR001,OP1007,2026-09-23 10:30:00,1078.55,95.0,27,7,Fastened,False
3440,LDR001,OP1007,2026-09-23 10:45:00,1078.8,103.68,28,3,Fastened,False
3441,LDR001,OP1007,2026-09-23 11:00:00,1079.05,112.66,30,8,Fastened,False
3442,LDR001,OP1007,2026-09-23 11:15:00,1079.3,120.81,32,16,Fastened,False
3443,LDR001,OP1007,2026-09-23 11:30:00,1079.55,125.38,33,0,Fastened,False
3444,LDR001,OP1007,2026-09-23 11:45:00,1079.8,133.59,34,2,Fastened,False
3445,LDR001,OP1007,2026-09-23 12:00:00,1080.05,141.98,35,1,Fastened,False
3446,LDR001,OP1007,2026-09-23 12:15:00,1080.3,149.43,37,5,Fastened,False
3447,LDR001,OP1007,2026-09-23 12:30:00,1080.45,151.76,37,27,Fastened,False
3448,LDR001,OP1007,2026-09-23 12:45:00,1080.7,157.86,38,4,Fastened,False
3449,LDR001,OP1007,2026-09-23 13:00:00,1080.95,166.82,41,8,Fastened,False
3450,LDR001,OP1007,2026-09-23 13:15:00,1081.2,173.07,44,8,Fastened,False
3451,LDR001,OP1007,2026-09-23 13:30:00,1081.45,180.42,45,9,Fastened,False
3452,LDR001,OP1007,2026-09-23 13:45:00,1081.7,189.3,48,0,Fastened,False
3453,LDR001,OP1007,2026-09-23 14:00:00,1081.95,195.91,51,3,Fastened,False
3454,LDR001,OP1007,2026-09-23 14:15:00,1082.2,203.82,53,4,Fastened,False
3455,LDR001,OP1007,2026-09-23 14:30:00,1082.45,210.79,55,3,Fastened,False
3456,LDR001,OP1007,2026-09-23 14:45:00,1082.7,217.14,57,6,Fastened,False
3457,LDR002,OP1008,2026-09-23 07:00:00,1920.65,6.14,3,0,Fastened,False
3458,LDR002,OP1008,2026-09-23 07:15:00,1920.9,12.86,6,8,Fastened,False
3459,LDR002,OP1008,2026-09-23 07:30:00,1921.15,19.93,7,6,Fastened,False
3460,LDR002,OP1008,2026-09-23 07:45:00,1921.4,26.58,10,3,Fastened,False
3461,LDR002,OP1008,2026-09-23 08:00:00,1921.65,33.0,13,1,Fastened,False
3462,LDR002,OP1008,2026-09-23 08:15:00,1921.9,40.32,16,19,Unfastened,True
3463,LDR002,OP1008,2026-09-23 08:30:00,1922.15,48.45,18,6,Fastened,False
3464,LDR002,OP1008,2026-09-23 08:45:00,1922.4,57.21,19,3,Fastened,False
3465,LDR002,OP1008,2026-09-23 09:00:00,1922.65,63.45,20,9,Fastened,False
3466,LDR002,OP1008,2026-09-23 09:15:00,1922.9,70.18,21,3,Unfastened,True
3467,LDR002,OP1008,2026-09-23 09:30:00,1923.05,72.4,21,41,Fastened,False
3468,LDR002,OP1008,2026-09-23 09:45:00,1923.3,81.89,24,1,Fastened,False
3469,LDR002,OP1008,2026-09-23 10:00:00,1923.55,87.28,27,4,Fastened,False
3470,LDR002,OP1008,2026-09-23 10:15:00,1923.8,95.85,28,9,Fastened,False
3471,LDR002,OP1008,2026-09-23 10:30:00,1924.05,102.44,31,9,Fastened,False
3472,LDR002,OP1008,2026-09-23 10:45:00,1924.3,108.6,33,9,Fastened,False
3473,LDR002,OP1008,2026-09-23 11:00:00,1924.55,114.67,35,16,Fastened,False
3474,LDR002,OP1008,2026-09-23 11:15:00,1924.8,120.45,37,3,Fastened,False
3475,LDR002,OP1008,2026-09-23 11:30:00,1925.05,128.02,38,3,Fastened,False
3476,LDR002,OP1008,2026-09-23 11:45:00,1925.3,132.65,41,2,Fastened,False
3477,LDR002,OP1008,2026-09-23 12:00:00,1925.55,140.86,42,3,Fastened,False
3478,LDR002,OP1008,2026-09-23 12:15:00,1925.8,148.12,45,4,Unfastened,True
3479,LDR002,OP1008,2026-09-23 12:30:00,1926.05,153.1,46,2,Fastened,False
3480,LDR002,OP1008,2026-09-23 12:45:00,1926.3,158.15,48,2,Fastened,False
3481,LDR002,OP1008,2026-09-23 13:00:00,1926.55,164.53,50,7,Fastened,False
3482,LDR002,OP1008,2026-09-23 13:15:00,1926.8,172.81,52,6,Fastened,False
3483,LDR002,OP1008,2026-09-23 13:30:00,1927.05,179.53,54,3,Fastened,False
3484,LDR002,OP1008,2026-09-23 13:45:00,1927.3,188.92,57,5,Fastened,False
3485,LDR002,OP1008,2026-09-23 14:00:00,1927.55,194.15,58,6,Fastened,False
3486,LDR002,OP1008,2026-09-23 14:15:00,1927.8,201.09,61,3,Fastened,False
3487,LDR002,OP1008,2026-09-23 14:30:00,1928.05,206.61,62,4,Fastened,False
3488,LDR002,OP1008,2026-09-23 14:45:00,1928.3,212.08,64,3,Fastened,False
3489,DOZ001,OP1009,2026-09-23 07:00:00,3510.55,2.32,0,21,Unfastened,True
3490,DOZ001,OP1009,2026-09-23 07:15:00,3510.8,7.25,3,7,Fastened,False
3491,DOZ001,OP1009,2026-09-23 07:30:00,3511.05,14.61,5,5,Fastened,False
3492,DOZ001,OP1009,2026-09-23 07:45:00,3511.3,19.93,8,2,Fastened,False
3493,DOZ001,OP1009,2026-09-23 08:00:00,3511.55,26.58,10,8,Fastened,False
3494,DOZ001,OP1009,2026-09-23 08:15:00,3511.8,31.37,11,6,Fastened,False
3495,DOZ001,OP1009,2026-09-23 08:30:00,3512.05,37.66,12,4,Fastened,False
3496,DOZ001,OP1009,2026-09-23 08:45:00,3512.3,42.42,13,2,Fastened,False
3497,DOZ001,OP1009,2026-09-23 09:00:00,3512.55,50.65,14,5,Fastened,False
3498,DOZ001,OP1009,2026-09-23 09:15:00,3512.8,59.13,15,4,Fastened,False
3499,DOZ001,OP1009,2026-09-23 09:30:00,3513.05,65.05,18,5,Fastened,False
3500,DOZ001,OP1009,2026-09-23 09:45:00,3513.3,70.51,20,7,Fastened,False
3501,DOZ001,OP1009,2026-09-23 10:00:00,3513.55,78.19,23,6,Fastened,False
3502,DOZ001,OP1009,2026-09-23 10:15:00,3513.8,84.49,24,4,Fastened,False
3503,DOZ001,OP1009,2026-09-23 10:30:00,3514.05,93.34,26,0,Fastened,False
3504,DOZ001,OP1009,2026-09-23 10:45:00,3514.2,95.17,26,43,Fastened,False
3505,DOZ001,OP1009,2026-09-23 11:00:00,3514.45,103.84,28,3,Fastened,False
3506,DOZ001,OP1009,2026-09-23 11:15:00,3514.7,113.29,29,2,Fastened,False
3507,DOZ001,OP1009,2026-09-23 11:30:00,3514.95,117.99,31,7,Fastened,False
3508,DOZ001,OP1009,2026-09-23 11:45:00,3515.2,126.39,33,6,Fastened,False
3509,DOZ001,OP1009,2026-09-23 12:00:00,3515.45,130.91,35,5,Fastened,False
3510,DOZ001,OP1009,2026-09-23 12:15:00,3515.7,136.09,38,5,Fastened,False
3511,DOZ001,OP1009,2026-09-23 12:30:00,3515.95,140.82,40,5,Unfastened,False
3512,DOZ001,OP1009,2026-09-23 12:45:00,3516.2,149.5,41,0,Fastened,False
3513,DOZ001,OP1009,2026-09-23 13:00:00,3516.45,156.28,44,5,Fastened,False
3514,DOZ001,OP1009,2026-09-23 13:15:00,3516.7,161.1,45,3,Unfastened,True
3515,DOZ001,OP1009,2026-09-23 13:30:00,3516.95,168.83,46,8,Fastened,False
3516,DOZ001,OP1009,2026-09-23 13:45:00,3517.2,176.75,49,1,Fastened,False
3517,DOZ001,OP1009,2026-09-23 14:00:00,3517.45,186.14,51,5,Fastened,False
3518,DOZ001,OP1009,2026-09-23 14:15:00,3517.7,191.02,52,6,Fastened,False
3519,DOZ001,OP1009,2026-09-23 14:30:00,3517.95,197.81,53,1,Fastened,False
3520,DOZ001,OP1009,2026-09-23 14:45:00,3518.2,206.89,54,16,Fastened,False
3521,DOZ002,OP1010,2026-09-23 07:00:00,4219.95,6.55,2,5,Fastened,False
3522,DOZ002,OP1010,2026-09-23 07:15:00,4220.2,11.91,4,8,Fastened,False
3523,DOZ002,OP1010,2026-09-23 07:30:00,4220.45,17.28,5,0,Fastened,False
3524,DOZ002,OP1010,2026-09-23 07:45:00,4220.7,23.89,6,2,Fastened,False
3525,DOZ002,OP1010,2026-09-23 08:00:00,4220.95,29.21,7,6,Fastened,False
3526,DOZ002,OP1010,2026-09-23 08:15:00,4221.2,37.91,9,4,Fastened,False
3527,DOZ002,OP1010,2026-09-23 08:30:00,4221.45,42.81,10,8,Fastened,False
3528,DOZ002,OP1010,2026-09-23 08:45:00,4221.7,52.23,12,4,Fastened,False
3529,DOZ002,OP1010,2026-09-23 09:00:00,4221.95,58.33,13,2,Fastened,False
3530,DOZ002,OP1010,2026-09-23 09:15:00,4222.2,64.31,15,4,Fastened,False
3531,DOZ002,OP1010,2026-09-23 09:30:00,4222.45,71.27,17,5,Fastened,False
3532,DOZ002,OP1010,2026-09-23 09:45:00,4222.7,77.38,19,7,Unfastened,False
3533,DOZ002,OP1010,2026-09-23 10:00:00,4222.95,83.09,21,1,Fastened,False
3534,DOZ002,OP1010,2026-09-23 10:15:00,4223.2,90.63,22,9,Fastened,False
3535,DOZ002,OP1010,2026-09-23 10:30:00,4223.45,97.89,24,2,Fastened,False
3536,DOZ002,OP1010,2026-09-23 10:45:00,4223.6,99.24,24,40,Fastened,False
3537,DOZ002,OP1010,2026-09-23 11:00:00,4223.85,106.77,27,1,Fastened,False
3538,DOZ002,OP1010,2026-09-23 11:15:00,4224.1,115.58,29,2,Fastened,False
3539,DOZ002,OP1010,2026-09-23 11:30:00,4224.25,117.41,29,42,Fastened,False
3540,DOZ002,OP1010,2026-09-23 11:45:00,4224.5,123.68,30,3,Unfastened,False
3541,DOZ002,OP1010,2026-09-23 12:00:00,4224.75,128.55,31,4,Fastened,False
3542,DOZ002,OP1010,2026-09-23 12:15:00,4225.0,136.43,34,9,Fastened,False
3543,DOZ002,OP1010,2026-09-23 12:30:00,4225.25,142.74,35,5,Fastened,False
3544,DOZ002,OP1010,2026-09-23 12:45:00,4225.5,149.79,37,8,Fastened,False
3545,DOZ002,OP1010,2026-09-23 13:00:00,4225.75,155.23,38,4,Fastened,False
3546,DOZ002,OP1010,2026-09-23 13:15:00,4226.0,163.74,41,3,Fastened,False
3547,DOZ002,OP1010,2026-09-23 13:30:00,4226.25,170.18,44,6,Fastened,False
3548,DOZ002,OP1010,2026-09-23 13:45:00,4226.5,177.52,45,2,Fastened,False
3549,DOZ002,OP1010,2026-09-23 14:00:00,4226.75,184.2,47,1,Unfastened,True
3550,DOZ002,OP1010,2026-09-23 14:15:00,4227.0,189.12,50,6,Fastened,False
3551,DOZ002,OP1010,2026-09-23 14:30:00,4227.25,197.83,52,4,Fastened,False
3552,DOZ002,OP1010,2026-09-23 14:45:00,4227.5,206.85,53,6,Fastened,False
3553,TRK001,OP1001,2026-09-23 07:00:00,2250.85,5.07,3,1,Fastened,False
3554,TRK001,OP1001,2026-09-23 07:15:00,2251.1,9.98,4,6,Fastened,False
3555,TRK001,OP1001,2026-09-23 07:30:00,2251.35,15.17,7,7,Fastened,False
3556,TRK001,OP1001,2026-09-23 07:45:00,2251.6,20.19,9,8,Fastened,False
3557,TRK001,OP1001,2026-09-23 08:00:00,2251.85,25.93,11,1,Fastened,False
3558,TRK001,OP1001,2026-09-23 08:15:00,2252.1,34.68,12,1,Fastened,False
3559,TRK001,OP1001,2026-09-23 08:30:00,2252.25,36.01,12,27,Fastened,False
3560,TRK001,OP1001,2026-09-23 08:45:00,2252.5,43.65,13,7,Fastened,False
3561,TRK001,OP1001,2026-09-23 09:00:00,2252.75,48.68,15,0,Fastened,False
3562,TRK001,OP1001,2026-09-23 09:15:00,2253.0,55.34,18,7,Fastened,False
3563,TRK001,OP1001,2026-09-23 09:30:00,2253.25,61.45,21,7,Fastened,False
3564,TRK001,OP1001,2026-09-23 09:45:00,2253.5,66.38,22,2,Fastened,False
3565,TRK001,OP1001,2026-09-23 10:00:00,2253.75,75.39,23,1,Fastened,False
3566,TRK001,OP1001,2026-09-23 10:15:00,2254.0,80.21,26,11,Fastened,False
3567,TRK001,OP1001,2026-09-23 10:30:00,2254.25,89.46,29,4,Fastened,False
3568,TRK001,OP1001,2026-09-23 10:45:00,2254.5,97.65,31,2,Fastened,False
3569,TRK001,OP1001,2026-09-23 11:00:00,2254.75,106.21,33,9,Fastened,False
3570,TRK001,OP1001,2026-09-23 11:15:00,2255.0,115.67,36,3,Fastened,False
3571,TRK001,OP1001,2026-09-23 11:30:00,2255.25,122.06,37,3,Fastened,False
3572,TRK001,OP1001,2026-09-23 11:45:00,2255.5,129.17,40,1,Fastened,False
3573,TRK001,OP1001,2026-09-23 12:00:00,2255.75,134.31,41,9,Fastened,False
3574,TRK001,OP1001,2026-09-23 12:15:00,2256.0,143.74,44,7,Fastened,False
3575,TRK001,OP1001,2026-09-23 12:30:00,2256.25,152.75,45,5,Fastened,False
3576,TRK001,OP1001,2026-09-23 12:45:00,2256.5,158.62,46,6,Fastened,False
3577,TRK001,OP1001,2026-09-23 13:00:00,2256.75,167.41,49,1,Fastened,False
3578,TRK001,OP1001,2026-09-23 13:15:00,2257.0,172.01,50,3,Unfastened,True
3579,TRK001,OP1001,2026-09-23 13:30:00,2257.25,178.85,53,8,Fastened,False
3580,TRK001,OP1001,2026-09-23 13:45:00,2257.5,186.99,56,8,Fastened,False
3581,TRK001,OP1001,2026-09-23 14:00:00,2257.75,194.36,57,7,Fastened,False
3582,TRK001,OP1001,2026-09-23 14:15:00,2258.0,198.89,58,4,Unfastened,True
3583,TRK001,OP1001,2026-09-23 14:30:00,2258.25,208.38,60,5,Fastened,False
3584,TRK001,OP1001,2026-09-23 14:45:00,2258.5,215.46,63,5,Fastened,False
3585,EXC001,OP1001,2026-09-24 07:00:00,1626.35,2.18,0,25,Fastened,False
3586,EXC001,OP1001,2026-09-24 07:15:00,1626.6,8.28,3,2,Fastened,False
3587,EXC001,OP1001,2026-09-24 07:30:00,1626.85,15.78,6,5,Fastened,False
3588,EXC001,OP1001,2026-09-24 07:45:00,1627.1,21.91,8,1,Fastened,False
3589,EXC001,OP1001,2026-09-24 08:00:00,1627.25,23.14,8,37,Fastened,False
3590,EXC001,OP1001,2026-09-24 08:15:00,1627.5,31.57,10,7,Fastened,False
3591,EXC001,OP1001,2026-09-24 08:30:00,1627.75,39.85,12,2,Fastened,False
3592,EXC001,OP1001,2026-09-24 08:45:00,1628.0,45.36,13,3,Fastened,False
3593,EXC001,OP1001,2026-09-24 09:00:00,1628.15,47.66,13,42,Fastened,False
3594,EXC001,OP1001,2026-09-24 09:15:00,1628.4,54.74,16,8,Unfastened,False
3595,EXC001,OP1001,2026-09-24 09:30:00,1628.65,62.96,17,0,Fastened,False
3596,EXC001,OP1001,2026-09-24 09:45:00,1628.9,72.02,20,4,Fastened,False
3597,EXC001,OP1001,2026-09-24 10:00:00,1629.15,78.11,22,1,Fastened,False
3598,EXC001,OP1001,2026-09-24 10:15:00,1629.4,85.81,23,7,Fastened,False
3599,EXC001,OP1001,2026-09-24 10:30:00,1629.65,94.72,25,1,Fastened,False
3600,EXC001,OP1001,2026-09-24 10:45:00,1629.9,100.05,26,9,Fastened,False
3601,EXC001,OP1001,2026-09-24 11:00:00,1630.15,109.38,29,0,Fastened,False
3602,EXC001,OP1001,2026-09-24 11:15:00,1630.3,110.85,29,43,Unfastened,True
3603,EXC001,OP1001,2026-09-24 11:30:00,1630.55,120.07,31,3,Fastened,False
3604,EXC001,OP1001,2026-09-24 11:45:00,1630.8,124.78,34,5,Fastened,False
3605,EXC001,OP1001,2026-09-24 12:00:00,1631.05,133.6,36,8,Fastened,False
3606,EXC001,OP1001,2026-09-24 12:15:00,1631.3,139.54,38,3,Fastened,False
3607,EXC001,OP1001,2026-09-24 12:30:00,1631.55,148.18,39,8,Fastened,False
3608,EXC001,OP1001,2026-09-24 12:45:00,1631.8,153.27,41,4,Fastened,False
3609,EXC001,OP1001,2026-09-24 13:00:00,1632.05,159.42,44,3,Fastened,False
3610,EXC001,OP1001,2026-09-24 13:15:00,1632.3,167.4,47,9,Fastened,False
3611,EXC001,OP1001,2026-09-24 13:30:00,1632.55,174.93,48,4,Fastened,False
3612,EXC001,OP1001,2026-09-24 13:45:00,1632.8,180.85,49,0,Fastened,False
3613,EXC001,OP1001,2026-09-24 14:00:00,1633.05,187.02,51,19,Unfastened,True
3614,EXC001,OP1001,2026-09-24 14:15:00,1633.3,196.44,54,4,Fastened,False
3615,EXC001,OP1001,2026-09-24 14:30:00,1633.55,205.19,56,0,Fastened,False
3616,EXC001,OP1001,2026-09-24 14:45:00,1633.8,214.31,59,1,Fastened,False
3617,EXC002,OP1006,2026-09-24 07:00:00,2944.05,5.72,3,8,Fastened,False
3618,EXC002,OP1006,2026-09-24 07:15:00,2944.3,13.29,5,5,Fastened,False
3619,EXC002,OP1006,2026-09-24 07:30:00,2944.55,22.52,8,5,Fastened,False
3620,EXC002,OP1006,2026-09-24 07:45:00,2944.8,28.38,10,4,Fastened,False
3621,EXC002,OP1006,2026-09-24 08:00:00,2945.05,37.82,13,9,Fastened,False
3622,EXC002,OP1006,2026-09-24 08:15:00,2945.3,44.24,16,9,Fastened,False
3623,EXC002,OP1006,2026-09-24 08:30:00,2945.55,50.32,19,17,Fastened,False
3624,EXC002,OP1006,2026-09-24 08:45:00,2945.8,59.38,20,4,Fastened,False
3625,EXC002,OP1006,2026-09-24 09:00:00,2946.05,66.54,21,8,Fastened,False
3626,EXC002,OP1006,2026-09-24 09:15:00,2946.2,68.43,21,32,Unfastened,True
3627,EXC002,OP1006,2026-09-24 09:30:00,2946.45,76.96,23,6,Fastened,False
3628,EXC002,OP1006,2026-09-24 09:45:00,2946.7,83.42,25,2,Fastened,False
3629,EXC002,OP1006,2026-09-24 10:00:00,2946.95,89.34,26,7,Fastened,False
3630,EXC002,OP1006,2026-09-24 10:15:00,2947.2,94.8,29,2,Fastened,False
3631,EXC002,OP1006,2026-09-24 10:30:00,2947.45,101.03,32,2,Fastened,False
3632,EXC002,OP1006,2026-09-24 10:45:00,2947.7,109.45,35,5,Fastened,False
3633,EXC002,OP1006,2026-09-24 11:00:00,2947.95,117.06,37,12,Fastened,False
3634,EXC002,OP1006,2026-09-24 11:15:00,2948.2,122.7,39,7,Fastened,False
3635,EXC002,OP1006,2026-09-24 11:30:00,2948.45,128.84,42,4,Fastened,False
3636,EXC002,OP1006,2026-09-24 11:45:00,2948.7,133.41,45,9,Fastened,False
3637,EXC002,OP1006,2026-09-24 12:00:00,2948.95,139.39,46,3,Fastened,False
3638,EXC002,OP1006,2026-09-24 12:15:00,2949.2,147.79,47,6,Fastened,False
3639,EXC002,OP1006,2026-09-24 12:30:00,2949.45,152.9,48,2,Fastened,False
3640,EXC002,OP1006,2026-09-24 12:45:00,2949.7,161.52,49,5,Fastened,False
3641,EXC002,OP1006,2026-09-24 13:00:00,2949.95,170.76,50,5,Fastened,False
3642,EXC002,OP1006,2026-09-24 13:15:00,2950.2,179.59,51,1,Fastened,False
3643,EXC002,OP1006,2026-09-24 13:30:00,2950.45,184.66,52,7,Fastened,False
3644,EXC002,OP1006,2026-09-24 13:45:00,2950.7,190.8,55,4,Fastened,False
3645,EXC002,OP1006,2026-09-24 14:00:00,2950.95,197.49,58,9,Fastened,False
3646,EXC002,OP1006,2026-09-24 14:15:00,2951.2,205.03,60,7,Fastened,False
3647,EXC002,OP1006,2026-09-24 14:30:00,2951.45,210.66,61,1,Fastened,False
3648,EXC002,OP1006,2026-09-24 14:45:00,2951.7,216.44,63,8,Fastened,False
3649,EXC003,OP1007,2026-09-24 07:00:00,527.85,8.57,2,4,Fastened,False
3650,EXC003,OP1007,2026-09-24 07:15:00,528.1,17.64,5,4,Fastened,False
3651,EXC003,OP1007,2026-09-24 07:30:00,528.35,27.08,7,4,Fastened,False
3652,EXC003,OP1007,2026-09-24 07:45:00,528.6,33.82,8,9,Fastened,False
3653,EXC003,OP1007,2026-09-24 08:00:00,528.85,40.24,11,6,Fastened,False
3654,EXC003,OP1007,2026-09-24 08:15:00,529.0,41.8,11,40,Fastened,False
3655,EXC003,OP1007,2026-09-24 08:30:00,529.25,48.8,13,8,Fastened,False
3656,EXC003,OP1007,2026-09-24 08:45:00,529.5,57.1,15,3,Fastened,False
3657,EXC003,OP1007,2026-09-24 09:00:00,529.75,65.27,17,6,Fastened,False
3658,EXC003,OP1007,2026-09-24 09:15:00,530.0,71.47,20,0,Unfastened,True
3659,EXC003,OP1007,2026-09-24 09:30:00,530.25,80.55,22,1,Fastened,False
3660,EXC003,OP1007,2026-09-24 09:45:00,530.5,88.04,25,6,Fastened,False
3661,EXC003,OP1007,2026-09-24 10:00:00,530.75,97.24,26,2,Fastened,False
3662,EXC003,OP1007,2026-09-24 10:15:00,531.0,103.06,27,7,Fastened,False
3663,EXC003,OP1007,2026-09-24 10:30:00,531.25,109.57,29,5,Fastened,False
3664,EXC003,OP1007,2026-09-24 10:45:00,531.5,119.02,32,8,Fastened,False
3665,EXC003,OP1007,2026-09-24 11:00:00,531.75,125.19,34,5,Fastened,False
3666,EXC003,OP1007,2026-09-24 11:15:00,532.0,131.05,36,10,Fastened,False
3667,EXC003,OP1007,2026-09-24 11:30:00,532.25,138.97,38,6,Fastened,False
3668,EXC003,OP1007,2026-09-24 11:45:00,532.5,148.21,41,1,Fastened,False
3669,EXC003,OP1007,2026-09-24 12:00:00,532.75,154.04,44,8,Fastened,False
3670,EXC003,OP1007,2026-09-24 12:15:00,533.0,160.1,47,0,Fastened,False
3671,EXC003,OP1007,2026-09-24 12:30:00,533.25,164.93,49,17,Fastened,False
3672,EXC003,OP1007,2026-09-24 12:45:00,533.5,173.28,50,3,Fastened,False
3673,EXC003,OP1007,2026-09-24 13:00:00,533.75,181.7,52,7,Fastened,False
3674,EXC003,OP1007,2026-09-24 13:15:00,534.0,189.73,55,8,Fastened,False
3675,EXC003,OP1007,2026-09-24 13:30:00,534.25,196.74,58,3,Fastened,False
3676,EXC003,OP1007,2026-09-24 13:45:00,534.5,203.36,60,6,Fastened,False
3677,EXC003,OP1007,2026-09-24 14:00:00,534.75,211.7,63,9,Fastened,False
3678,EXC003,OP1007,2026-09-24 14:15:00,535.0,216.55,66,5,Fastened,False
3679,EXC003,OP1007,2026-09-24 14:30:00,535.25,222.72,69,9,Fastened,False
3680,EXC003,OP1007,2026-09-24 14:45:00,535.5,229.13,70,9,Fastened,False
3681,LDR001,OP1008,2026-09-24 07:00:00,1082.85,1.55,0,28,Fastened,False
3682,LDR001,OP1008,2026-09-24 07:15:00,1083.1,7.12,1,3,Fastened,False
3683,LDR001,OP1008,2026-09-24 07:30:00,1083.35,16.23,3,1,Fastened,False
3684,LDR001,OP1008,2026-09-24 07:45:00,1083.6,25.32,4,7,Fastened,False
3685,LDR001,OP1008,2026-09-24 08:00:00,1083.85,31.75,6,4,Fastened,False
3686,LDR001,OP1008,2026-09-24 08:15:00,1084.1,36.57,9,4,Fastened,False
3687,LDR001,OP1008,2026-09-24 08:30:00,1084.35,41.75,10,4,Fastened,False
3688,LDR001,OP1008,2026-09-24 08:45:00,1084.6,46.51,12,7,Fastened,False
3689,LDR001,OP1008,2026-09-24 09:00:00,1084.85,52.44,15,2,Fastened,False
3690,LDR001,OP1008,2026-09-24 09:15:00,1085.1,59.2,18,1,Fastened,False
3691,LDR001,OP1008,2026-09-24 09:30:00,1085.35,68.34,20,4,Fastened,False
3692,LDR001,OP1008,2026-09-24 09:45:00,1085.5,70.57,20,38,Fastened,False
3693,LDR001,OP1008,2026-09-24 10:00:00,1085.75,78.08,22,0,Fastened,False
3694,LDR001,OP1008,2026-09-24 10:15:00,1085.9,79.91,22,43,Fastened,False
3695,LDR001,OP1008,2026-09-24 10:30:00,1086.15,87.66,23,1,Fastened,False
3696,LDR001,OP1008,2026-09-24 10:45:00,1086.4,94.77,24,4,Fastened,False
3697,LDR001,OP1008,2026-09-24 11:00:00,1086.65,100.83,25,8,Fastened,False
3698,LDR001,OP1008,2026-09-24 11:15:00,1086.9,109.16,28,8,Fastened,False
3699,LDR001,OP1008,2026-09-24 11:30:00,1087.15,118.59,30,6,Fastened,False
3700,LDR001,OP1008,2026-09-24 11:45:00,1087.4,124.86,32,4,Fastened,False
3701,LDR001,OP1008,2026-09-24 12:00:00,1087.65,129.71,34,20,Fastened,False
3702,LDR001,OP1008,2026-09-24 12:15:00,1087.9,134.52,36,7,Fastened,False
3703,LDR001,OP1008,2026-09-24 12:30:00,1088.05,136.73,36,25,Fastened,False
3704,LDR001,OP1008,2026-09-24 12:45:00,1088.2,139.12,36,24,Fastened,False
3705,LDR001,OP1008,2026-09-24 13:00:00,1088.45,148.39,38,1,Fastened,False
3706,LDR001,OP1008,2026-09-24 13:15:00,1088.7,154.66,40,3,Fastened,False
3707,LDR001,OP1008,2026-09-24 13:30:00,1088.95,159.91,42,9,Fastened,False
3708,LDR001,OP1008,2026-09-24 13:45:00,1089.2,167.35,43,8,Unfastened,False
3709,LDR001,OP1008,2026-09-24 14:00:00,1089.45,175.27,44,6,Fastened,False
3710,LDR001,OP1008,2026-09-24 14:15:00,1089.7,182.07,45,8,Fastened,False
3711,LDR001,OP1008,2026-09-24 14:30:00,1089.95,187.69,48,8,Fastened,False
3712,LDR001,OP1008,2026-09-24 14:45:00,1090.2,192.54,51,0,Fastened,False
3713,LDR002,OP1009,2026-09-24 07:00:00,1928.55,8.35,2,1,Fastened,False
3714,LDR002,OP1009,2026-09-24 07:15:00,1928.7,10.44,2,38,Fastened,False
3715,LDR002,OP1009,2026-09-24 07:30:00,1928.95,19.28,3,3,Fastened,False
3716,LDR002,OP1009,2026-09-24 07:45:00,1929.2,27.15,6,8,Fastened,False
3717,LDR002,OP1009,2026-09-24 08:00:00,1929.35,29.19,6,47,Fastened,False
3718,LDR002,OP1009,2026-09-24 08:15:00,1929.6,37.9,7,1,Fastened,False
3719,LDR002,OP1009,2026-09-24 08:30:00,1929.85,47.29,9,3,Fastened,False
3720,LDR002,OP1009,2026-09-24 08:45:00,1930.1,54.81,11,9,Fastened,False
3721,LDR002,OP1009,2026-09-24 09:00:00,1930.35,64.06,14,13,Fastened,False
3722,LDR002,OP1009,2026-09-24 09:15:00,1930.6,71.98,17,4,Fastened,False
3723,LDR002,OP1009,2026-09-24 09:30:00,1930.85,77.8,18,8,Fastened,False
3724,LDR002,OP1009,2026-09-24 09:45:00,1931.1,86.45,20,3,Fastened,False
3725,LDR002,OP1009,2026-09-24 10:00:00,1931.35,93.03,23,18,Fastened,False
3726,LDR002,OP1009,2026-09-24 10:15:00,1931.5,94.66,23,24,Fastened,False
3727,LDR002,OP1009,2026-09-24 10:30:00,1931.75,100.2,24,8,Fastened,False
3728,LDR002,OP1009,2026-09-24 10:45:00,1932.0,105.54,25,18,Fastened,False
3729,LDR002,OP1009,2026-09-24 11:00:00,1932.25,111.59,28,5,Fastened,False
3730,LDR002,OP1009,2026-09-24 11:15:00,1932.5,118.39,29,8,Fastened,False
3731,LDR002,OP1009,2026-09-24 11:30:00,1932.65,120.36,29,23,Fastened,False
3732,LDR002,OP1009,2026-09-24 11:45:00,1932.9,125.18,30,3,Fastened,False
3733,LDR002,OP1009,2026-09-24 12:00:00,1933.15,130.9,32,6,Fastened,False
3734,LDR002,OP1009,2026-09-24 12:15:00,1933.4,138.02,33,4,Fastened,False
3735,LDR002,OP1009,2026-09-24 12:30:00,1933.65,145.25,34,1,Fastened,False
3736,LDR002,OP1009,2026-09-24 12:45:00,1933.9,152.88,35,3,Unfastened,True
3737,LDR002,OP1009,2026-09-24 13:00:00,1934.15,160.51,38,8,Fastened,False
3738,LDR002,OP1009,2026-09-24 13:15:00,1934.4,168.01,40,7,Fastened,False
3739,LDR002,OP1009,2026-09-24 13:30:00,1934.65,172.68,43,2,Fastened,False
3740,LDR002,OP1009,2026-09-24 13:45:00,1934.9,179.89,45,5,Fastened,False
3741,LDR002,OP1009,2026-09-24 14:00:00,1935.15,186.8,48,6,Fastened,False
3742,LDR002,OP1009,2026-09-24 14:15:00,1935.4,192.76,50,3,Fastened,False
3743,LDR002,OP1009,2026-09-24 14:30:00,1935.55,194.54,50,37,Fastened,False
3744,LDR002,OP1009,2026-09-24 14:45:00,1935.8,201.55,51,9,Fastened,False
3745,DOZ001,OP1010,2026-09-24 07:00:00,3518.45,6.17,2,5,Fastened,False
3746,DOZ001,OP1010,2026-09-24 07:15:00,3518.6,7.39,2,23,Fastened,False
3747,DOZ001,OP1010,2026-09-24 07:30:00,3518.85,16.67,3,7,Fastened,False
3748,DOZ001,OP1010,2026-09-24 07:45:00,3519.1,23.19,4,6,Fastened,False
3749,DOZ001,OP1010,2026-09-24 08:00:00,3519.35,31.4,6,10,Fastened,False
3750,DOZ001,OP1010,2026-09-24 08:15:00,3519.6,36.11,7,0,Fastened,False
3751,DOZ001,OP1010,2026-09-24 08:30:00,3519.85,42.96,10,9,Fastened,False
3752,DOZ001,OP1010,2026-09-24 08:45:00,3520.1,51.59,13,7,Fastened,False
3753,DOZ001,OP1010,2026-09-24 09:00:00,3520.35,59.17,15,9,Fastened,False
3754,DOZ001,OP1010,2026-09-24 09:15:00,3520.6,63.71,18,0,Fastened,False
3755,DOZ001,OP1010,2026-09-24 09:30:00,3520.85,72.74,21,7,Fastened,False
3756,DOZ001,OP1010,2026-09-24 09:45:00,3521.1,81.21,22,8,Fastened,False
3757,DOZ001,OP1010,2026-09-24 10:00:00,3521.35,86.23,25,1,Unfastened,False
3758,DOZ001,OP1010,2026-09-24 10:15:00,3521.6,94.64,27,8,Fastened,False
3759,DOZ001,OP1010,2026-09-24 10:30:00,3521.85,101.77,29,4,Unfastened,True
3760,DOZ001,OP1010,2026-09-24 10:45:00,3522.1,110.81,30,0,Fastened,False
3761,DOZ001,OP1010,2026-09-24 11:00:00,3522.35,116.34,32,5,Unfastened,True
3762,DOZ001,OP1010,2026-09-24 11:15:00,3522.6,124.57,33,4,Fastened,False
3763,DOZ001,OP1010,2026-09-24 11:30:00,3522.85,133.4,36,3,Fastened,False
3764,DOZ001,OP1010,2026-09-24 11:45:00,3523.1,142.73,37,5,Fastened,False
3765,DOZ001,OP1010,2026-09-24 12:00:00,3523.35,147.41,40,0,Fastened,False
3766,DOZ001,OP1010,2026-09-24 12:15:00,3523.6,153.94,43,0,Fastened,False
3767,DOZ001,OP1010,2026-09-24 12:30:00,3523.85,161.36,45,1,Fastened,False
3768,DOZ001,OP1010,2026-09-24 12:45:00,3524.1,170.85,47,3,Fastened,False
3769,DOZ001,OP1010,2026-09-24 13:00:00,3524.35,176.45,48,8,Fastened,False
3770,DOZ001,OP1010,2026-09-24 13:15:00,3524.6,181.15,49,3,Fastened,False
3771,DOZ001,OP1010,2026-09-24 13:30:00,3524.85,188.23,50,3,Fastened,False
3772,DOZ001,OP1010,2026-09-24 13:45:00,3525.1,196.53,51,1,Fastened,False
3773,DOZ001,OP1010,2026-09-24 14:00:00,3525.25,198.88,51,24,Fastened,False
3774,DOZ001,OP1010,2026-09-24 14:15:00,3525.5,206.68,53,0,Unfastened,True
3775,DOZ001,OP1010,2026-09-24 14:30:00,3525.65,209.09,53,46,Fastened,False
3776,DOZ001,OP1010,2026-09-24 14:45:00,3525.9,214.74,55,8,Fastened,False
3777,DOZ002,OP1001,2026-09-24 07:00:00,4227.75,6.34,1,3,Unfastened,False
3778,DOZ002,OP1001,2026-09-24 07:15:00,4228.0,15.0,3,5,Unfastened,True
3779,DOZ002,OP1001,2026-09-24 07:30:00,4228.25,20.72,5,10,Fastened,False
3780,DOZ002,OP1001,2026-09-24 07:45:00,4228.5,25.96,6,6,Fastened,False
3781,DOZ002,OP1001,2026-09-24 08:00:00,4228.75,35.14,7,8,Fastened,False
3782,DOZ002,OP1001,2026-09-24 08:15:00,4229.0,40.54,10,2,Fastened,False
3783,DOZ002,OP1001,2026-09-24 08:30:00,4229.25,47.52,11,9,Fastened,False
3784,DOZ002,OP1001,2026-09-24 08:45:00,4229.5,53.94,13,1,Fastened,False
3785,DOZ002,OP1001,2026-09-24 09:00:00,4229.75,62.88,16,3,Fastened,False
3786,DOZ002,OP1001,2026-09-24 09:15:00,4230.0,68.8,17,5,Fastened,False
3787,DOZ002,OP1001,2026-09-24 09:30:00,4230.25,76.89,19,2,Fastened,False
3788,DOZ002,OP1001,2026-09-24 09:45:00,4230.5,81.52,22,0,Fastened,False
3789,DOZ002,OP1001,2026-09-24 10:00:00,4230.75,90.11,25,6,Fastened,False
3790,DOZ002,OP1001,2026-09-24 10:15:00,4231.0,99.58,27,1,Fastened,False
3791,DOZ002,OP1001,2026-09-24 10:30:00,4231.25,108.15,29,0,Fastened,False
3792,DOZ002,OP1001,2026-09-24 10:45:00,4231.5,116.13,30,1,Fastened,False
3793,DOZ002,OP1001,2026-09-24 11:00:00,4231.65,117.44,30,45,Fastened,False
3794,DOZ002,OP1001,2026-09-24 11:15:00,4231.9,126.57,32,0,Fastened,False
3795,DOZ002,OP1001,2026-09-24 11:30:00,4232.15,134.2,35,7,Fastened,False
3796,DOZ002,OP1001,2026-09-24 11:45:00,4232.4,143.56,37,3,Fastened,False
3797,DOZ002,OP1001,2026-09-24 12:00:00,4232.65,152.56,39,7,Fastened,False
3798,DOZ002,OP1001,2026-09-24 12:15:00,4232.9,161.09,40,8,Fastened,False
3799,DOZ002,OP1001,2026-09-24 12:30:00,4233.15,167.24,42,5,Fastened,False
3800,DOZ002,OP1001,2026-09-24 12:45:00,4233.4,171.91,44,1,Fastened,False
3801,DOZ002,OP1001,2026-09-24 13:00:00,4233.65,177.16,45,4,Fastened,False
3802,DOZ002,OP1001,2026-09-24 13:15:00,4233.9,183.54,47,3,Fastened,False
3803,DOZ002,OP1001,2026-09-24 13:30:00,4234.15,192.55,50,9,Fastened,False
3804,DOZ002,OP1001,2026-09-24 13:45:00,4234.4,198.74,51,7,Fastened,False
3805,DOZ002,OP1001,2026-09-24 14:00:00,4234.65,207.06,53,7,Fastened,False
3806,DOZ002,OP1001,2026-09-24 14:15:00,4234.9,214.69,55,2,Fastened,False
3807,DOZ002,OP1001,2026-09-24 14:30:00,4235.15,224.05,57,5,Fastened,False
3808,DOZ002,OP1001,2026-09-24 14:45:00,4235.4,232.64,60,8,Fastened,False
3809,TRK001,OP1002,2026-09-24 07:00:00,2258.75,7.95,3,8,Fastened,False
3810,TRK001,OP1002,2026-09-24 07:15:00,2259.0,12.52,4,6,Fastened,False
3811,TRK001,OP1002,2026-09-24 07:30:00,2259.25,18.04,6,8,Fastened,False
3812,TRK001,OP1002,2026-09-24 07:45:00,2259.5,25.43,7,8,Fastened,False
3813,TRK001,OP1002,2026-09-24 08:00:00,2259.75,33.73,8,5,Fastened,False
3814,TRK001,OP1002,2026-09-24 08:15:00,2260.0,38.35,11,8,Fastened,False
3815,TRK001,OP1002,2026-09-24 08:30:00,2260.25,45.18,13,6,Fastened,False
3816,TRK001,OP1002,2026-09-24 08:45:00,2260.5,54.55,14,5,Fastened,False
3817,TRK001,OP1002,2026-09-24 09:00:00,2260.75,63.93,16,9,Fastened,False
3818,TRK001,OP1002,2026-09-24 09:15:00,2261.0,73.27,17,3,Fastened,False
3819,TRK001,OP1002,2026-09-24 09:30:00,2261.25,77.83,18,4,Unfastened,True
3820,TRK001,OP1002,2026-09-24 09:45:00,2261.5,82.82,19,17,Unfastened,True
3821,TRK001,OP1002,2026-09-24 10:00:00,2261.75,92.02,20,4,Fastened,False
3822,TRK001,OP1002,2026-09-24 10:15:00,2262.0,96.63,23,7,Fastened,False
3823,TRK001,OP1002,2026-09-24 10:30:00,2262.25,101.86,25,1,Fastened,False
3824,TRK001,OP1002,2026-09-24 10:45:00,2262.5,110.27,28,6,Fastened,False
3825,TRK001,OP1002,2026-09-24 11:00:00,2262.75,118.2,31,1,Fastened,False
3826,TRK001,OP1002,2026-09-24 11:15:00,2263.0,123.03,32,2,Fastened,False
3827,TRK001,OP1002,2026-09-24 11:30:00,2263.25,128.34,35,8,Fastened,False
3828,TRK001,OP1002,2026-09-24 11:45:00,2263.5,132.91,38,3,Unfastened,True
3829,TRK001,OP1002,2026-09-24 12:00:00,2263.75,138.82,41,4,Fastened,False
3830,TRK001,OP1002,2026-09-24 12:15:00,2264.0,147.31,44,1,Fastened,False
3831,TRK001,OP1002,2026-09-24 12:30:00,2264.25,155.78,47,1,Fastened,False
3832,TRK001,OP1002,2026-09-24 12:45:00,2264.5,162.48,50,2,Fastened,False
3833,TRK001,OP1002,2026-09-24 13:00:00,2264.75,170.06,53,1,Unfastened,False
3834,TRK001,OP1002,2026-09-24 13:15:00,2264.9,171.47,53,24,Fastened,False
3835,TRK001,OP1002,2026-09-24 13:30:00,2265.15,179.55,56,8,Fastened,False
3836,TRK001,OP1002,2026-09-24 13:45:00,2265.4,187.2,59,6,Unfastened,True
3837,TRK001,OP1002,2026-09-24 14:00:00,2265.65,194.51,60,2,Fastened,False
3838,TRK001,OP1002,2026-09-24 14:15:00,2265.8,195.81,60,37,Fastened,False
3839,TRK001,OP1002,2026-09-24 14:30:00,2266.05,202.23,62,6,Fastened,False
3840,TRK001,OP1002,2026-09-24 14:45:00,2266.3,211.05,63,1,Fastened,False
3841,EXC001,OP1006,2026-09-25 07:00:00,1634.05,6.24,1,4,Fastened,False
3842,EXC001,OP1006,2026-09-25 07:15:00,1634.3,15.08,2,3,Fastened,False
3843,EXC001,OP1006,2026-09-25 07:30:00,1634.55,23.78,5,3,Fastened,False
3844,EXC001,OP1006,2026-09-25 07:45:00,1634.8,30.47,6,7,Fastened,False
3845,EXC001,OP1006,2026-09-25 08:00:00,1635.05,39.84,9,7,Fastened,False
3846,EXC001,OP1006,2026-09-25 08:15:00,1635.3,45.15,10,6,Fastened,False
3847,EXC001,OP1006,2026-09-25 08:30:00,1635.55,52.97,11,2,Fastened,False
3848,EXC001,OP1006,2026-09-25 08:45:00,1635.8,59.8,14,1,Fastened,False
3849,EXC001,OP1006,2026-09-25 09:00:00,1636.05,68.1,17,6,Unfastened,True
3850,EXC001,OP1006,2026-09-25 09:15:00,1636.3,77.27,19,3,Fastened,False
3851,EXC001,OP1006,2026-09-25 09:30:00,1636.55,86.57,22,2,Unfastened,True
3852,EXC001,OP1006,2026-09-25 09:45:00,1636.8,92.33,23,7,Unfastened,True
3853,EXC001,OP1006,2026-09-25 10:00:00,1637.05,99.08,25,0,Unfastened,True
3854,EXC001,OP1006,2026-09-25 10:15:00,1637.3,106.82,27,8,Unfastened,True
3855,EXC001,OP1006,2026-09-25 10:30:00,1637.55,115.02,30,7,Unfastened,True
3856,EXC001,OP1006,2026-09-25 10:45:00,1637.8,120.53,31,1,Unfastened,True
3857,EXC001,OP1006,2026-09-25 11:00:00,1637.95,121.95,31,23,Fastened,False
3858,EXC001,OP1006,2026-09-25 11:15:00,1638.2,126.51,34,8,Fastened,False
3859,EXC001,OP1006,2026-09-25 11:30:00,1638.45,131.91,36,5,Fastened,False
3860,EXC001,OP1006,2026-09-25 11:45:00,1638.7,139.38,37,4,Fastened,False
3861,EXC001,OP1006,2026-09-25 12:00:00,1638.85,140.8,37,44,Fastened,False
3862,EXC001,OP1006,2026-09-25 12:15:00,1639.1,148.44,40,1,Fastened,False
3863,EXC001,OP1006,2026-09-25 12:30:00,1639.35,157.8,42,2,Fastened,False
3864,EXC001,OP1006,2026-09-25 12:45:00,1639.6,165.47,43,7,Fastened,False
3865,EXC001,OP1006,2026-09-25 13:00:00,1639.75,166.7,43,53,Fastened,False
3866,EXC001,OP1006,2026-09-25 13:15:00,1639.9,167.9,43,51,Fastened,False
3867,EXC001,OP1006,2026-09-25 13:30:00,1640.05,169.46,43,54,Fastened,False
3868,EXC001,OP1006,2026-09-25 13:45:00,1640.2,171.45,43,46,Fastened,False
3869,EXC001,OP1006,2026-09-25 14:00:00,1640.35,173.84,43,46,Fastened,False
3870,EXC001,OP1006,2026-09-25 14:15:00,1640.5,176.19,43,53,Unfastened,True
3871,EXC001,OP1006,2026-09-25 14:30:00,1640.65,177.79,43,44,Fastened,False
3872,EXC001,OP1006,2026-09-25 14:45:00,1640.8,179.75,43,53,Fastened,False
3873,EXC002,OP1007,2026-09-25 07:00:00,2951.95,6.57,3,2,Fastened,False
3874,EXC002,OP1007,2026-09-25 07:15:00,2952.2,14.83,6,7,Fastened,False
3875,EXC002,OP1007,2026-09-25 07:30:00,2952.45,19.95,8,13,Fastened,False
3876,EXC002,OP1007,2026-09-25 07:45:00,2952.6,22.29,8,23,Fastened,False
3877,EXC002,OP1007,2026-09-25 08:00:00,2952.85,30.32,10,2,Fastened,False
3878,EXC002,OP1007,2026-09-25 08:15:00,2953.1,37.32,12,8,Fastened,False
3879,EXC002,OP1007,2026-09-25 08:30:00,2953.35,44.74,13,4,Fastened,False
3880,EXC002,OP1007,2026-09-25 08:45:00,2953.6,52.78,14,8,Fastened,False
3881,EXC002,OP1007,2026-09-25 09:00:00,2953.85,60.59,16,9,Unfastened,True
3882,EXC002,OP1007,2026-09-25 09:15:00,2954.1,65.36,19,1,Fastened,False
3883,EXC002,OP1007,2026-09-25 09:30:00,2954.35,71.59,20,6,Fastened,False
3884,EXC002,OP1007,2026-09-25 09:45:00,2954.6,76.29,22,6,Fastened,False
3885,EXC002,OP1007,2026-09-25 10:00:00,2954.85,85.48,23,5,Fastened,False
3886,EXC002,OP1007,2026-09-25 10:15:00,2955.1,92.01,25,4,Fastened,False
3887,EXC002,OP1007,2026-09-25 10:30:00,2955.35,98.17,27,7,Fastened,False
3888,EXC002,OP1007,2026-09-25 10:45:00,2955.6,104.36,29,3,Fastened,False
3889,EXC002,OP1007,2026-09-25 11:00:00,2955.85,110.33,30,9,Fastened,False
3890,EXC002,OP1007,2026-09-25 11:15:00,2956.1,116.25,33,8,Fastened,False
3891,EXC002,OP1007,2026-09-25 11:30:00,2956.35,123.98,35,7,Fastened,False
3892,EXC002,OP1007,2026-09-25 11:45:00,2956.6,131.38,38,6,Fastened,False
3893,EXC002,OP1007,2026-09-25 12:00:00,2956.85,135.95,39,1,Fastened,False
3894,EXC002,OP1007,2026-09-25 12:15:00,2957.1,141.0,40,9,Fastened,False
3895,EXC002,OP1007,2026-09-25 12:30:00,2957.35,145.61,42,3,Unfastened,False
3896,EXC002,OP1007,2026-09-25 12:45:00,2957.6,151.34,45,7,Fastened,False
3897,EXC002,OP1007,2026-09-25 13:00:00,2957.85,158.65,47,4,Fastened,False
3898,EXC002,OP1007,2026-09-25 13:15:00,2958.1,167.65,48,4,Fastened,False
3899,EXC002,OP1007,2026-09-25 13:30:00,2958.35,175.78,49,3,Unfastened,False
3900,EXC002,OP1007,2026-09-25 13:45:00,2958.6,181.02,52,5,Fastened,False
3901,EXC002,OP1007,2026-09-25 14:00:00,2958.85,186.58,53,2,Fastened,False
3902,EXC002,OP1007,2026-09-25 14:15:00,2959.1,191.65,55,8,Fastened,False
3903,EXC002,OP1007,2026-09-25 14:30:00,2959.35,200.49,58,5,Fastened,False
3904,EXC002,OP1007,2026-09-25 14:45:00,2959.6,206.54,60,3,Fastened,False
3905,EXC003,OP1008,2026-09-25 07:00:00,535.65,2.37,0,22,Fastened,False
3906,EXC003,OP1008,2026-09-25 07:15:00,535.9,8.71,2,1,Fastened,False
3907,EXC003,OP1008,2026-09-25 07:30:00,536.15,16.85,5,1,Fastened,False
3908,EXC003,OP1008,2026-09-25 07:45:00,536.4,21.51,8,3,Fastened,False
3909,EXC003,OP1008,2026-09-25 08:00:00,536.65,29.74,11,8,Fastened,False
3910,EXC003,OP1008,2026-09-25 08:15:00,536.9,38.49,13,0,Fastened,False
3911,EXC003,OP1008,2026-09-25 08:30:00,537.05,40.66,13,21,Fastened,False
3912,EXC003,OP1008,2026-09-25 08:45:00,537.3,48.4,14,7,Fastened,False
3913,EXC003,OP1008,2026-09-25 09:00:00,537.55,53.0,15,9,Fastened,False
3914,EXC003,OP1008,2026-09-25 09:15:00,537.8,60.3,16,4,Fastened,False
3915,EXC003,OP1008,2026-09-25 09:30:00,538.05,66.03,17,3,Unfastened,True
3916,EXC003,OP1008,2026-09-25 09:45:00,538.3,74.43,20,1,Unfastened,True
3917,EXC003,OP1008,2026-09-25 10:00:00,538.55,82.4,23,0,Unfastened,True
3918,EXC003,OP1008,2026-09-25 10:15:00,538.8,87.8,26,9,Unfastened,True
3919,EXC003,OP1008,2026-09-25 10:30:00,539.05,92.95,27,7,Unfastened,True
3920,EXC003,OP1008,2026-09-25 10:45:00,539.3,101.61,29,1,Unfastened,True
3921,EXC003,OP1008,2026-09-25 11:00:00,539.55,109.57,32,3,Fastened,False
3922,EXC003,OP1008,2026-09-25 11:15:00,539.8,115.65,35,9,Fastened,False
3923,EXC003,OP1008,2026-09-25 11:30:00,540.05,120.7,38,4,Fastened,False
3924,EXC003,OP1008,2026-09-25 11:45:00,540.3,125.36,39,4,Fastened,False
3925,EXC003,OP1008,2026-09-25 12:00:00,540.55,132.74,42,1,Fastened,False
3926,EXC003,OP1008,2026-09-25 12:15:00,540.8,140.33,44,2,Fastened,False
3927,EXC003,OP1008,2026-09-25 12:30:00,541.05,147.28,45,9,Fastened,False
3928,EXC003,OP1008,2026-09-25 12:45:00,541.3,154.71,48,6,Fastened,False
3929,EXC003,OP1008,2026-09-25 13:00:00,541.55,162.15,49,2,Fastened,False
3930,EXC003,OP1008,2026-09-25 13:15:00,541.8,170.19,51,8,Fastened,False
3931,EXC003,OP1008,2026-09-25 13:30:00,542.05,177.49,52,6,Fastened,False
3932,EXC003,OP1008,2026-09-25 13:45:00,542.3,183.39,53,1,Fastened,False
3933,EXC003,OP1008,2026-09-25 14:00:00,542.55,191.63,54,0,Fastened,False
3934,EXC003,OP1008,2026-09-25 14:15:00,542.8,197.02,55,12,Fastened,False
3935,EXC003,OP1008,2026-09-25 14:30:00,543.05,205.84,56,4,Fastened,False
3936,EXC003,OP1008,2026-09-25 14:45:00,543.2,207.11,56,27,Fastened,False
3937,LDR001,OP1009,2026-09-25 07:00:00,1090.45,8.19,1,3,Fastened,False
3938,LDR001,OP1009,2026-09-25 07:15:00,1090.6,9.48,1,42,Fastened,False
3939,LDR001,OP1009,2026-09-25 07:30:00,1090.85,14.65,3,7,Fastened,False
3940,LDR001,OP1009,2026-09-25 07:45:00,1091.1,20.08,6,7,Fastened,False
3941,LDR001,OP1009,2026-09-25 08:00:00,1091.25,22.0,6,31,Fastened,False
3942,LDR001,OP1009,2026-09-25 08:15:00,1091.5,31.38,9,7,Fastened,False
3943,LDR001,OP1009,2026-09-25 08:30:00,1091.75,37.67,10,6,Unfastened,False
3944,LDR001,OP1009,2026-09-25 08:45:00,1092.0,44.12,11,1,Fastened,False
3945,LDR001,OP1009,2026-09-25 09:00:00,1092.25,48.66,12,6,Fastened,False
3946,LDR001,OP1009,2026-09-25 09:15:00,1092.5,54.94,15,2,Fastened,False
3947,LDR001,OP1009,2026-09-25 09:30:00,1092.75,60.2,17,17,Fastened,False
3948,LDR001,OP1009,2026-09-25 09:45:00,1093.0,65.28,18,4,Fastened,False
3949,LDR001,OP1009,2026-09-25 10:00:00,1093.25,74.34,20,9,Fastened,False
3950,LDR001,OP1009,2026-09-25 10:15:00,1093.5,79.37,22,4,Fastened,False
3951,LDR001,OP1009,2026-09-25 10:30:00,1093.75,84.66,24,8,Fastened,False
3952,LDR001,OP1009,2026-09-25 10:45:00,1094.0,93.74,25,9,Fastened,False
3953,LDR001,OP1009,2026-09-25 11:00:00,1094.25,100.2,26,5,Unfastened,False
3954,LDR001,OP1009,2026-09-25 11:15:00,1094.5,107.08,27,1,Fastened,False
3955,LDR001,OP1009,2026-09-25 11:30:00,1094.75,111.63,28,7,Fastened,False
3956,LDR001,OP1009,2026-09-25 11:45:00,1094.9,113.27,28,36,Fastened,False
3957,LDR001,OP1009,2026-09-25 12:00:00,1095.15,122.7,29,9,Fastened,False
3958,LDR001,OP1009,2026-09-25 12:15:00,1095.4,129.88,31,8,Fastened,False
3959,LDR001,OP1009,2026-09-25 12:30:00,1095.65,135.72,32,3,Fastened,False
3960,LDR001,OP1009,2026-09-25 12:45:00,1095.9,142.9,33,3,Fastened,False
3961,LDR001,OP1009,2026-09-25 13:00:00,1096.15,148.84,35,8,Fastened,False
3962,LDR001,OP1009,2026-09-25 13:15:00,1096.4,153.92,36,3,Fastened,False
3963,LDR001,OP1009,2026-09-25 13:30:00,1096.65,162.54,37,5,Fastened,False
3964,LDR001,OP1009,2026-09-25 13:45:00,1096.9,168.94,39,3,Fastened,False
3965,LDR001,OP1009,2026-09-25 14:00:00,1097.15,175.26,42,1,Fastened,False
3966,LDR001,OP1009,2026-09-25 14:15:00,1097.3,177.44,42,45,Fastened,False
3967,LDR001,OP1009,2026-09-25 14:30:00,1097.55,186.26,44,7,Fastened,False
3968,LDR001,OP1009,2026-09-25 14:45:00,1097.8,193.09,45,4,Fastened,False
3969,LDR002,OP1010,2026-09-25 07:00:00,1936.05,6.75,1,4,Unfastened,False
3970,LDR002,OP1010,2026-09-25 07:15:00,1936.3,15.09,4,7,Fastened,False
3971,LDR002,OP1010,2026-09-25 07:30:00,1936.55,24.14,5,7,Fastened,False
3972,LDR002,OP1010,2026-09-25 07:45:00,1936.8,33.59,6,2,Fastened,False
3973,LDR002,OP1010,2026-09-25 08:00:00,1937.05,41.68,9,3,Fastened,False
3974,LDR002,OP1010,2026-09-25 08:15:00,1937.3,48.17,11,8,Fastened,False
3975,LDR002,OP1010,2026-09-25 08:30:00,1937.55,56.95,12,4,Fastened,False
3976,LDR002,OP1010,2026-09-25 08:45:00,1937.8,65.16,15,5,Fastened,False
3977,LDR002,OP1010,2026-09-25 09:00:00,1938.05,70.64,17,14,Fastened,False
3978,LDR002,OP1010,2026-09-25 09:15:00,1938.3,75.46,18,4,Fastened,False
3979,LDR002,OP1010,2026-09-25 09:30:00,1938.55,82.59,19,0,Fastened,False
3980,LDR002,OP1010,2026-09-25 09:45:00,1938.8,92.08,22,1,Fastened,False
3981,LDR002,OP1010,2026-09-25 10:00:00,1939.05,101.51,25,0,Fastened,False
3982,LDR002,OP1010,2026-09-25 10:15:00,1939.3,109.75,26,4,Unfastened,True
3983,LDR002,OP1010,2026-09-25 10:30:00,1939.55,115.39,27,3,Fastened,False
3984,LDR002,OP1010,2026-09-25 10:45:00,1939.8,122.53,30,0,Fastened,False
3985,LDR002,OP1010,2026-09-25 11:00:00,1940.05,127.64,33,0,Fastened,False
3986,LDR002,OP1010,2026-09-25 11:15:00,1940.3,132.23,35,3,Fastened,False
3987,LDR002,OP1010,2026-09-25 11:30:00,1940.55,138.01,36,0,Fastened,False
3988,LDR002,OP1010,2026-09-25 11:45:00,1940.8,144.19,37,1,Fastened,False
3989,LDR002,OP1010,2026-09-25 12:00:00,1940.95,145.4,37,45,Fastened,False
3990,LDR002,OP1010,2026-09-25 12:15:00,1941.2,151.76,39,3,Unfastened,False
3991,LDR002,OP1010,2026-09-25 12:30:00,1941.45,159.24,41,1,Unfastened,False
3992,LDR002,OP1010,2026-09-25 12:45:00,1941.7,165.29,44,9,Fastened,False
3993,LDR002,OP1010,2026-09-25 13:00:00,1941.95,171.87,45,0,Fastened,False
3994,LDR002,OP1010,2026-09-25 13:15:00,1942.1,174.37,45,27,Fastened,False
3995,LDR002,OP1010,2026-09-25 13:30:00,1942.35,180.9,48,1,Fastened,False
3996,LDR002,OP1010,2026-09-25 13:45:00,1942.6,186.88,49,5,Fastened,False
3997,LDR002,OP1010,2026-09-25 14:00:00,1942.85,192.68,50,6,Fastened,False
3998,LDR002,OP1010,2026-09-25 14:15:00,1943.0,194.26,50,25,Fastened,False
3999,LDR002,OP1010,2026-09-25 14:30:00,1943.25,201.97,52,2,Fastened,False
4000,LDR002,OP1010,2026-09-25 14:45:00,1943.4,203.96,52,33,Fastened,False
4001,DOZ001,OP1001,2026-09-25 07:00:00,3526.15,9.09,2,5,Fastened,False
4002,DOZ001,OP1001,2026-09-25 07:15:00,3526.3,10.82,2,22,Fastened,False
4003,DOZ001,OP1001,2026-09-25 07:30:00,3526.55,17.66,3,3,Fastened,False
4004,DOZ001,OP1001,2026-09-25 07:45:00,3526.8,25.57,4,4,Fastened,False
4005,DOZ001,OP1001,2026-09-25 08:00:00,3527.05,32.73,7,0,Fastened,False
4006,DOZ001,OP1001,2026-09-25 08:15:00,3527.3,39.41,8,0,Fastened,False
4007,DOZ001,OP1001,2026-09-25 08:30:00,3527.55,48.67,10,4,Fastened,False
4008,DOZ001,OP1001,2026-09-25 08:45:00,3527.8,56.98,11,3,Unfastened,True
4009,DOZ001,OP1001,2026-09-25 09:00:00,3527.95,58.89,11,38,Fastened,False
4010,DOZ001,OP1001,2026-09-25 09:15:00,3528.2,65.63,14,6,Fastened,False
4011,DOZ001,OP1001,2026-09-25 09:30:00,3528.45,71.34,15,8,Fastened,False
4012,DOZ001,OP1001,2026-09-25 09:45:00,3528.7,76.11,16,2,Fastened,False
4013,DOZ001,OP1001,2026-09-25 10:00:00,3528.95,84.82,19,0,Fastened,False
4014,DOZ001,OP1001,2026-09-25 10:15:00,3529.2,94.04,20,6,Fastened,False
4015,DOZ001,OP1001,2026-09-25 10:30:00,3529.35,95.47,20,23,Fastened,False
4016,DOZ001,OP1001,2026-09-25 10:45:00,3529.6,104.4,23,0,Fastened,False
4017,DOZ001,OP1001,2026-09-25 11:00:00,3529.85,109.95,24,5,Fastened,False
4018,DOZ001,OP1001,2026-09-25 11:15:00,3530.1,114.99,25,4,Fastened,False
4019,DOZ001,OP1001,2026-09-25 11:30:00,3530.35,119.89,27,3,Fastened,False
4020,DOZ001,OP1001,2026-09-25 11:45:00,3530.6,126.29,28,8,Fastened,False
4021,DOZ001,OP1001,2026-09-25 12:00:00,3530.85,133.76,29,7,Fastened,False
4022,DOZ001,OP1001,2026-09-25 12:15:00,3531.1,139.07,31,7,Unfastened,True
4023,DOZ001,OP1001,2026-09-25 12:30:00,3531.35,147.39,32,6,Fastened,False
4024,DOZ001,OP1001,2026-09-25 12:45:00,3531.6,155.04,34,3,Fastened,False
4025,DOZ001,OP1001,2026-09-25 13:00:00,3531.85,160.13,37,6,Fastened,False
4026,DOZ001,OP1001,2026-09-25 13:15:00,3532.1,165.86,40,8,Fastened,False
4027,DOZ001,OP1001,2026-09-25 13:30:00,3532.35,172.8,42,6,Fastened,False
4028,DOZ001,OP1001,2026-09-25 13:45:00,3532.6,179.76,43,0,Fastened,False
4029,DOZ001,OP1001,2026-09-25 14:00:00,3532.85,186.17,46,9,Fastened,False
4030,DOZ001,OP1001,2026-09-25 14:15:00,3533.1,191.58,48,5,Fastened,False
4031,DOZ001,OP1001,2026-09-25 14:30:00,3533.35,198.35,51,5,Unfastened,True
4032,DOZ001,OP1001,2026-09-25 14:45:00,3533.6,207.56,54,1,Fastened,False
4033,DOZ002,OP1002,2026-09-25 07:00:00,4235.65,8.5,3,4,Fastened,False
4034,DOZ002,OP1002,2026-09-25 07:15:00,4235.8,9.75,3,29,Fastened,False
4035,DOZ002,OP1002,2026-09-25 07:30:00,4236.05,16.71,6,9,Fastened,False
4036,DOZ002,OP1002,2026-09-25 07:45:00,4236.3,25.02,8,6,Fastened,False
4037,DOZ002,OP1002,2026-09-25 08:00:00,4236.55,32.25,9,8,Fastened,False
4038,DOZ002,OP1002,2026-09-25 08:15:00,4236.8,39.71,10,3,Fastened,False
4039,DOZ002,OP1002,2026-09-25 08:30:00,4237.05,47.77,13,0,Fastened,False
4040,DOZ002,OP1002,2026-09-25 08:45:00,4237.3,55.15,16,1,Fastened,False
4041,DOZ002,OP1002,2026-09-25 09:00:00,4237.55,63.51,18,8,Fastened,False
4042,DOZ002,OP1002,2026-09-25 09:15:00,4237.8,70.45,20,1,Fastened,False
4043,DOZ002,OP1002,2026-09-25 09:30:00,4238.05,77.88,22,6,Fastened,False
4044,DOZ002,OP1002,2026-09-25 09:45:00,4238.3,83.17,24,0,Fastened,False
4045,DOZ002,OP1002,2026-09-25 10:00:00,4238.55,88.3,25,6,Fastened,False
4046,DOZ002,OP1002,2026-09-25 10:15:00,4238.8,96.41,28,6,Fastened,False
4047,DOZ002,OP1002,2026-09-25 10:30:00,4239.05,105.61,31,6,Fastened,False
4048,DOZ002,OP1002,2026-09-25 10:45:00,4239.3,110.54,34,2,Fastened,False
4049,DOZ002,OP1002,2026-09-25 11:00:00,4239.55,115.14,37,3,Fastened,False
4050,DOZ002,OP1002,2026-09-25 11:15:00,4239.8,120.45,38,8,Fastened,False
4051,DOZ002,OP1002,2026-09-25 11:30:00,4240.05,127.32,41,0,Fastened,False
4052,DOZ002,OP1002,2026-09-25 11:45:00,4240.3,133.17,44,5,Fastened,False
4053,DOZ002,OP1002,2026-09-25 12:00:00,4240.55,141.26,46,2,Fastened,False
4054,DOZ002,OP1002,2026-09-25 12:15:00,4240.8,147.34,48,6,Unfastened,True
4055,DOZ002,OP1002,2026-09-25 12:30:00,4241.05,153.7,50,9,Fastened,False
4056,DOZ002,OP1002,2026-09-25 12:45:00,4241.3,159.79,51,1,Fastened,False
4057,DOZ002,OP1002,2026-09-25 13:00:00,4241.55,169.06,52,5,Unfastened,True
4058,DOZ002,OP1002,2026-09-25 13:15:00,4241.8,175.74,55,3,Fastened,False
4059,DOZ002,OP1002,2026-09-25 13:30:00,4242.05,184.96,57,5,Fastened,False
4060,DOZ002,OP1002,2026-09-25 13:45:00,4242.3,190.51,59,2,Fastened,False
4061,DOZ002,OP1002,2026-09-25 14:00:00,4242.45,192.64,59,44,Fastened,False
4062,DOZ002,OP1002,2026-09-25 14:15:00,4242.7,202.0,62,6,Fastened,False
4063,DOZ002,OP1002,2026-09-25 14:30:00,4242.95,210.38,63,14,Fastened,False
4064,DOZ002,OP1002,2026-09-25 14:45:00,4243.2,217.57,66,0,Fastened,False
4065,TRK001,OP1003,2026-09-25 07:00:00,2266.55,4.82,3,16,Fastened,False
4066,TRK001,OP1003,2026-09-25 07:15:00,2266.8,11.93,4,4,Fastened,False
4067,TRK001,OP1003,2026-09-25 07:30:00,2267.05,18.48,7,9,Fastened,False
4068,TRK001,OP1003,2026-09-25 07:45:00,2267.3,24.1,8,2,Fastened,False
4069,TRK001,OP1003,2026-09-25 08:00:00,2267.55,30.3,9,1,Fastened,False
4070,TRK001,OP1003,2026-09-25 08:15:00,2267.8,39.45,12,3,Fastened,False
4071,TRK001,OP1003,2026-09-25 08:30:00,2268.05,48.33,15,9,Fastened,False
4072,TRK001,OP1003,2026-09-25 08:45:00,2268.3,56.8,16,9,Fastened,False
4073,TRK001,OP1003,2026-09-25 09:00:00,2268.55,62.45,17,9,Fastened,False
4074,TRK001,OP1003,2026-09-25 09:15:00,2268.8,69.16,20,0,Unfastened,True
4075,TRK001,OP1003,2026-09-25 09:30:00,2269.05,77.47,21,5,Unfastened,True
4076,TRK001,OP1003,2026-09-25 09:45:00,2269.3,84.35,24,5,Fastened,False
4077,TRK001,OP1003,2026-09-25 10:00:00,2269.55,92.56,26,3,Fastened,False
4078,TRK001,OP1003,2026-09-25 10:15:00,2269.8,100.76,28,8,Fastened,False
4079,TRK001,OP1003,2026-09-25 10:30:00,2270.05,108.97,29,3,Fastened,False
4080,TRK001,OP1003,2026-09-25 10:45:00,2270.3,115.54,31,5,Fastened,False
4081,TRK001,OP1003,2026-09-25 11:00:00,2270.55,120.26,34,2,Fastened,False
4082,TRK001,OP1003,2026-09-25 11:15:00,2270.8,129.21,35,7,Fastened,False
4083,TRK001,OP1003,2026-09-25 11:30:00,2271.05,136.41,37,1,Fastened,False
4084,TRK001,OP1003,2026-09-25 11:45:00,2271.3,141.34,40,4,Fastened,False
4085,TRK001,OP1003,2026-09-25 12:00:00,2271.55,150.54,41,0,Fastened,False
4086,TRK001,OP1003,2026-09-25 12:15:00,2271.8,155.5,44,7,Fastened,False
4087,TRK001,OP1003,2026-09-25 12:30:00,2272.05,163.81,47,0,Fastened,False
4088,TRK001,OP1003,2026-09-25 12:45:00,2272.3,172.4,48,9,Fastened,False
4089,TRK001,OP1003,2026-09-25 13:00:00,2272.55,180.21,50,3,Fastened,False
4090,TRK001,OP1003,2026-09-25 13:15:00,2272.8,188.29,52,7,Fastened,False
4091,TRK001,OP1003,2026-09-25 13:30:00,2273.05,197.78,53,0,Fastened,False
4092,TRK001,OP1003,2026-09-25 13:45:00,2273.3,203.84,55,2,Fastened,False
4093,TRK001,OP1003,2026-09-25 14:00:00,2273.55,211.95,57,3,Fastened,False
4094,TRK001,OP1003,2026-09-25 14:15:00,2273.8,217.72,58,3,Fastened,False
4095,TRK001,OP1003,2026-09-25 14:30:00,2273.95,219.34,58,28,Fastened,False
4096,TRK001,OP1003,2026-09-25 14:45:00,2274.2,228.07,60,0,Fastened,False
4097,EXC001,OP1001,2026-09-26 07:00:00,1641.05,4.96,2,5,Fastened,False
4098,EXC001,OP1001,2026-09-26 07:15:00,1641.3,11.43,3,9,Fastened,False
4099,EXC001,OP1001,2026-09-26 07:30:00,1641.55,16.54,4,3,Fastened,False
4100,EXC001,OP1001,2026-09-26 07:45:00,1641.7,18.68,4,29,Fastened,False
4101,EXC001,OP1001,2026-09-26 08:00:00,1641.95,25.53,7,1,Fastened,False
4102,EXC001,OP1001,2026-09-26 08:15:00,1642.2,30.44,8,0,Fastened,False
4103,EXC001,OP1001,2026-09-26 08:30:00,1642.45,39.07,11,5,Fastened,False
4104,EXC001,OP1001,2026-09-26 08:45:00,1642.7,44.92,12,5,Fastened,False
4105,EXC001,OP1001,2026-09-26 09:00:00,1642.85,46.96,12,41,Fastened,False
4106,EXC001,OP1001,2026-09-26 09:15:00,1643.1,55.25,13,8,Fastened,False
4107,EXC001,OP1001,2026-09-26 09:30:00,1643.35,63.57,14,9,Fastened,False
4108,EXC001,OP1001,2026-09-26 09:45:00,1643.6,69.44,16,8,Fastened,False
4109,EXC001,OP1001,2026-09-26 10:00:00,1643.85,76.19,18,1,Fastened,False
4110,EXC001,OP1001,2026-09-26 10:15:00,1644.1,85.49,19,1,Fastened,False
4111,EXC001,OP1001,2026-09-26 10:30:00,1644.35,93.02,22,7,Fastened,False
4112,EXC001,OP1001,2026-09-26 10:45:00,1644.6,97.72,23,0,Fastened,False
4113,EXC001,OP1001,2026-09-26 11:00:00,1644.85,105.62,25,7,Fastened,False
4114,EXC001,OP1001,2026-09-26 11:15:00,1645.1,112.41,28,2,Fastened,False
4115,EXC001,OP1001,2026-09-26 11:30:00,1645.35,117.86,30,4,Fastened,False
4116,EXC001,OP1001,2026-09-26 11:45:00,1645.6,123.01,31,0,Fastened,False
4117,EXC001,OP1001,2026-09-26 12:00:00,1645.85,129.98,34,2,Fastened,False
4118,EXC001,OP1001,2026-09-26 12:15:00,1646.1,139.36,36,19,Fastened,False
4119,EXC001,OP1001,2026-09-26 12:30:00,1646.35,146.55,39,8,Fastened,False
4120,EXC001,OP1001,2026-09-26 12:45:00,1646.6,154.3,40,4,Fastened,False
4121,EXC001,OP1001,2026-09-26 13:00:00,1646.85,162.55,42,6,Fastened,False
4122,EXC001,OP1001,2026-09-26 13:15:00,1647.1,169.28,45,1,Fastened,False
4123,EXC001,OP1001,2026-09-26 13:30:00,1647.35,174.32,48,3,Fastened,False
4124,EXC001,OP1001,2026-09-26 13:45:00,1647.6,179.28,50,7,Fastened,False
4125,EXC001,OP1001,2026-09-26 14:00:00,1647.85,188.5,53,5,Fastened,False
4126,EXC001,OP1001,2026-09-26 14:15:00,1648.1,193.1,56,9,Fastened,False
4127,EXC001,OP1001,2026-09-26 14:30:00,1648.35,201.23,58,7,Fastened,False
4128,EXC001,OP1001,2026-09-26 14:45:00,1648.6,209.24,59,9,Fastened,False
4129,EXC002,OP1008,2026-09-26 07:00:00,2959.85,5.05,2,3,Fastened,False
4130,EXC002,OP1008,2026-09-26 07:15:00,2960.1,13.3,4,1,Fastened,False
4131,EXC002,OP1008,2026-09-26 07:30:00,2960.35,19.61,7,2,Fastened,False
4132,EXC002,OP1008,2026-09-26 07:45:00,2960.6,24.51,10,7,Fastened,False
4133,EXC002,OP1008,2026-09-26 08:00:00,2960.85,33.08,12,6,Fastened,False
4134,EXC002,OP1008,2026-09-26 08:15:00,2961.1,42.41,14,4,Unfastened,True
4135,EXC002,OP1008,2026-09-26 08:30:00,2961.35,50.34,17,4,Fastened,False
4136,EXC002,OP1008,2026-09-26 08:45:00,2961.6,58.19,20,3,Fastened,False
4137,EXC002,OP1008,2026-09-26 09:00:00,2961.85,65.04,21,4,Fastened,False
4138,EXC002,OP1008,2026-09-26 09:15:00,2962.0,67.53,21,43,Fastened,False
4139,EXC002,OP1008,2026-09-26 09:30:00,2962.25,73.73,23,5,Fastened,False
4140,EXC002,OP1008,2026-09-26 09:45:00,2962.5,81.72,26,1,Fastened,False
4141,EXC002,OP1008,2026-09-26 10:00:00,2962.75,86.81,28,3,Fastened,False
4142,EXC002,OP1008,2026-09-26 10:15:00,2963.0,94.41,29,4,Fastened,False
4143,EXC002,OP1008,2026-09-26 10:30:00,2963.25,100.43,31,1,Fastened,False
4144,EXC002,OP1008,2026-09-26 10:45:00,2963.5,108.04,34,2,Fastened,False
4145,EXC002,OP1008,2026-09-26 11:00:00,2963.75,113.69,37,7,Fastened,False
4146,EXC002,OP1008,2026-09-26 11:15:00,2964.0,119.56,40,1,Unfastened,True
4147,EXC002,OP1008,2026-09-26 11:30:00,2964.25,127.64,41,5,Fastened,False
4148,EXC002,OP1008,2026-09-26 11:45:00,2964.5,134.23,44,9,Fastened,False
4149,EXC002,OP1008,2026-09-26 12:00:00,2964.65,136.12,44,58,Fastened,False
4150,EXC002,OP1008,2026-09-26 12:15:00,2964.8,138.23,44,49,Fastened,False
4151,EXC002,OP1008,2026-09-26 12:30:00,2964.95,140.26,44,56,Fastened,False
4152,EXC002,OP1008,2026-09-26 12:45:00,2965.1,142.05,44,52,Fastened,False
4153,EXC002,OP1008,2026-09-26 13:00:00,2965.25,144.31,44,62,Fastened,False
4154,EXC002,OP1008,2026-09-26 13:15:00,2965.4,146.09,44,65,Fastened,False
4155,EXC002,OP1008,2026-09-26 13:30:00,2965.55,147.75,44,66,Fastened,False
4156,EXC002,OP1008,2026-09-26 13:45:00,2965.7,149.65,44,53,Fastened,False
4157,EXC002,OP1008,2026-09-26 14:00:00,2965.85,151.82,44,48,Unfastened,False
4158,EXC002,OP1008,2026-09-26 14:15:00,2966.0,153.39,44,65,Fastened,False
4159,EXC002,OP1008,2026-09-26 14:30:00,2966.15,155.54,44,51,Unfastened,True
4160,EXC002,OP1008,2026-09-26 14:45:00,2966.3,157.72,44,67,Unfastened,True
4161,EXC003,OP1009,2026-09-26 07:00:00,543.35,1.51,0,22,Fastened,False
4162,EXC003,OP1009,2026-09-26 07:15:00,543.6,7.4,1,4,Fastened,False
4163,EXC003,OP1009,2026-09-26 07:30:00,543.85,16.58,4,6,Fastened,False
4164,EXC003,OP1009,2026-09-26 07:45:00,544.1,22.71,5,3,Fastened,False
4165,EXC003,OP1009,2026-09-26 08:00:00,544.35,30.61,8,9,Fastened,False
4166,EXC003,OP1009,2026-09-26 08:15:00,544.6,39.01,10,9,Fastened,False
4167,EXC003,OP1009,2026-09-26 08:30:00,544.85,43.71,12,7,Fastened,False
4168,EXC003,OP1009,2026-09-26 08:45:00,545.1,51.26,14,9,Fastened,False
4169,EXC003,OP1009,2026-09-26 09:00:00,545.35,56.14,17,4,Fastened,False
4170,EXC003,OP1009,2026-09-26 09:15:00,545.6,60.72,18,8,Fastened,False
4171,EXC003,OP1009,2026-09-26 09:30:00,545.85,68.65,21,9,Fastened,False
4172,EXC003,OP1009,2026-09-26 09:45:00,546.1,75.45,24,9,Fastened,False
4173,EXC003,OP1009,2026-09-26 10:00:00,546.35,84.65,26,7,Fastened,False
4174,EXC003,OP1009,2026-09-26 10:15:00,546.5,86.62,26,44,Fastened,False
4175,EXC003,OP1009,2026-09-26 10:30:00,546.75,91.43,29,0,Fastened,False
4176,EXC003,OP1009,2026-09-26 10:45:00,547.0,100.61,32,7,Fastened,False
4177,EXC003,OP1009,2026-09-26 11:00:00,547.25,106.68,33,6,Fastened,False
4178,EXC003,OP1009,2026-09-26 11:15:00,547.5,111.31,36,4,Fastened,False
4179,EXC003,OP1009,2026-09-26 11:30:00,547.75,120.72,39,9,Unfastened,True
4180,EXC003,OP1009,2026-09-26 11:45:00,548.0,126.97,42,7,Unfastened,True
4181,EXC003,OP1009,2026-09-26 12:00:00,548.25,132.47,43,4,Fastened,False
4182,EXC003,OP1009,2026-09-26 12:15:00,548.5,140.38,45,2,Fastened,False
4183,EXC003,OP1009,2026-09-26 12:30:00,548.75,148.73,48,2,Fastened,False
4184,EXC003,OP1009,2026-09-26 12:45:00,549.0,156.05,50,6,Fastened,False
4185,EXC003,OP1009,2026-09-26 13:00:00,549.25,161.95,53,4,Fastened,False
4186,EXC003,OP1009,2026-09-26 13:15:00,549.5,167.23,54,8,Fastened,False
4187,EXC003,OP1009,2026-09-26 13:30:00,549.75,176.24,57,6,Fastened,False
4188,EXC003,OP1009,2026-09-26 13:45:00,550.0,184.55,58,5,Fastened,False
4189,EXC003,OP1009,2026-09-26 14:00:00,550.15,186.28,58,25,Fastened,False
4190,EXC003,OP1009,2026-09-26 14:15:00,550.3,188.0,58,36,Fastened,False
4191,EXC003,OP1009,2026-09-26 14:30:00,550.45,190.07,58,41,Fastened,False
4192,EXC003,OP1009,2026-09-26 14:45:00,550.7,196.4,59,1,Fastened,False
4193,LDR001,OP1010,2026-09-26 07:00:00,1098.05,7.35,2,5,Unfastened,True
4194,LDR001,OP1010,2026-09-26 07:15:00,1098.3,12.32,4,3,Fastened,False
4195,LDR001,OP1010,2026-09-26 07:30:00,1098.55,17.55,7,3,Fastened,False
4196,LDR001,OP1010,2026-09-26 07:45:00,1098.8,23.61,8,5,Fastened,False
4197,LDR001,OP1010,2026-09-26 08:00:00,1099.05,30.76,11,2,Fastened,False
4198,LDR001,OP1010,2026-09-26 08:15:00,1099.3,38.03,14,9,Unfastened,False
4199,LDR001,OP1010,2026-09-26 08:30:00,1099.55,46.42,15,0,Fastened,False
4200,LDR001,OP1010,2026-09-26 08:45:00,1099.8,53.0,16,4,Fastened,False
4201,LDR001,OP1010,2026-09-26 09:00:00,1100.05,62.24,17,2,Fastened,False
4202,LDR001,OP1010,2026-09-26 09:15:00,1100.3,70.23,18,6,Fastened,False
4203,LDR001,OP1010,2026-09-26 09:30:00,1100.45,72.12,18,41,Unfastened,False
4204,LDR001,OP1010,2026-09-26 09:45:00,1100.7,81.35,20,8,Fastened,False
4205,LDR001,OP1010,2026-09-26 10:00:00,1100.95,88.98,22,1,Fastened,False
4206,LDR001,OP1010,2026-09-26 10:15:00,1101.2,97.36,23,5,Fastened,False
4207,LDR001,OP1010,2026-09-26 10:30:00,1101.45,103.08,25,2,Fastened,False
4208,LDR001,OP1010,2026-09-26 10:45:00,1101.7,109.35,27,3,Fastened,False
4209,LDR001,OP1010,2026-09-26 11:00:00,1101.95,117.28,28,5,Fastened,False
4210,LDR001,OP1010,2026-09-26 11:15:00,1102.2,123.85,30,0,Fastened,False
4211,LDR001,OP1010,2026-09-26 11:30:00,1102.45,131.45,33,0,Fastened,False
4212,LDR001,OP1010,2026-09-26 11:45:00,1102.6,133.32,33,25,Fastened,False
4213,LDR001,OP1010,2026-09-26 12:00:00,1102.75,135.32,33,64,Fastened,False
4214,LDR001,OP1010,2026-09-26 12:15:00,1102.9,136.9,33,53,Fastened,False
4215,LDR001,OP1010,2026-09-26 12:30:00,1103.05,138.57,33,57,Fastened,False
4216,LDR001,OP1010,2026-09-26 12:45:00,1103.2,140.99,33,52,Fastened,False
4217,LDR001,OP1010,2026-09-26 13:00:00,1103.35,143.04,33,56,Fastened,False
4218,LDR001,OP1010,2026-09-26 13:15:00,1103.5,144.85,33,62,Fastened,False
4219,LDR001,OP1010,2026-09-26 13:30:00,1103.65,146.95,33,55,Fastened,False
4220,LDR001,OP1010,2026-09-26 13:45:00,1103.8,149.37,33,46,Fastened,False
4221,LDR001,OP1010,2026-09-26 14:00:00,1103.95,151.29,33,46,Fastened,False
4222,LDR001,OP1010,2026-09-26 14:15:00,1104.1,153.31,33,49,Fastened,False
4223,LDR001,OP1010,2026-09-26 14:30:00,1104.25,155.37,33,61,Fastened,False
4224,LDR001,OP1010,2026-09-26 14:45:00,1104.4,156.71,33,54,Fastened,False
4225,LDR002,OP1001,2026-09-26 07:00:00,1943.65,4.99,3,2,Fastened,False
4226,LDR002,OP1001,2026-09-26 07:15:00,1943.9,13.59,5,9,Fastened,False
4227,LDR002,OP1001,2026-09-26 07:30:00,1944.15,19.06,6,5,Fastened,False
4228,LDR002,OP1001,2026-09-26 07:45:00,1944.4,23.71,8,3,Fastened,False
4229,LDR002,OP1001,2026-09-26 08:00:00,1944.65,31.47,9,9,Fastened,False
4230,LDR002,OP1001,2026-09-26 08:15:00,1944.9,38.22,11,20,Fastened,False
4231,LDR002,OP1001,2026-09-26 08:30:00,1945.15,45.98,14,9,Fastened,False
4232,LDR002,OP1001,2026-09-26 08:45:00,1945.4,51.12,15,2,Fastened,False
4233,LDR002,OP1001,2026-09-26 09:00:00,1945.65,58.88,18,1,Unfastened,True
4234,LDR002,OP1001,2026-09-26 09:15:00,1945.9,68.05,20,8,Fastened,False
4235,LDR002,OP1001,2026-09-26 09:30:00,1946.15,77.26,22,0,Fastened,False
4236,LDR002,OP1001,2026-09-26 09:45:00,1946.4,85.3,24,11,Fastened,False
4237,LDR002,OP1001,2026-09-26 10:00:00,1946.65,92.99,26,6,Fastened,False
4238,LDR002,OP1001,2026-09-26 10:15:00,1946.9,98.09,28,7,Fastened,False
4239,LDR002,OP1001,2026-09-26 10:30:00,1947.05,99.52,28,42,Fastened,False
4240,LDR002,OP1001,2026-09-26 10:45:00,1947.3,105.79,31,5,Fastened,False
4241,LDR002,OP1001,2026-09-26 11:00:00,1947.55,111.8,33,11,Fastened,False
4242,LDR002,OP1001,2026-09-26 11:15:00,1947.8,117.66,34,5,Fastened,False
4243,LDR002,OP1001,2026-09-26 11:30:00,1948.05,125.14,35,5,Fastened,False
4244,LDR002,OP1001,2026-09-26 11:45:00,1948.3,130.22,38,13,Fastened,False
4245,LDR002,OP1001,2026-09-26 12:00:00,1948.55,138.86,39,4,Fastened,False
4246,LDR002,OP1001,2026-09-26 12:15:00,1948.8,147.7,40,5,Fastened,False
4247,LDR002,OP1001,2026-09-26 12:30:00,1949.05,152.86,43,2,Fastened,False
4248,LDR002,OP1001,2026-09-26 12:45:00,1949.3,162.32,44,7,Fastened,False
4249,LDR002,OP1001,2026-09-26 13:00:00,1949.55,167.9,45,9,Fastened,False
4250,LDR002,OP1001,2026-09-26 13:15:00,1949.8,175.64,46,7,Fastened,False
4251,LDR002,OP1001,2026-09-26 13:30:00,1950.05,181.21,47,7,Fastened,False
4252,LDR002,OP1001,2026-09-26 13:45:00,1950.2,182.83,47,34,Fastened,False
4253,LDR002,OP1001,2026-09-26 14:00:00,1950.45,187.86,49,7,Fastened,False
4254,LDR002,OP1001,2026-09-26 14:15:00,1950.7,195.76,50,1,Fastened,False
4255,LDR002,OP1001,2026-09-26 14:30:00,1950.95,201.71,51,15,Fastened,False
4256,LDR002,OP1001,2026-09-26 14:45:00,1951.2,210.03,53,7,Fastened,False
4257,DOZ001,OP1002,2026-09-26 07:00:00,3533.85,6.42,3,2,Fastened,False
4258,DOZ001,OP1002,2026-09-26 07:15:00,3534.1,12.93,4,9,Fastened,False
4259,DOZ001,OP1002,2026-09-26 07:30:00,3534.35,17.45,6,2,Fastened,False
4260,DOZ001,OP1002,2026-09-26 07:45:00,3534.6,26.18,7,4,Fastened,False
4261,DOZ001,OP1002,2026-09-26 08:00:00,3534.75,28.04,7,41,Fastened,False
4262,DOZ001,OP1002,2026-09-26 08:15:00,3535.0,33.15,8,5,Fastened,False
4263,DOZ001,OP1002,2026-09-26 08:30:00,3535.25,39.1,11,1,Fastened,False
4264,DOZ001,OP1002,2026-09-26 08:45:00,3535.5,44.63,12,2,Fastened,False
4265,DOZ001,OP1002,2026-09-26 09:00:00,3535.75,52.12,15,5,Fastened,False
4266,DOZ001,OP1002,2026-09-26 09:15:00,3536.0,60.19,18,8,Unfastened,True
4267,DOZ001,OP1002,2026-09-26 09:30:00,3536.25,68.55,21,8,Fastened,False
4268,DOZ001,OP1002,2026-09-26 09:45:00,3536.4,70.2,21,38,Fastened,False
4269,DOZ001,OP1002,2026-09-26 10:00:00,3536.65,78.44,22,6,Fastened,False
4270,DOZ001,OP1002,2026-09-26 10:15:00,3536.9,83.54,24,8,Fastened,False
4271,DOZ001,OP1002,2026-09-26 10:30:00,3537.15,92.16,26,2,Fastened,False
4272,DOZ001,OP1002,2026-09-26 10:45:00,3537.4,98.14,28,7,Fastened,False
4273,DOZ001,OP1002,2026-09-26 11:00:00,3537.65,103.79,29,3,Fastened,False
4274,DOZ001,OP1002,2026-09-26 11:15:00,3537.9,110.95,32,1,Fastened,False
4275,DOZ001,OP1002,2026-09-26 11:30:00,3538.05,112.33,32,36,Fastened,False
4276,DOZ001,OP1002,2026-09-26 11:45:00,3538.3,117.62,35,4,Fastened,False
4277,DOZ001,OP1002,2026-09-26 12:00:00,3538.55,126.76,37,4,Fastened,False
4278,DOZ001,OP1002,2026-09-26 12:15:00,3538.8,132.78,38,4,Fastened,False
4279,DOZ001,OP1002,2026-09-26 12:30:00,3539.05,138.37,40,8,Fastened,False
4280,DOZ001,OP1002,2026-09-26 12:45:00,3539.3,146.8,41,7,Unfastened,True
4281,DOZ001,OP1002,2026-09-26 13:00:00,3539.55,152.63,44,3,Fastened,False
4282,DOZ001,OP1002,2026-09-26 13:15:00,3539.8,158.87,47,4,Fastened,False
4283,DOZ001,OP1002,2026-09-26 13:30:00,3540.05,164.59,49,6,Fastened,False
4284,DOZ001,OP1002,2026-09-26 13:45:00,3540.3,170.89,50,6,Fastened,False
4285,DOZ001,OP1002,2026-09-26 14:00:00,3540.55,178.6,51,6,Unfastened,True
4286,DOZ001,OP1002,2026-09-26 14:15:00,3540.8,186.32,53,1,Fastened,False
4287,DOZ001,OP1002,2026-09-26 14:30:00,3540.95,187.54,53,43,Fastened,False
4288,DOZ001,OP1002,2026-09-26 14:45:00,3541.1,189.9,53,46,Fastened,False
4289,DOZ002,OP1003,2026-09-26 07:00:00,4243.45,9.14,2,4,Fastened,False
4290,DOZ002,OP1003,2026-09-26 07:15:00,4243.7,15.62,5,4,Fastened,False
4291,DOZ002,OP1003,2026-09-26 07:30:00,4243.95,22.64,8,6,Fastened,False
4292,DOZ002,OP1003,2026-09-26 07:45:00,4244.2,29.16,10,0,Fastened,False
4293,DOZ002,OP1003,2026-09-26 08:00:00,4244.45,35.25,11,4,Fastened,False
4294,DOZ002,OP1003,2026-09-26 08:15:00,4244.7,42.29,12,3,Fastened,False
4295,DOZ002,OP1003,2026-09-26 08:30:00,4244.95,48.76,14,5,Fastened,False
4296,DOZ002,OP1003,2026-09-26 08:45:00,4245.2,57.94,17,5,Fastened,False
4297,DOZ002,OP1003,2026-09-26 09:00:00,4245.45,65.57,20,7,Fastened,False
4298,DOZ002,OP1003,2026-09-26 09:15:00,4245.7,75.06,23,4,Fastened,False
4299,DOZ002,OP1003,2026-09-26 09:30:00,4245.95,81.87,24,1,Fastened,False
4300,DOZ002,OP1003,2026-09-26 09:45:00,4246.2,88.85,27,9,Fastened,False
4301,DOZ002,OP1003,2026-09-26 10:00:00,4246.35,90.49,27,27,Fastened,False
4302,DOZ002,OP1003,2026-09-26 10:15:00,4246.6,96.15,28,1,Fastened,False
4303,DOZ002,OP1003,2026-09-26 10:30:00,4246.85,104.29,29,1,Fastened,False
4304,DOZ002,OP1003,2026-09-26 10:45:00,4247.1,109.03,32,12,Fastened,False
4305,DOZ002,OP1003,2026-09-26 11:00:00,4247.35,114.64,34,8,Fastened,False
4306,DOZ002,OP1003,2026-09-26 11:15:00,4247.6,119.87,37,6,Unfastened,False
4307,DOZ002,OP1003,2026-09-26 11:30:00,4247.85,126.24,39,7,Fastened,False
4308,DOZ002,OP1003,2026-09-26 11:45:00,4248.1,133.99,42,0,Fastened,False
4309,DOZ002,OP1003,2026-09-26 12:00:00,4248.35,139.59,43,3,Fastened,False
4310,DOZ002,OP1003,2026-09-26 12:15:00,4248.5,141.36,43,24,Fastened,False
4311,DOZ002,OP1003,2026-09-26 12:30:00,4248.75,146.79,44,1,Fastened,False
4312,DOZ002,OP1003,2026-09-26 12:45:00,4249.0,153.58,47,3,Fastened,False
4313,DOZ002,OP1003,2026-09-26 13:00:00,4249.25,160.13,48,9,Fastened,False
4314,DOZ002,OP1003,2026-09-26 13:15:00,4249.5,165.52,49,8,Fastened,False
4315,DOZ002,OP1003,2026-09-26 13:30:00,4249.75,174.86,50,8,Fastened,False
4316,DOZ002,OP1003,2026-09-26 13:45:00,4250.0,179.73,52,6,Fastened,False
4317,DOZ002,OP1003,2026-09-26 14:00:00,4250.25,184.91,54,4,Fastened,False
4318,DOZ002,OP1003,2026-09-26 14:15:00,4250.5,193.83,57,20,Fastened,False
4319,DOZ002,OP1003,2026-09-26 14:30:00,4250.75,200.89,59,2,Fastened,False
4320,DOZ002,OP1003,2026-09-26 14:45:00,4251.0,208.11,62,0,Fastened,False
4321,TRK001,OP1004,2026-09-26 07:00:00,2274.45,7.2,1,9,Fastened,False
4322,TRK001,OP1004,2026-09-26 07:15:00,2274.7,12.86,4,6,Fastened,False
4323,TRK001,OP1004,2026-09-26 07:30:00,2274.95,22.1,7,3,Fastened,False
4324,TRK001,OP1004,2026-09-26 07:45:00,2275.1,23.4,7,26,Unfastened,False
4325,TRK001,OP1004,2026-09-26 08:00:00,2275.35,27.91,9,9,Fastened,False
4326,TRK001,OP1004,2026-09-26 08:15:00,2275.6,34.02,12,1,Fastened,False
4327,TRK001,OP1004,2026-09-26 08:30:00,2275.85,43.46,13,1,Fastened,False
4328,TRK001,OP1004,2026-09-26 08:45:00,2276.1,48.24,15,2,Fastened,False
4329,TRK001,OP1004,2026-09-26 09:00:00,2276.35,55.48,17,7,Fastened,False
4330,TRK001,OP1004,2026-09-26 09:15:00,2276.6,60.05,18,1,Fastened,False
4331,TRK001,OP1004,2026-09-26 09:30:00,2276.85,65.95,19,4,Fastened,False
4332,TRK001,OP1004,2026-09-26 09:45:00,2277.1,73.6,20,6,Fastened,False
4333,TRK001,OP1004,2026-09-26 10:00:00,2277.35,78.6,22,0,Fastened,False
4334,TRK001,OP1004,2026-09-26 10:15:00,2277.6,87.2,24,7,Fastened,False
4335,TRK001,OP1004,2026-09-26 10:30:00,2277.85,94.54,25,2,Fastened,False
4336,TRK001,OP1004,2026-09-26 10:45:00,2278.1,101.94,27,5,Fastened,False
4337,TRK001,OP1004,2026-09-26 11:00:00,2278.35,106.76,29,8,Fastened,False
4338,TRK001,OP1004,2026-09-26 11:15:00,2278.6,111.99,30,5,Fastened,False
4339,TRK001,OP1004,2026-09-26 11:30:00,2278.85,121.35,31,2,Fastened,False
4340,TRK001,OP1004,2026-09-26 11:45:00,2279.1,127.8,33,2,Fastened,False
4341,TRK001,OP1004,2026-09-26 12:00:00,2279.35,132.91,36,10,Fastened,False
4342,TRK001,OP1004,2026-09-26 12:15:00,2279.6,142.36,38,0,Fastened,False
4343,TRK001,OP1004,2026-09-26 12:30:00,2279.75,143.98,38,29,Fastened,False
4344,TRK001,OP1004,2026-09-26 12:45:00,2280.0,153.08,40,3,Fastened,False
4345,TRK001,OP1004,2026-09-26 13:00:00,2280.25,158.77,43,0,Fastened,False
4346,TRK001,OP1004,2026-09-26 13:15:00,2280.5,167.46,45,9,Fastened,False
4347,TRK001,OP1004,2026-09-26 13:30:00,2280.75,175.7,47,2,Fastened,False
4348,TRK001,OP1004,2026-09-26 13:45:00,2281.0,182.86,48,8,Fastened,False
4349,TRK001,OP1004,2026-09-26 14:00:00,2281.25,190.68,49,13,Fastened,False
4350,TRK001,OP1004,2026-09-26 14:15:00,2281.5,195.91,50,1,Fastened,False
4351,TRK001,OP1004,2026-09-26 14:30:00,2281.65,197.86,50,41,Fastened,False
4352,TRK001,OP1004,2026-09-26 14:45:00,2281.9,204.81,53,8,Fastened,False
4353,EXC001,OP1008,2026-09-27 07:00:00,1648.85,8.45,3,5,Fastened,False
4354,EXC001,OP1008,2026-09-27 07:15:00,1649.1,15.59,4,7,Fastened,False
4355,EXC001,OP1008,2026-09-27 07:30:00,1649.35,22.57,7,1,Fastened,False
4356,EXC001,OP1008,2026-09-27 07:45:00,1649.6,28.7,9,7,Fastened,False
4357,EXC001,OP1008,2026-09-27 08:00:00,1649.85,37.07,10,19,Fastened,False
4358,EXC001,OP1008,2026-09-27 08:15:00,1650.1,45.65,13,1,Fastened,False
4359,EXC001,OP1008,2026-09-27 08:30:00,1650.35,50.43,16,4,Unfastened,False
4360,EXC001,OP1008,2026-09-27 08:45:00,1650.6,58.19,18,1,Fastened,False
4361,EXC001,OP1008,2026-09-27 09:00:00,1650.85,63.36,21,5,Fastened,False
4362,EXC001,OP1008,2026-09-27 09:15:00,1651.0,64.65,21,21,Fastened,False
4363,EXC001,OP1008,2026-09-27 09:30:00,1651.25,71.77,22,3,Fastened,False
4364,EXC001,OP1008,2026-09-27 09:45:00,1651.5,76.67,25,4,Fastened,False
4365,EXC001,OP1008,2026-09-27 10:00:00,1651.65,78.24,25,26,Fastened,False
4366,EXC001,OP1008,2026-09-27 10:15:00,1651.9,83.56,26,3,Fastened,False
4367,EXC001,OP1008,2026-09-27 10:30:00,1652.15,88.46,27,3,Fastened,False
4368,EXC001,OP1008,2026-09-27 10:45:00,1652.4,94.93,28,3,Fastened,False
4369,EXC001,OP1008,2026-09-27 11:00:00,1652.65,103.35,31,8,Fastened,False
4370,EXC001,OP1008,2026-09-27 11:15:00,1652.9,108.19,33,5,Fastened,False
4371,EXC001,OP1008,2026-09-27 11:30:00,1653.15,115.15,35,1,Unfastened,True
4372,EXC001,OP1008,2026-09-27 11:45:00,1653.4,124.22,38,4,Fastened,False
4373,EXC001,OP1008,2026-09-27 12:00:00,1653.65,133.6,41,5,Fastened,False
4374,EXC001,OP1008,2026-09-27 12:15:00,1653.9,140.96,44,3,Fastened,False
4375,EXC001,OP1008,2026-09-27 12:30:00,1654.05,143.01,44,25,Fastened,False
4376,EXC001,OP1008,2026-09-27 12:45:00,1654.3,150.71,45,9,Fastened,False
4377,EXC001,OP1008,2026-09-27 13:00:00,1654.55,159.8,46,5,Fastened,False
4378,EXC001,OP1008,2026-09-27 13:15:00,1654.8,164.32,48,6,Fastened,False
4379,EXC001,OP1008,2026-09-27 13:30:00,1655.05,170.63,51,5,Fastened,False
4380,EXC001,OP1008,2026-09-27 13:45:00,1655.3,176.05,54,1,Fastened,False
4381,EXC001,OP1008,2026-09-27 14:00:00,1655.55,182.41,55,9,Fastened,False
4382,EXC001,OP1008,2026-09-27 14:15:00,1655.8,188.28,57,6,Fastened,False
4383,EXC001,OP1008,2026-09-27 14:30:00,1656.05,197.05,60,3,Fastened,False
4384,EXC001,OP1008,2026-09-27 14:45:00,1656.3,204.89,62,5,Fastened,False
4385,EXC002,OP1009,2026-09-27 07:00:00,2966.55,5.83,3,4,Fastened,False
4386,EXC002,OP1009,2026-09-27 07:15:00,2966.8,14.55,5,8,Fastened,False
4387,EXC002,OP1009,2026-09-27 07:30:00,2967.05,19.45,7,7,Fastened,False
4388,EXC002,OP1009,2026-09-27 07:45:00,2967.3,26.14,9,7,Fastened,False
4389,EXC002,OP1009,2026-09-27 08:00:00,2967.55,35.64,12,0,Fastened,False
4390,EXC002,OP1009,2026-09-27 08:15:00,2967.8,41.84,14,9,Fastened,False
4391,EXC002,OP1009,2026-09-27 08:30:00,2968.05,46.37,15,3,Fastened,False
4392,EXC002,OP1009,2026-09-27 08:45:00,2968.3,53.58,18,3,Fastened,False
4393,EXC002,OP1009,2026-09-27 09:00:00,2968.55,60.56,20,8,Fastened,False
4394,EXC002,OP1009,2026-09-27 09:15:00,2968.8,67.22,23,8,Fastened,False
4395,EXC002,OP1009,2026-09-27 09:30:00,2968.95,69.04,23,25,Fastened,False
4396,EXC002,OP1009,2026-09-27 09:45:00,2969.2,75.85,26,2,Fastened,False
4397,EXC002,OP1009,2026-09-27 10:00:00,2969.45,84.15,28,9,Fastened,False
4398,EXC002,OP1009,2026-09-27 10:15:00,2969.7,92.05,29,0,Fastened,False
4399,EXC002,OP1009,2026-09-27 10:30:00,2969.95,97.3,30,4,Fastened,False
4400,EXC002,OP1009,2026-09-27 10:45:00,2970.2,103.63,33,5,Fastened,False
4401,EXC002,OP1009,2026-09-27 11:00:00,2970.45,109.09,34,8,Fastened,False
4402,EXC002,OP1009,2026-09-27 11:15:00,2970.7,115.82,35,0,Fastened,False
4403,EXC002,OP1009,2026-09-27 11:30:00,2970.95,122.69,36,2,Fastened,False
4404,EXC002,OP1009,2026-09-27 11:45:00,2971.2,131.82,39,7,Fastened,False
4405,EXC002,OP1009,2026-09-27 12:00:00,2971.45,140.28,42,4,Fastened,False
4406,EXC002,OP1009,2026-09-27 12:15:00,2971.7,149.23,45,3,Fastened,False
4407,EXC002,OP1009,2026-09-27 12:30:00,2971.95,153.8,48,5,Fastened,False
4408,EXC002,OP1009,2026-09-27 12:45:00,2972.2,161.77,50,1,Fastened,False
4409,EXC002,OP1009,2026-09-27 13:00:00,2972.45,169.49,53,4,Fastened,False
4410,EXC002,OP1009,2026-09-27 13:15:00,2972.7,175.65,54,4,Fastened,False
4411,EXC002,OP1009,2026-09-27 13:30:00,2972.95,182.53,55,4,Fastened,False
4412,EXC002,OP1009,2026-09-27 13:45:00,2973.2,188.03,56,3,Fastened,False
4413,EXC002,OP1009,2026-09-27 14:00:00,2973.45,197.39,58,2,Fastened,False
4414,EXC002,OP1009,2026-09-27 14:15:00,2973.7,202.58,60,5,Fastened,False
4415,EXC002,OP1009,2026-09-27 14:30:00,2973.95,211.71,61,1,Fastened,False
4416,EXC002,OP1009,2026-09-27 14:45:00,2974.2,216.64,64,4,Fastened,False
4417,EXC003,OP1010,2026-09-27 07:00:00,550.95,6.94,3,4,Fastened,False
4418,EXC003,OP1010,2026-09-27 07:15:00,551.2,15.36,5,2,Fastened,False
4419,EXC003,OP1010,2026-09-27 07:30:00,551.45,23.08,8,3,Fastened,False
4420,EXC003,OP1010,2026-09-27 07:45:00,551.7,29.35,9,8,Fastened,False
4421,EXC003,OP1010,2026-09-27 08:00:00,551.85,31.62,9,38,Fastened,False
4422,EXC003,OP1010,2026-09-27 08:15:00,552.1,38.02,11,3,Fastened,False
4423,EXC003,OP1010,2026-09-27 08:30:00,552.35,46.5,12,8,Fastened,False
4424,EXC003,OP1010,2026-09-27 08:45:00,552.6,53.39,15,1,Fastened,False
4425,EXC003,OP1010,2026-09-27 09:00:00,552.85,62.47,16,2,Fastened,False
4426,EXC003,OP1010,2026-09-27 09:15:00,553.1,71.17,19,6,Fastened,False
4427,EXC003,OP1010,2026-09-27 09:30:00,553.35,76.01,20,4,Fastened,False
4428,EXC003,OP1010,2026-09-27 09:45:00,553.6,82.06,22,1,Fastened,False
4429,EXC003,OP1010,2026-09-27 10:00:00,553.85,91.53,23,6,Fastened,False
4430,EXC003,OP1010,2026-09-27 10:15:00,554.1,97.56,25,9,Fastened,False
4431,EXC003,OP1010,2026-09-27 10:30:00,554.35,103.71,26,9,Unfastened,False
4432,EXC003,OP1010,2026-09-27 10:45:00,554.6,111.71,28,5,Fastened,False
4433,EXC003,OP1010,2026-09-27 11:00:00,554.75,113.98,28,25,Fastened,False
4434,EXC003,OP1010,2026-09-27 11:15:00,555.0,119.65,29,2,Fastened,False
4435,EXC003,OP1010,2026-09-27 11:30:00,555.25,126.41,32,5,Fastened,False
4436,EXC003,OP1010,2026-09-27 11:45:00,555.5,133.36,33,1,Fastened,False
4437,EXC003,OP1010,2026-09-27 12:00:00,555.75,142.29,35,0,Fastened,False
4438,EXC003,OP1010,2026-09-27 12:15:00,556.0,149.69,36,9,Fastened,False
4439,EXC003,OP1010,2026-09-27 12:30:00,556.25,156.14,39,15,Fastened,False
4440,EXC003,OP1010,2026-09-27 12:45:00,556.5,164.31,40,8,Fastened,False
4441,EXC003,OP1010,2026-09-27 13:00:00,556.65,166.56,40,29,Fastened,False
4442,EXC003,OP1010,2026-09-27 13:15:00,556.9,171.98,41,7,Unfastened,False
4443,EXC003,OP1010,2026-09-27 13:30:00,557.15,177.17,44,3,Fastened,False
4444,EXC003,OP1010,2026-09-27 13:45:00,557.4,184.58,45,9,Fastened,False
4445,EXC003,OP1010,2026-09-27 14:00:00,557.65,190.21,48,3,Fastened,False
4446,EXC003,OP1010,2026-09-27 14:15:00,557.9,198.85,51,2,Fastened,False
4447,EXC003,OP1010,2026-09-27 14:30:00,558.15,206.27,53,0,Fastened,False
4448,EXC003,OP1010,2026-09-27 14:45:00,558.4,212.77,55,8,Fastened,False
4449,LDR001,OP1001,2026-09-27 07:00:00,1104.65,7.39,1,9,Fastened,False
4450,LDR001,OP1001,2026-09-27 07:15:00,1104.8,9.64,1,28,Fastened,False
4451,LDR001,OP1001,2026-09-27 07:30:00,1105.05,14.81,2,6,Fastened,False
4452,LDR001,OP1001,2026-09-27 07:45:00,1105.3,23.57,5,7,Fastened,False
4453,LDR001,OP1001,2026-09-27 08:00:00,1105.55,29.05,8,7,Fastened,False
4454,LDR001,OP1001,2026-09-27 08:15:00,1105.8,35.79,11,6,Fastened,False
4455,LDR001,OP1001,2026-09-27 08:30:00,1106.05,42.0,12,4,Fastened,False
4456,LDR001,OP1001,2026-09-27 08:45:00,1106.3,48.65,15,6,Fastened,False
4457,LDR001,OP1001,2026-09-27 09:00:00,1106.55,55.09,17,8,Fastened,False
4458,LDR001,OP1001,2026-09-27 09:15:00,1106.8,62.96,20,6,Fastened,False
4459,LDR001,OP1001,2026-09-27 09:30:00,1106.95,64.58,20,40,Fastened,False
4460,LDR001,OP1001,2026-09-27 09:45:00,1107.1,66.53,20,39,Fastened,False
4461,LDR001,OP1001,2026-09-27 10:00:00,1107.35,72.05,21,9,Fastened,False
4462,LDR001,OP1001,2026-09-27 10:15:00,1107.6,77.69,24,5,Fastened,False
4463,LDR001,OP1001,2026-09-27 10:30:00,1107.75,79.49,24,40,Fastened,False
4464,LDR001,OP1001,2026-09-27 10:45:00,1108.0,85.21,26,1,Fastened,False
4465,LDR001,OP1001,2026-09-27 11:00:00,1108.25,91.61,29,6,Unfastened,True
4466,LDR001,OP1001,2026-09-27 11:15:00,1108.5,97.52,31,6,Unfastened,True
4467,LDR001,OP1001,2026-09-27 11:30:00,1108.65,98.77,31,47,Unfastened,False
4468,LDR001,OP1001,2026-09-27 11:45:00,1108.9,106.76,34,6,Fastened,False
4469,LDR001,OP1001,2026-09-27 12:00:00,1109.15,112.8,35,7,Fastened,False
4470,LDR001,OP1001,2026-09-27 12:15:00,1109.4,118.23,37,9,Fastened,False
4471,LDR001,OP1001,2026-09-27 12:30:00,1109.65,123.93,38,8,Fastened,False
4472,LDR001,OP1001,2026-09-27 12:45:00,1109.9,130.87,39,6,Fastened,False
4473,LDR001,OP1001,2026-09-27 13:00:00,1110.15,139.56,41,7,Fastened,False
4474,LDR001,OP1001,2026-09-27 13:15:00,1110.4,148.66,42,9,Fastened,False
4475,LDR001,OP1001,2026-09-27 13:30:00,1110.65,154.88,44,1,Fastened,False
4476,LDR001,OP1001,2026-09-27 13:45:00,1110.9,161.71,46,20,Fastened,False
4477,LDR001,OP1001,2026-09-27 14:00:00,1111.15,166.41,47,1,Fastened,False
4478,LDR001,OP1001,2026-09-27 14:15:00,1111.4,172.96,49,4,Fastened,False
4479,LDR001,OP1001,2026-09-27 14:30:00,1111.65,181.53,51,2,Fastened,False
4480,LDR001,OP1001,2026-09-27 14:45:00,1111.9,189.83,53,1,Fastened,False
4481,LDR002,OP1002,2026-09-27 07:00:00,1951.45,9.03,3,7,Fastened,False
4482,LDR002,OP1002,2026-09-27 07:15:00,1951.7,15.69,6,0,Fastened,False
4483,LDR002,OP1002,2026-09-27 07:30:00,1951.95,23.1,7,1,Fastened,False
4484,LDR002,OP1002,2026-09-27 07:45:00,1952.2,31.46,8,1,Fastened,False
4485,LDR002,OP1002,2026-09-27 08:00:00,1952.45,37.92,10,0,Fastened,False
4486,LDR002,OP1002,2026-09-27 08:15:00,1952.7,45.09,11,2,Fastened,False
4487,LDR002,OP1002,2026-09-27 08:30:00,1952.95,50.25,14,8,Fastened,False
4488,LDR002,OP1002,2026-09-27 08:45:00,1953.2,54.88,17,3,Fastened,False
4489,LDR002,OP1002,2026-09-27 09:00:00,1953.45,61.81,18,2,Fastened,False
4490,LDR002,OP1002,2026-09-27 09:15:00,1953.7,71.3,21,4,Fastened,False
4491,LDR002,OP1002,2026-09-27 09:30:00,1953.85,73.29,21,24,Fastened,False
4492,LDR002,OP1002,2026-09-27 09:45:00,1954.1,79.35,22,5,Fastened,False
4493,LDR002,OP1002,2026-09-27 10:00:00,1954.35,88.59,23,1,Fastened,False
4494,LDR002,OP1002,2026-09-27 10:15:00,1954.6,96.78,25,7,Fastened,False
4495,LDR002,OP1002,2026-09-27 10:30:00,1954.85,103.74,27,9,Fastened,False
4496,LDR002,OP1002,2026-09-27 10:45:00,1955.1,113.08,29,4,Fastened,False
4497,LDR002,OP1002,2026-09-27 11:00:00,1955.35,120.73,32,8,Fastened,False
4498,LDR002,OP1002,2026-09-27 11:15:00,1955.5,122.74,32,21,Unfastened,False
4499,LDR002,OP1002,2026-09-27 11:30:00,1955.75,129.22,33,6,Fastened,False
4500,LDR002,OP1002,2026-09-27 11:45:00,1955.9,131.4,33,47,Fastened,False
4501,LDR002,OP1002,2026-09-27 12:00:00,1956.15,140.36,36,2,Fastened,False
4502,LDR002,OP1002,2026-09-27 12:15:00,1956.4,149.48,37,0,Fastened,False
4503,LDR002,OP1002,2026-09-27 12:30:00,1956.65,157.05,38,6,Unfastened,False
4504,LDR002,OP1002,2026-09-27 12:45:00,1956.9,164.35,41,5,Fastened,False
4505,LDR002,OP1002,2026-09-27 13:00:00,1957.05,165.83,41,47,Fastened,False
4506,LDR002,OP1002,2026-09-27 13:15:00,1957.3,171.65,44,3,Fastened,False
4507,LDR002,OP1002,2026-09-27 13:30:00,1957.55,178.11,46,3,Fastened,False
4508,LDR002,OP1002,2026-09-27 13:45:00,1957.8,186.52,49,5,Fastened,False
4509,LDR002,OP1002,2026-09-27 14:00:00,1958.05,193.17,50,4,Fastened,False
4510,LDR002,OP1002,2026-09-27 14:15:00,1958.3,199.42,52,9,Fastened,False
4511,LDR002,OP1002,2026-09-27 14:30:00,1958.55,204.49,55,12,Unfastened,False
4512,LDR002,OP1002,2026-09-27 14:45:00,1958.8,213.55,57,8,Fastened,False
4513,DOZ001,OP1003,2026-09-27 07:00:00,3541.35,8.06,2,4,Fastened,False
4514,DOZ001,OP1003,2026-09-27 07:15:00,3541.6,15.49,3,7,Fastened,False
4515,DOZ001,OP1003,2026-09-27 07:30:00,3541.85,23.8,4,9,Fastened,False
4516,DOZ001,OP1003,2026-09-27 07:45:00,3542.1,32.98,6,1,Fastened,False
4517,DOZ001,OP1003,2026-09-27 08:00:00,3542.35,41.37,7,4,Fastened,False
4518,DOZ001,OP1003,2026-09-27 08:15:00,3542.5,43.73,7,33,Fastened,False
4519,DOZ001,OP1003,2026-09-27 08:30:00,3542.75,51.86,8,0,Fastened,False
4520,DOZ001,OP1003,2026-09-27 08:45:00,3543.0,58.41,11,3,Fastened,False
4521,DOZ001,OP1003,2026-09-27 09:00:00,3543.25,63.74,12,8,Fastened,False
4522,DOZ001,OP1003,2026-09-27 09:15:00,3543.4,66.21,12,26,Fastened,False
4523,DOZ001,OP1003,2026-09-27 09:30:00,3543.65,73.56,13,9,Fastened,False
4524,DOZ001,OP1003,2026-09-27 09:45:00,3543.9,82.87,15,1,Fastened,False
4525,DOZ001,OP1003,2026-09-27 10:00:00,3544.15,87.64,18,9,Fastened,False
4526,DOZ001,OP1003,2026-09-27 10:15:00,3544.4,94.5,20,7,Fastened,False
4527,DOZ001,OP1003,2026-09-27 10:30:00,3544.65,101.72,23,7,Fastened,False
4528,DOZ001,OP1003,2026-09-27 10:45:00,3544.8,103.24,23,30,Fastened,False
4529,DOZ001,OP1003,2026-09-27 11:00:00,3545.05,108.58,25,9,Fastened,False
4530,DOZ001,OP1003,2026-09-27 11:15:00,3545.3,114.61,28,2,Fastened,False
4531,DOZ001,OP1003,2026-09-27 11:30:00,3545.55,123.55,30,5,Fastened,False
4532,DOZ001,OP1003,2026-09-27 11:45:00,3545.7,125.27,30,27,Fastened,False
4533,DOZ001,OP1003,2026-09-27 12:00:00,3545.95,133.44,31,1,Fastened,False
4534,DOZ001,OP1003,2026-09-27 12:15:00,3546.2,140.55,33,8,Fastened,False
4535,DOZ001,OP1003,2026-09-27 12:30:00,3546.45,146.48,35,7,Fastened,False
4536,DOZ001,OP1003,2026-09-27 12:45:00,3546.7,151.85,37,7,Fastened,False
4537,DOZ001,OP1003,2026-09-27 13:00:00,3546.95,159.62,40,9,Fastened,False
4538,DOZ001,OP1003,2026-09-27 13:15:00,3547.1,160.86,40,43,Fastened,False
4539,DOZ001,OP1003,2026-09-27 13:30:00,3547.35,170.3,43,1,Fastened,False
4540,DOZ001,OP1003,2026-09-27 13:45:00,3547.6,177.0,44,1,Fastened,False
4541,DOZ001,OP1003,2026-09-27 14:00:00,3547.85,183.79,45,7,Fastened,False
4542,DOZ001,OP1003,2026-09-27 14:15:00,3548.1,188.31,48,8,Fastened,False
4543,DOZ001,OP1003,2026-09-27 14:30:00,3548.35,194.48,49,6,Fastened,False
4544,DOZ001,OP1003,2026-09-27 14:45:00,3548.6,200.85,51,9,Fastened,False
4545,DOZ002,OP1004,2026-09-27 07:00:00,4251.25,7.26,3,4,Fastened,False
4546,DOZ002,OP1004,2026-09-27 07:15:00,4251.5,14.56,4,6,Unfastened,True
4547,DOZ002,OP1004,2026-09-27 07:30:00,4251.75,21.72,6,0,Fastened,False
4548,DOZ002,OP1004,2026-09-27 07:45:00,4252.0,28.67,9,8,Fastened,False
4549,DOZ002,OP1004,2026-09-27 08:00:00,4252.25,36.4,11,1,Fastened,False
4550,DOZ002,OP1004,2026-09-27 08:15:00,4252.5,43.63,13,4,Fastened,False
4551,DOZ002,OP1004,2026-09-27 08:30:00,4252.75,52.08,16,0,Fastened,False
4552,DOZ002,OP1004,2026-09-27 08:45:00,4252.9,53.59,16,45,Fastened,False
4553,DOZ002,OP1004,2026-09-27 09:00:00,4253.15,61.33,18,3,Fastened,False
4554,DOZ002,OP1004,2026-09-27 09:15:00,4253.4,68.05,19,17,Fastened,False
4555,DOZ002,OP1004,2026-09-27 09:30:00,4253.65,73.09,21,4,Fastened,False
4556,DOZ002,OP1004,2026-09-27 09:45:00,4253.9,81.33,23,5,Fastened,False
4557,DOZ002,OP1004,2026-09-27 10:00:00,4254.15,86.16,26,7,Fastened,False
4558,DOZ002,OP1004,2026-09-27 10:15:00,4254.4,95.55,27,9,Fastened,False
4559,DOZ002,OP1004,2026-09-27 10:30:00,4254.65,103.7,29,6,Fastened,False
4560,DOZ002,OP1004,2026-09-27 10:45:00,4254.9,108.4,30,7,Fastened,False
4561,DOZ002,OP1004,2026-09-27 11:00:00,4255.15,115.8,32,2,Fastened,False
4562,DOZ002,OP1004,2026-09-27 11:15:00,4255.4,124.44,33,18,Fastened,False
4563,DOZ002,OP1004,2026-09-27 11:30:00,4255.65,130.57,35,3,Fastened,False
4564,DOZ002,OP1004,2026-09-27 11:45:00,4255.9,137.32,37,6,Fastened,False
4565,DOZ002,OP1004,2026-09-27 12:00:00,4256.15,146.51,38,3,Fastened,False
4566,DOZ002,OP1004,2026-09-27 12:15:00,4256.3,148.63,38,34,Fastened,False
4567,DOZ002,OP1004,2026-09-27 12:30:00,4256.45,150.11,38,40,Fastened,False
4568,DOZ002,OP1004,2026-09-27 12:45:00,4256.7,155.34,41,5,Fastened,False
4569,DOZ002,OP1004,2026-09-27 13:00:00,4256.85,157.6,41,33,Fastened,False
4570,DOZ002,OP1004,2026-09-27 13:15:00,4257.1,164.15,42,2,Fastened,False
4571,DOZ002,OP1004,2026-09-27 13:30:00,4257.35,169.63,45,2,Fastened,False
4572,DOZ002,OP1004,2026-09-27 13:45:00,4257.6,174.41,48,0,Fastened,False
4573,DOZ002,OP1004,2026-09-27 14:00:00,4257.85,182.93,50,9,Fastened,False
4574,DOZ002,OP1004,2026-09-27 14:15:00,4258.1,188.38,51,8,Fastened,False
4575,DOZ002,OP1004,2026-09-27 14:30:00,4258.35,195.96,52,10,Fastened,False
4576,DOZ002,OP1004,2026-09-27 14:45:00,4258.6,205.36,54,0,Fastened,False
4577,TRK001,OP1005,2026-09-27 07:00:00,2282.15,8.65,2,3,Fastened,False
4578,TRK001,OP1005,2026-09-27 07:15:00,2282.4,13.85,3,0,Fastened,False
4579,TRK001,OP1005,2026-09-27 07:30:00,2282.65,19.09,5,9,Unfastened,True
4580,TRK001,OP1005,2026-09-27 07:45:00,2282.9,25.65,6,8,Fastened,False
4581,TRK001,OP1005,2026-09-27 08:00:00,2283.15,30.4,8,9,Fastened,False
4582,TRK001,OP1005,2026-09-27 08:15:00,2283.4,36.84,10,9,Fastened,False
4583,TRK001,OP1005,2026-09-27 08:30:00,2283.65,44.56,11,3,Fastened,False
4584,TRK001,OP1005,2026-09-27 08:45:00,2283.9,53.28,14,9,Fastened,False
4585,TRK001,OP1005,2026-09-27 09:00:00,2284.15,61.4,15,5,Fastened,False
4586,TRK001,OP1005,2026-09-27 09:15:00,2284.4,69.85,18,1,Fastened,False
4587,TRK001,OP1005,2026-09-27 09:30:00,2284.65,74.41,21,5,Fastened,False
4588,TRK001,OP1005,2026-09-27 09:45:00,2284.9,81.82,23,8,Fastened,False
4589,TRK001,OP1005,2026-09-27 10:00:00,2285.05,83.26,23,33,Fastened,False
4590,TRK001,OP1005,2026-09-27 10:15:00,2285.2,84.75,23,31,Fastened,False
4591,TRK001,OP1005,2026-09-27 10:30:00,2285.45,90.95,26,2,Fastened,False
4592,TRK001,OP1005,2026-09-27 10:45:00,2285.7,99.18,28,3,Fastened,False
4593,TRK001,OP1005,2026-09-27 11:00:00,2285.95,106.94,30,2,Fastened,False
4594,TRK001,OP1005,2026-09-27 11:15:00,2286.2,114.64,33,0,Fastened,False
4595,TRK001,OP1005,2026-09-27 11:30:00,2286.45,122.29,36,3,Fastened,False
4596,TRK001,OP1005,2026-09-27 11:45:00,2286.7,128.26,39,1,Unfastened,True
4597,TRK001,OP1005,2026-09-27 12:00:00,2286.95,137.06,41,2,Fastened,False
4598,TRK001,OP1005,2026-09-27 12:15:00,2287.2,142.81,44,7,Fastened,False
4599,TRK001,OP1005,2026-09-27 12:30:00,2287.45,149.68,45,1,Fastened,False
4600,TRK001,OP1005,2026-09-27 12:45:00,2287.7,155.65,47,0,Fastened,False
4601,TRK001,OP1005,2026-09-27 13:00:00,2287.95,164.82,50,6,Fastened,False
4602,TRK001,OP1005,2026-09-27 13:15:00,2288.2,171.79,53,7,Fastened,False
4603,TRK001,OP1005,2026-09-27 13:30:00,2288.45,180.46,55,7,Fastened,False
4604,TRK001,OP1005,2026-09-27 13:45:00,2288.7,189.41,58,1,Unfastened,True
4605,TRK001,OP1005,2026-09-27 14:00:00,2288.95,195.03,59,9,Fastened,False
4606,TRK001,OP1005,2026-09-27 14:15:00,2289.2,201.74,61,2,Fastened,False
4607,TRK001,OP1005,2026-09-27 14:30:00,2289.45,207.19,62,9,Unfastened,True
4608,TRK001,OP1005,2026-09-27 14:45:00,2289.6,209.56,62,21,Fastened,False
4609,EXC001,OP1001,2026-09-28 07:00:00,1656.55,9.46,3,9,Fastened,False
4610,EXC001,OP1001,2026-09-28 07:15:00,1656.8,18.08,6,6,Fastened,False
4611,EXC001,OP1001,2026-09-28 07:30:00,1657.05,26.31,7,3,Unfastened,True
4612,EXC001,OP1001,2026-09-28 07:45:00,1657.3,35.2,9,7,Fastened,False
4613,EXC001,OP1001,2026-09-28 08:00:00,1657.45,36.55,9,43,Fastened,False
4614,EXC001,OP1001,2026-09-28 08:15:00,1657.7,42.44,11,3,Fastened,False
4615,EXC001,OP1001,2026-09-28 08:30:00,1657.95,47.83,14,1,Fastened,False
4616,EXC001,OP1001,2026-09-28 08:45:00,1658.2,55.41,15,6,Fastened,False
4617,EXC001,OP1001,2026-09-28 09:00:00,1658.45,62.73,18,2,Fastened,False
4618,EXC001,OP1001,2026-09-28 09:15:00,1658.7,69.29,21,2,Fastened,False
4619,EXC001,OP1001,2026-09-28 09:30:00,1658.95,75.3,24,0,Unfastened,True
4620,EXC001,OP1001,2026-09-28 09:45:00,1659.2,82.63,25,9,Unfastened,True
4621,EXC001,OP1001,2026-09-28 10:00:00,1659.35,84.02,25,46,Unfastened,True
4622,EXC001,OP1001,2026-09-28 10:15:00,1659.6,92.1,28,0,Unfastened,True
4623,EXC001,OP1001,2026-09-28 10:30:00,1659.85,97.17,30,8,Unfastened,True
4624,EXC001,OP1001,2026-09-28 10:45:00,1660.1,102.54,31,0,Unfastened,True
4625,EXC001,OP1001,2026-09-28 11:00:00,1660.35,107.92,32,1,Fastened,False
4626,EXC001,OP1001,2026-09-28 11:15:00,1660.6,115.03,34,5,Fastened,False
4627,EXC001,OP1001,2026-09-28 11:30:00,1660.85,121.75,35,5,Fastened,False
4628,EXC001,OP1001,2026-09-28 11:45:00,1661.1,128.09,37,9,Fastened,False
4629,EXC001,OP1001,2026-09-28 12:00:00,1661.35,135.14,40,6,Fastened,False
4630,EXC001,OP1001,2026-09-28 12:15:00,1661.6,142.06,42,9,Fastened,False
4631,EXC001,OP1001,2026-09-28 12:30:00,1661.85,147.57,45,1,Fastened,False
4632,EXC001,OP1001,2026-09-28 12:45:00,1662.1,153.64,48,8,Fastened,False
4633,EXC001,OP1001,2026-09-28 13:00:00,1662.35,162.4,51,4,Unfastened,False
4634,EXC001,OP1001,2026-09-28 13:15:00,1662.6,167.61,54,8,Fastened,False
4635,EXC001,OP1001,2026-09-28 13:30:00,1662.85,176.89,57,9,Fastened,False
4636,EXC001,OP1001,2026-09-28 13:45:00,1663.1,185.23,60,5,Fastened,False
4637,EXC001,OP1001,2026-09-28 14:00:00,1663.35,193.42,61,2,Fastened,False
4638,EXC001,OP1001,2026-09-28 14:15:00,1663.6,199.25,62,0,Fastened,False
4639,EXC001,OP1001,2026-09-28 14:30:00,1663.85,207.79,65,7,Unfastened,True
4640,EXC001,OP1001,2026-09-28 14:45:00,1664.0,209.61,65,30,Fastened,False
4641,EXC002,OP1010,2026-09-28 07:00:00,2974.45,15.53,2,1,Fastened,False
4642,EXC002,OP1010,2026-09-28 07:15:00,2974.7,31.28,4,6,Unfastened,True
4643,EXC002,OP1010,2026-09-28 07:30:00,2974.95,42.43,6,1,Fastened,False
4644,EXC002,OP1010,2026-09-28 07:45:00,2975.2,59.35,7,3,Fastened,False
4645,EXC002,OP1010,2026-09-28 08:00:00,2975.45,80.18,8,6,Fastened,False
4646,EXC002,OP1010,2026-09-28 08:15:00,2975.7,100.68,11,9,Fastened,False
4647,EXC002,OP1010,2026-09-28 08:30:00,2975.95,121.21,12,1,Fastened,False
4648,EXC002,OP1010,2026-09-28 08:45:00,2976.2,140.68,15,2,Fastened,False
4649,EXC002,OP1010,2026-09-28 09:00:00,2976.45,159.47,18,6,Fastened,False
4650,EXC002,OP1010,2026-09-28 09:15:00,2976.7,172.1,19,4,Fastened,False
4651,EXC002,OP1010,2026-09-28 09:30:00,2976.95,184.33,20,7,Fastened,False
4652,EXC002,OP1010,2026-09-28 09:45:00,2977.1,186.61,20,33,Fastened,False
4653,EXC002,OP1010,2026-09-28 10:00:00,2977.35,203.07,22,5,Fastened,False
4654,EXC002,OP1010,2026-09-28 10:15:00,2977.5,204.84,22,40,Fastened,False
4655,EXC002,OP1010,2026-09-28 10:30:00,2977.75,217.2,25,2,Fastened,False
4656,EXC002,OP1010,2026-09-28 10:45:00,2978.0,232.07,26,9,Fastened,False
4657,EXC002,OP1010,2026-09-28 11:00:00,2978.25,242.94,27,2,Fastened,False
4658,EXC002,OP1010,2026-09-28 11:15:00,2978.5,263.11,29,9,Fastened,False
4659,EXC002,OP1010,2026-09-28 11:30:00,2978.75,278.97,30,6,Fastened,False
4660,EXC002,OP1010,2026-09-28 11:45:00,2978.9,280.53,30,41,Fastened,False
4661,EXC002,OP1010,2026-09-28 12:00:00,2979.15,296.81,32,7,Unfastened,False
4662,EXC002,OP1010,2026-09-28 12:15:00,2979.4,310.6,33,3,Fastened,False
4663,EXC002,OP1010,2026-09-28 12:30:00,2979.65,328.68,35,1,Fastened,False
4664,EXC002,OP1010,2026-09-28 12:45:00,2979.9,342.45,38,4,Fastened,False
4665,EXC002,OP1010,2026-09-28 13:00:00,2980.15,360.05,40,3,Unfastened,True
4666,EXC002,OP1010,2026-09-28 13:15:00,2980.4,379.76,43,9,Fastened,False
4667,EXC002,OP1010,2026-09-28 13:30:00,2980.65,396.55,44,3,Fastened,False
4668,EXC002,OP1010,2026-09-28 13:45:00,2980.9,406.76,46,5,Fastened,False
4669,EXC002,OP1010,2026-09-28 14:00:00,2981.15,422.75,48,3,Fastened,False
4670,EXC002,OP1010,2026-09-28 14:15:00,2981.3,424.83,48,24,Fastened,False
4671,EXC002,OP1010,2026-09-28 14:30:00,2981.55,440.45,49,3,Fastened,False
4672,EXC002,OP1010,2026-09-28 14:45:00,2981.8,454.2,51,5,Fastened,False
4673,EXC003,OP1001,2026-09-28 07:00:00,558.65,8.63,3,7,Fastened,False
4674,EXC003,OP1001,2026-09-28 07:15:00,558.8,10.5,3,47,Fastened,False
4675,EXC003,OP1001,2026-09-28 07:30:00,559.05,15.03,6,4,Fastened,False
4676,EXC003,OP1001,2026-09-28 07:45:00,559.3,21.22,9,9,Fastened,False
4677,EXC003,OP1001,2026-09-28 08:00:00,559.55,28.88,12,9,Fastened,False
4678,EXC003,OP1001,2026-09-28 08:15:00,559.8,37.92,15,7,Fastened,False
4679,EXC003,OP1001,2026-09-28 08:30:00,560.05,45.92,17,9,Unfastened,True
4680,EXC003,OP1001,2026-09-28 08:45:00,560.3,54.88,20,3,Fastened,False
4681,EXC003,OP1001,2026-09-28 09:00:00,560.55,63.77,22,5,Fastened,False
4682,EXC003,OP1001,2026-09-28 09:15:00,560.7,65.68,22,42,Fastened,False
4683,EXC003,OP1001,2026-09-28 09:30:00,560.95,72.05,24,9,Unfastened,True
4684,EXC003,OP1001,2026-09-28 09:45:00,561.2,76.76,26,6,Unfastened,True
4685,EXC003,OP1001,2026-09-28 10:00:00,561.45,86.22,27,9,Unfastened,True
4686,EXC003,OP1001,2026-09-28 10:15:00,561.7,93.24,30,7,Unfastened,True
4687,EXC003,OP1001,2026-09-28 10:30:00,561.95,97.8,31,1,Unfastened,True
4688,EXC003,OP1001,2026-09-28 10:45:00,562.2,103.64,33,6,Unfastened,True
4689,EXC003,OP1001,2026-09-28 11:00:00,562.45,110.37,36,9,Unfastened,True
4690,EXC003,OP1001,2026-09-28 11:15:00,562.7,117.63,39,9,Fastened,False
4691,EXC003,OP1001,2026-09-28 11:30:00,562.95,126.69,42,2,Fastened,False
4692,EXC003,OP1001,2026-09-28 11:45:00,563.2,135.31,45,3,Fastened,False
4693,EXC003,OP1001,2026-09-28 12:00:00,563.45,143.6,47,9,Fastened,False
4694,EXC003,OP1001,2026-09-28 12:15:00,563.6,145.39,47,45,Fastened,False
4695,EXC003,OP1001,2026-09-28 12:30:00,563.85,150.67,49,6,Fastened,False
4696,EXC003,OP1001,2026-09-28 12:45:00,564.0,152.96,49,21,Unfastened,False
4697,EXC003,OP1001,2026-09-28 13:00:00,564.25,157.83,50,6,Fastened,False
4698,EXC003,OP1001,2026-09-28 13:15:00,564.5,165.15,51,4,Fastened,False
4699,EXC003,OP1001,2026-09-28 13:30:00,564.75,173.78,52,0,Fastened,False
4700,EXC003,OP1001,2026-09-28 13:45:00,565.0,180.8,55,9,Fastened,False
4701,EXC003,OP1001,2026-09-28 14:00:00,565.25,186.94,56,7,Fastened,False
4702,EXC003,OP1001,2026-09-28 14:15:00,565.5,192.42,58,1,Unfastened,False
4703,EXC003,OP1001,2026-09-28 14:30:00,565.75,197.18,59,6,Fastened,False
4704,EXC003,OP1001,2026-09-28 14:45:00,566.0,201.9,60,9,Fastened,False
4705,LDR001,OP1002,2026-09-28 07:00:00,1112.15,7.26,1,4,Fastened,False
4706,LDR001,OP1002,2026-09-28 07:15:00,1112.4,14.05,3,5,Fastened,False
4707,LDR001,OP1002,2026-09-28 07:30:00,1112.55,16.15,3,46,Fastened,False
4708,LDR001,OP1002,2026-09-28 07:45:00,1112.8,24.56,5,3,Fastened,False
4709,LDR001,OP1002,2026-09-28 08:00:00,1113.05,33.77,8,1,Fastened,False
4710,LDR001,OP1002,2026-09-28 08:15:00,1113.2,36.21,8,40,Fastened,False
4711,LDR001,OP1002,2026-09-28 08:30:00,1113.45,43.74,9,8,Unfastened,True
4712,LDR001,OP1002,2026-09-28 08:45:00,1113.7,50.24,11,6,Fastened,False
4713,LDR001,OP1002,2026-09-28 09:00:00,1113.95,55.04,12,6,Fastened,False
4714,LDR001,OP1002,2026-09-28 09:15:00,1114.2,62.13,15,7,Fastened,False
4715,LDR001,OP1002,2026-09-28 09:30:00,1114.45,70.24,17,7,Fastened,False
4716,LDR001,OP1002,2026-09-28 09:45:00,1114.7,79.27,18,1,Unfastened,True
4717,LDR001,OP1002,2026-09-28 10:00:00,1114.95,88.54,20,5,Unfastened,True
4718,LDR001,OP1002,2026-09-28 10:15:00,1115.2,93.15,23,6,Fastened,False
4719,LDR001,OP1002,2026-09-28 10:30:00,1115.45,98.68,24,6,Unfastened,True
4720,LDR001,OP1002,2026-09-28 10:45:00,1115.7,106.28,27,2,Unfastened,False
4721,LDR001,OP1002,2026-09-28 11:00:00,1115.95,111.82,29,9,Fastened,False
4722,LDR001,OP1002,2026-09-28 11:15:00,1116.2,120.84,30,7,Fastened,False
4723,LDR001,OP1002,2026-09-28 11:30:00,1116.45,129.37,33,17,Fastened,False
4724,LDR001,OP1002,2026-09-28 11:45:00,1116.7,136.78,34,5,Fastened,False
4725,LDR001,OP1002,2026-09-28 12:00:00,1116.95,143.65,35,4,Fastened,False
4726,LDR001,OP1002,2026-09-28 12:15:00,1117.2,151.92,36,8,Fastened,False
4727,LDR001,OP1002,2026-09-28 12:30:00,1117.45,160.8,37,6,Fastened,False
4728,LDR001,OP1002,2026-09-28 12:45:00,1117.7,169.72,40,2,Fastened,False
4729,LDR001,OP1002,2026-09-28 13:00:00,1117.95,174.71,43,1,Fastened,False
4730,LDR001,OP1002,2026-09-28 13:15:00,1118.2,182.21,45,0,Fastened,False
4731,LDR001,OP1002,2026-09-28 13:30:00,1118.45,191.17,48,4,Fastened,False
4732,LDR001,OP1002,2026-09-28 13:45:00,1118.7,196.51,51,7,Unfastened,True
4733,LDR001,OP1002,2026-09-28 14:00:00,1118.95,201.11,52,1,Fastened,False
4734,LDR001,OP1002,2026-09-28 14:15:00,1119.2,209.83,55,7,Fastened,False
4735,LDR001,OP1002,2026-09-28 14:30:00,1119.45,217.96,56,8,Fastened,False
4736,LDR001,OP1002,2026-09-28 14:45:00,1119.7,223.79,57,6,Fastened,False
4737,LDR002,OP1003,2026-09-28 07:00:00,1959.05,8.62,2,14,Fastened,False
4738,LDR002,OP1003,2026-09-28 07:15:00,1959.3,17.58,3,4,Fastened,False
4739,LDR002,OP1003,2026-09-28 07:30:00,1959.55,25.2,6,16,Fastened,False
4740,LDR002,OP1003,2026-09-28 07:45:00,1959.8,32.04,8,2,Fastened,False
4741,LDR002,OP1003,2026-09-28 08:00:00,1960.05,38.95,11,3,Fastened,False
4742,LDR002,OP1003,2026-09-28 08:15:00,1960.3,47.08,12,5,Fastened,False
4743,LDR002,OP1003,2026-09-28 08:30:00,1960.55,52.72,14,0,Fastened,False
4744,LDR002,OP1003,2026-09-28 08:45:00,1960.8,57.34,15,3,Fastened,False
4745,LDR002,OP1003,2026-09-28 09:00:00,1961.05,65.59,17,8,Fastened,False
4746,LDR002,OP1003,2026-09-28 09:15:00,1961.3,70.9,18,0,Fastened,False
4747,LDR002,OP1003,2026-09-28 09:30:00,1961.55,76.4,19,3,Fastened,False
4748,LDR002,OP1003,2026-09-28 09:45:00,1961.7,78.42,19,32,Unfastened,True
4749,LDR002,OP1003,2026-09-28 10:00:00,1961.95,84.53,21,8,Fastened,False
4750,LDR002,OP1003,2026-09-28 10:15:00,1962.2,90.57,23,6,Fastened,False
4751,LDR002,OP1003,2026-09-28 10:30:00,1962.45,98.94,24,1,Fastened,False
4752,LDR002,OP1003,2026-09-28 10:45:00,1962.7,107.3,27,4,Fastened,False
4753,LDR002,OP1003,2026-09-28 11:00:00,1962.95,113.2,30,5,Fastened,False
4754,LDR002,OP1003,2026-09-28 11:15:00,1963.2,121.6,32,1,Fastened,False
4755,LDR002,OP1003,2026-09-28 11:30:00,1963.45,127.31,34,9,Unfastened,True
4756,LDR002,OP1003,2026-09-28 11:45:00,1963.7,135.7,35,15,Fastened,False
4757,LDR002,OP1003,2026-09-28 12:00:00,1963.95,141.49,38,6,Fastened,False
4758,LDR002,OP1003,2026-09-28 12:15:00,1964.2,148.72,39,7,Fastened,False
4759,LDR002,OP1003,2026-09-28 12:30:00,1964.45,156.12,41,6,Fastened,False
4760,LDR002,OP1003,2026-09-28 12:45:00,1964.6,158.22,41,33,Fastened,False
4761,LDR002,OP1003,2026-09-28 13:00:00,1964.85,163.78,42,1,Fastened,False
4762,LDR002,OP1003,2026-09-28 13:15:00,1965.1,171.48,44,7,Fastened,False
4763,LDR002,OP1003,2026-09-28 13:30:00,1965.35,177.01,46,5,Fastened,False
4764,LDR002,OP1003,2026-09-28 13:45:00,1965.6,182.8,47,0,Fastened,False
4765,LDR002,OP1003,2026-09-28 14:00:00,1965.85,189.34,49,9,Fastened,False
4766,LDR002,OP1003,2026-09-28 14:15:00,1966.1,195.81,50,4,Fastened,False
4767,LDR002,OP1003,2026-09-28 14:30:00,1966.35,203.71,52,3,Fastened,False
4768,LDR002,OP1003,2026-09-28 14:45:00,1966.6,209.31,55,7,Fastened,False
4769,DOZ001,OP1004,2026-09-28 07:00:00,3548.85,7.62,1,4,Fastened,False
4770,DOZ001,OP1004,2026-09-28 07:15:00,3549.1,15.65,3,9,Fastened,False
4771,DOZ001,OP1004,2026-09-28 07:30:00,3549.35,24.83,5,8,Fastened,False
4772,DOZ001,OP1004,2026-09-28 07:45:00,3549.5,26.22,5,44,Fastened,False
4773,DOZ001,OP1004,2026-09-28 08:00:00,3549.65,27.48,5,45,Fastened,False
4774,DOZ001,OP1004,2026-09-28 08:15:00,3549.8,28.73,5,47,Fastened,False
4775,DOZ001,OP1004,2026-09-28 08:30:00,3550.05,38.02,6,0,Fastened,False
4776,DOZ001,OP1004,2026-09-28 08:45:00,3550.3,44.68,9,2,Fastened,False
4777,DOZ001,OP1004,2026-09-28 09:00:00,3550.55,51.08,12,0,Fastened,False
4778,DOZ001,OP1004,2026-09-28 09:15:00,3550.8,58.97,14,2,Fastened,False
4779,DOZ001,OP1004,2026-09-28 09:30:00,3551.05,66.86,16,0,Unfastened,True
4780,DOZ001,OP1004,2026-09-28 09:45:00,3551.2,68.29,16,36,Fastened,False
4781,DOZ001,OP1004,2026-09-28 10:00:00,3551.45,76.35,17,5,Fastened,False
4782,DOZ001,OP1004,2026-09-28 10:15:00,3551.7,82.75,20,7,Fastened,False
4783,DOZ001,OP1004,2026-09-28 10:30:00,3551.95,90.47,22,1,Fastened,False
4784,DOZ001,OP1004,2026-09-28 10:45:00,3552.2,97.04,24,7,Unfastened,False
4785,DOZ001,OP1004,2026-09-28 11:00:00,3552.45,104.84,27,7,Fastened,False
4786,DOZ001,OP1004,2026-09-28 11:15:00,3552.6,106.55,27,46,Fastened,False
4787,DOZ001,OP1004,2026-09-28 11:30:00,3552.85,113.15,28,1,Fastened,False
4788,DOZ001,OP1004,2026-09-28 11:45:00,3553.1,121.92,30,3,Fastened,False
4789,DOZ001,OP1004,2026-09-28 12:00:00,3553.35,131.23,31,7,Fastened,False
4790,DOZ001,OP1004,2026-09-28 12:15:00,3553.6,137.83,33,9,Fastened,False
4791,DOZ001,OP1004,2026-09-28 12:30:00,3553.85,142.62,35,5,Fastened,False
4792,DOZ001,OP1004,2026-09-28 12:45:00,3554.1,148.22,37,9,Unfastened,True
4793,DOZ001,OP1004,2026-09-28 13:00:00,3554.35,154.79,39,1,Fastened,False
4794,DOZ001,OP1004,2026-09-28 13:15:00,3554.6,163.03,41,3,Fastened,False
4795,DOZ001,OP1004,2026-09-28 13:30:00,3554.85,172.04,44,3,Fastened,False
4796,DOZ001,OP1004,2026-09-28 13:45:00,3555.1,181.21,45,5,Unfastened,True
4797,DOZ001,OP1004,2026-09-28 14:00:00,3555.35,190.0,47,9,Unfastened,True
4798,DOZ001,OP1004,2026-09-28 14:15:00,3555.6,195.9,50,5,Fastened,False
4799,DOZ001,OP1004,2026-09-28 14:30:00,3555.85,203.4,52,3,Fastened,False
4800,DOZ001,OP1004,2026-09-28 14:45:00,3556.0,205.08,52,23,Fastened,False
4801,DOZ002,OP1005,2026-09-28 07:00:00,4258.85,9.42,3,2,Unfastened,False
4802,DOZ002,OP1005,2026-09-28 07:15:00,4259.1,15.95,6,9,Fastened,False
4803,DOZ002,OP1005,2026-09-28 07:30:00,4259.35,24.93,9,1,Fastened,False
4804,DOZ002,OP1005,2026-09-28 07:45:00,4259.6,31.89,11,5,Fastened,False
4805,DOZ002,OP1005,2026-09-28 08:00:00,4259.85,39.43,13,3,Fastened,False
4806,DOZ002,OP1005,2026-09-28 08:15:00,4260.1,45.48,14,0,Fastened,False
4807,DOZ002,OP1005,2026-09-28 08:30:00,4260.35,53.36,16,3,Fastened,False
4808,DOZ002,OP1005,2026-09-28 08:45:00,4260.5,55.34,16,40,Fastened,False
4809,DOZ002,OP1005,2026-09-28 09:00:00,4260.75,61.43,18,3,Fastened,False
4810,DOZ002,OP1005,2026-09-28 09:15:00,4261.0,68.23,21,8,Fastened,False
4811,DOZ002,OP1005,2026-09-28 09:30:00,4261.25,73.37,24,8,Fastened,False
4812,DOZ002,OP1005,2026-09-28 09:45:00,4261.4,74.73,24,34,Fastened,False
4813,DOZ002,OP1005,2026-09-28 10:00:00,4261.65,82.58,25,3,Fastened,False
4814,DOZ002,OP1005,2026-09-28 10:15:00,4261.8,84.53,25,29,Fastened,False
4815,DOZ002,OP1005,2026-09-28 10:30:00,4262.05,92.41,28,3,Fastened,False
4816,DOZ002,OP1005,2026-09-28 10:45:00,4262.3,100.42,31,1,Fastened,False
4817,DOZ002,OP1005,2026-09-28 11:00:00,4262.55,107.87,34,9,Fastened,False
4818,DOZ002,OP1005,2026-09-28 11:15:00,4262.8,113.58,35,4,Unfastened,True
4819,DOZ002,OP1005,2026-09-28 11:30:00,4263.05,122.55,36,8,Fastened,False
4820,DOZ002,OP1005,2026-09-28 11:45:00,4263.3,130.08,39,2,Fastened,False
4821,DOZ002,OP1005,2026-09-28 12:00:00,4263.55,138.0,42,17,Fastened,False
4822,DOZ002,OP1005,2026-09-28 12:15:00,4263.7,139.88,42,28,Fastened,False
4823,DOZ002,OP1005,2026-09-28 12:30:00,4263.95,144.41,45,1,Fastened,False
4824,DOZ002,OP1005,2026-09-28 12:45:00,4264.2,153.28,46,8,Fastened,False
4825,DOZ002,OP1005,2026-09-28 13:00:00,4264.45,159.16,48,9,Fastened,False
4826,DOZ002,OP1005,2026-09-28 13:15:00,4264.7,165.43,51,8,Fastened,False
4827,DOZ002,OP1005,2026-09-28 13:30:00,4264.95,172.95,52,6,Fastened,False
4828,DOZ002,OP1005,2026-09-28 13:45:00,4265.1,174.38,52,31,Fastened,False
4829,DOZ002,OP1005,2026-09-28 14:00:00,4265.35,180.72,54,0,Fastened,False
4830,DOZ002,OP1005,2026-09-28 14:15:00,4265.6,186.85,57,1,Fastened,False
4831,DOZ002,OP1005,2026-09-28 14:30:00,4265.85,191.68,58,1,Fastened,False
4832,DOZ002,OP1005,2026-09-28 14:45:00,4266.1,200.29,59,6,Fastened,False
4833,TRK001,OP1006,2026-09-28 07:00:00,2289.85,9.01,1,7,Fastened,False
4834,TRK001,OP1006,2026-09-28 07:15:00,2290.1,15.55,3,5,Fastened,False
4835,TRK001,OP1006,2026-09-28 07:30:00,2290.35,23.37,4,2,Unfastened,True
4836,TRK001,OP1006,2026-09-28 07:45:00,2290.6,27.97,6,0,Fastened,False
4837,TRK001,OP1006,2026-09-28 08:00:00,2290.85,37.21,8,7,Fastened,False
4838,TRK001,OP1006,2026-09-28 08:15:00,2291.1,43.0,11,6,Fastened,False
4839,TRK001,OP1006,2026-09-28 08:30:00,2291.25,44.59,11,30,Fastened,False
4840,TRK001,OP1006,2026-09-28 08:45:00,2291.4,46.78,11,30,Fastened,False
4841,TRK001,OP1006,2026-09-28 09:00:00,2291.65,54.01,13,4,Fastened,False
4842,TRK001,OP1006,2026-09-28 09:15:00,2291.9,58.65,14,3,Fastened,False
4843,TRK001,OP1006,2026-09-28 09:30:00,2292.15,65.7,15,5,Fastened,False
4844,TRK001,OP1006,2026-09-28 09:45:00,2292.4,72.56,18,3,Fastened,False
4845,TRK001,OP1006,2026-09-28 10:00:00,2292.65,78.59,19,17,Fastened,False
4846,TRK001,OP1006,2026-09-28 10:15:00,2292.9,83.22,20,3,Fastened,False
4847,TRK001,OP1006,2026-09-28 10:30:00,2293.15,91.47,23,1,Fastened,False
4848,TRK001,OP1006,2026-09-28 10:45:00,2293.3,93.37,23,28,Fastened,False
4849,TRK001,OP1006,2026-09-28 11:00:00,2293.55,100.46,26,0,Fastened,False
4850,TRK001,OP1006,2026-09-28 11:15:00,2293.8,109.04,29,2,Fastened,False
4851,TRK001,OP1006,2026-09-28 11:30:00,2294.05,114.41,30,5,Fastened,False
4852,TRK001,OP1006,2026-09-28 11:45:00,2294.3,121.59,33,1,Fastened,False
4853,TRK001,OP1006,2026-09-28 12:00:00,2294.55,127.33,36,7,Unfastened,False
4854,TRK001,OP1006,2026-09-28 12:15:00,2294.8,133.27,39,1,Fastened,False
4855,TRK001,OP1006,2026-09-28 12:30:00,2294.95,135.46,39,38,Fastened,False
4856,TRK001,OP1006,2026-09-28 12:45:00,2295.2,142.62,40,8,Fastened,False
4857,TRK001,OP1006,2026-09-28 13:00:00,2295.45,152.11,43,2,Fastened,False
4858,TRK001,OP1006,2026-09-28 13:15:00,2295.7,156.83,46,5,Fastened,False
4859,TRK001,OP1006,2026-09-28 13:30:00,2295.95,162.08,47,7,Fastened,False
4860,TRK001,OP1006,2026-09-28 13:45:00,2296.2,168.33,49,8,Fastened,False
4861,TRK001,OP1006,2026-09-28 14:00:00,2296.45,177.17,51,1,Fastened,False
4862,TRK001,OP1006,2026-09-28 14:15:00,2296.7,183.05,54,6,Fastened,False
4863,TRK001,OP1006,2026-09-28 14:30:00,2296.95,190.4,55,4,Fastened,False
4864,TRK001,OP1006,2026-09-28 14:45:00,2297.1,191.76,55,26,Fastened,False
4865,EXC001,OP1010,2026-09-29 07:00:00,1664.25,6.79,3,7,Fastened,False
4866,EXC001,OP1010,2026-09-29 07:15:00,1664.5,14.55,5,7,Fastened,False
4867,EXC001,OP1010,2026-09-29 07:30:00,1664.75,23.54,6,4,Fastened,False
4868,EXC001,OP1010,2026-09-29 07:45:00,1665.0,28.52,9,0,Fastened,False
4869,EXC001,OP1010,2026-09-29 08:00:00,1665.25,37.5,11,15,Fastened,False
4870,EXC001,OP1010,2026-09-29 08:15:00,1665.5,46.6,13,1,Fastened,False
4871,EXC001,OP1010,2026-09-29 08:30:00,1665.75,52.65,15,2,Fastened,False
4872,EXC001,OP1010,2026-09-29 08:45:00,1666.0,61.28,17,5,Fastened,False
4873,EXC001,OP1010,2026-09-29 09:00:00,1666.25,67.72,19,1,Fastened,False
4874,EXC001,OP1010,2026-09-29 09:15:00,1666.5,73.31,22,7,Fastened,False
4875,EXC001,OP1010,2026-09-29 09:30:00,1666.65,75.04,22,47,Fastened,False
4876,EXC001,OP1010,2026-09-29 09:45:00,1666.9,82.91,24,8,Fastened,False
4877,EXC001,OP1010,2026-09-29 10:00:00,1667.05,84.5,24,33,Fastened,False
4878,EXC001,OP1010,2026-09-29 10:15:00,1667.3,93.33,27,6,Fastened,False
4879,EXC001,OP1010,2026-09-29 10:30:00,1667.55,99.54,30,4,Fastened,False
4880,EXC001,OP1010,2026-09-29 10:45:00,1667.8,107.57,32,4,Fastened,False
4881,EXC001,OP1010,2026-09-29 11:00:00,1668.05,113.92,34,5,Fastened,False
4882,EXC001,OP1010,2026-09-29 11:15:00,1668.3,122.85,37,4,Fastened,False
4883,EXC001,OP1010,2026-09-29 11:30:00,1668.55,128.71,39,1,Fastened,False
4884,EXC001,OP1010,2026-09-29 11:45:00,1668.8,135.76,41,9,Fastened,False
4885,EXC001,OP1010,2026-09-29 12:00:00,1669.05,142.91,42,5,Unfastened,False
4886,EXC001,OP1010,2026-09-29 12:15:00,1669.3,151.17,43,2,Fastened,False
4887,EXC001,OP1010,2026-09-29 12:30:00,1669.55,158.8,45,3,Unfastened,True
4888,EXC001,OP1010,2026-09-29 12:45:00,1669.8,165.54,47,0,Fastened,False
4889,EXC001,OP1010,2026-09-29 13:00:00,1670.05,174.76,49,4,Fastened,False
4890,EXC001,OP1010,2026-09-29 13:15:00,1670.3,182.26,50,1,Fastened,False
4891,EXC001,OP1010,2026-09-29 13:30:00,1670.55,188.01,51,6,Fastened,False
4892,EXC001,OP1010,2026-09-29 13:45:00,1670.8,194.48,53,9,Fastened,False
4893,EXC001,OP1010,2026-09-29 14:00:00,1671.05,203.24,56,9,Fastened,False
4894,EXC001,OP1010,2026-09-29 14:15:00,1671.3,208.36,59,1,Fastened,False
4895,EXC001,OP1010,2026-09-29 14:30:00,1671.55,216.87,62,4,Fastened,False
4896,EXC001,OP1010,2026-09-29 14:45:00,1671.8,221.4,65,8,Fastened,False
4897,EXC002,OP1001,2026-09-29 07:00:00,2982.05,5.38,2,9,Fastened,False
4898,EXC002,OP1001,2026-09-29 07:15:00,2982.3,14.31,5,2,Fastened,False
4899,EXC002,OP1001,2026-09-29 07:30:00,2982.55,22.46,8,13,Fastened,False
4900,EXC002,OP1001,2026-09-29 07:45:00,2982.8,28.17,9,3,Fastened,False
4901,EXC002,OP1001,2026-09-29 08:00:00,2983.05,34.23,12,9,Unfastened,False
4902,EXC002,OP1001,2026-09-29 08:15:00,2983.3,39.25,15,9,Fastened,False
4903,EXC002,OP1001,2026-09-29 08:30:00,2983.55,45.88,18,4,Fastened,False
4904,EXC002,OP1001,2026-09-29 08:45:00,2983.8,51.84,21,6,Fastened,False
4905,EXC002,OP1001,2026-09-29 09:00:00,2984.05,60.35,23,2,Fastened,False
4906,EXC002,OP1001,2026-09-29 09:15:00,2984.3,69.31,26,4,Unfastened,True
4907,EXC002,OP1001,2026-09-29 09:30:00,2984.55,75.91,28,5,Fastened,False
4908,EXC002,OP1001,2026-09-29 09:45:00,2984.8,84.21,29,5,Fastened,False
4909,EXC002,OP1001,2026-09-29 10:00:00,2985.05,90.47,31,4,Fastened,False
4910,EXC002,OP1001,2026-09-29 10:15:00,2985.3,99.8,32,4,Fastened,False
4911,EXC002,OP1001,2026-09-29 10:30:00,2985.55,108.46,35,1,Fastened,False
4912,EXC002,OP1001,2026-09-29 10:45:00,2985.8,117.87,36,6,Fastened,False
4913,EXC002,OP1001,2026-09-29 11:00:00,2986.05,124.7,39,2,Fastened,False
4914,EXC002,OP1001,2026-09-29 11:15:00,2986.3,132.06,41,3,Fastened,False
4915,EXC002,OP1001,2026-09-29 11:30:00,2986.55,138.5,44,3,Fastened,False
4916,EXC002,OP1001,2026-09-29 11:45:00,2986.8,145.93,46,3,Fastened,False
4917,EXC002,OP1001,2026-09-29 12:00:00,2987.05,152.28,48,3,Unfastened,False
4918,EXC002,OP1001,2026-09-29 12:15:00,2987.3,161.4,50,2,Fastened,False
4919,EXC002,OP1001,2026-09-29 12:30:00,2987.55,168.88,51,0,Fastened,False
4920,EXC002,OP1001,2026-09-29 12:45:00,2987.8,177.31,54,10,Unfastened,True
4921,EXC002,OP1001,2026-09-29 13:00:00,2988.05,186.63,57,1,Fastened,False
4922,EXC002,OP1001,2026-09-29 13:15:00,2988.3,192.36,58,5,Fastened,False
4923,EXC002,OP1001,2026-09-29 13:30:00,2988.55,198.64,61,2,Fastened,False
4924,EXC002,OP1001,2026-09-29 13:45:00,2988.8,206.64,64,8,Fastened,False
4925,EXC002,OP1001,2026-09-29 14:00:00,2989.05,212.16,65,5,Fastened,False
4926,EXC002,OP1001,2026-09-29 14:15:00,2989.3,220.57,68,8,Fastened,False
4927,EXC002,OP1001,2026-09-29 14:30:00,2989.55,225.24,70,11,Fastened,False
4928,EXC002,OP1001,2026-09-29 14:45:00,2989.8,231.91,71,3,Fastened,False
4929,EXC003,OP1002,2026-09-29 07:00:00,566.25,8.63,1,1,Fastened,False
4930,EXC003,OP1002,2026-09-29 07:15:00,566.5,13.26,3,6,Fastened,False
4931,EXC003,OP1002,2026-09-29 07:30:00,566.75,18.85,6,1,Fastened,False
4932,EXC003,OP1002,2026-09-29 07:45:00,567.0,27.73,7,8,Fastened,False
4933,EXC003,OP1002,2026-09-29 08:00:00,567.25,36.13,8,9,Fastened,False
4934,EXC003,OP1002,2026-09-29 08:15:00,567.4,37.73,8,39,Fastened,False
4935,EXC003,OP1002,2026-09-29 08:30:00,567.65,43.23,11,3,Fastened,False
4936,EXC003,OP1002,2026-09-29 08:45:00,567.9,48.97,12,5,Fastened,False
4937,EXC003,OP1002,2026-09-29 09:00:00,568.15,56.33,13,4,Fastened,False
4938,EXC003,OP1002,2026-09-29 09:15:00,568.4,61.18,14,4,Fastened,False
4939,EXC003,OP1002,2026-09-29 09:30:00,568.65,68.95,16,6,Fastened,False
4940,EXC003,OP1002,2026-09-29 09:45:00,568.9,78.21,18,7,Fastened,False
4941,EXC003,OP1002,2026-09-29 10:00:00,569.05,80.14,18,47,Fastened,False
4942,EXC003,OP1002,2026-09-29 10:15:00,569.3,86.54,19,9,Fastened,False
4943,EXC003,OP1002,2026-09-29 10:30:00,569.55,93.88,22,9,Unfastened,True
4944,EXC003,OP1002,2026-09-29 10:45:00,569.8,100.07,24,5,Fastened,False
4945,EXC003,OP1002,2026-09-29 11:00:00,570.05,108.47,26,7,Fastened,False
4946,EXC003,OP1002,2026-09-29 11:15:00,570.3,115.04,28,8,Fastened,False
4947,EXC003,OP1002,2026-09-29 11:30:00,570.55,122.93,31,9,Fastened,False
4948,EXC003,OP1002,2026-09-29 11:45:00,570.8,130.88,33,5,Fastened,False
4949,EXC003,OP1002,2026-09-29 12:00:00,571.05,139.6,36,1,Fastened,False
4950,EXC003,OP1002,2026-09-29 12:15:00,571.3,144.27,39,6,Fastened,False
4951,EXC003,OP1002,2026-09-29 12:30:00,571.55,151.99,40,2,Fastened,False
4952,EXC003,OP1002,2026-09-29 12:45:00,571.8,158.55,41,5,Fastened,False
4953,EXC003,OP1002,2026-09-29 13:00:00,572.05,163.34,42,6,Fastened,False
4954,EXC003,OP1002,2026-09-29 13:15:00,572.3,169.78,43,0,Fastened,False
4955,EXC003,OP1002,2026-09-29 13:30:00,572.45,171.51,43,39,Fastened,False
4956,EXC003,OP1002,2026-09-29 13:45:00,572.7,178.96,46,2,Fastened,False
4957,EXC003,OP1002,2026-09-29 14:00:00,572.95,188.14,49,1,Fastened,False
4958,EXC003,OP1002,2026-09-29 14:15:00,573.2,195.6,50,16,Fastened,False
4959,EXC003,OP1002,2026-09-29 14:30:00,573.45,200.93,53,0,Fastened,False
4960,EXC003,OP1002,2026-09-29 14:45:00,573.7,205.74,54,5,Fastened,False
4961,LDR001,OP1003,2026-09-29 07:00:00,1119.95,6.29,3,2,Fastened,False
4962,LDR001,OP1003,2026-09-29 07:15:00,1120.2,11.55,4,1,Fastened,False
4963,LDR001,OP1003,2026-09-29 07:30:00,1120.45,16.13,6,8,Fastened,False
4964,LDR001,OP1003,2026-09-29 07:45:00,1120.7,22.66,8,5,Fastened,False
4965,LDR001,OP1003,2026-09-29 08:00:00,1120.95,29.97,9,3,Fastened,False
4966,LDR001,OP1003,2026-09-29 08:15:00,1121.2,38.17,12,0,Fastened,False
4967,LDR001,OP1003,2026-09-29 08:30:00,1121.45,45.07,15,9,Fastened,False
4968,LDR001,OP1003,2026-09-29 08:45:00,1121.7,51.69,18,8,Fastened,False
4969,LDR001,OP1003,2026-09-29 09:00:00,1121.95,60.69,20,0,Fastened,False
4970,LDR001,OP1003,2026-09-29 09:15:00,1122.2,69.87,22,6,Fastened,False
4971,LDR001,OP1003,2026-09-29 09:30:00,1122.45,76.11,23,9,Fastened,False
4972,LDR001,OP1003,2026-09-29 09:45:00,1122.7,85.28,26,4,Fastened,False
4973,LDR001,OP1003,2026-09-29 10:00:00,1122.95,91.7,28,6,Fastened,False
4974,LDR001,OP1003,2026-09-29 10:15:00,1123.2,100.23,30,7,Fastened,False
4975,LDR001,OP1003,2026-09-29 10:30:00,1123.45,108.33,32,7,Fastened,False
4976,LDR001,OP1003,2026-09-29 10:45:00,1123.6,110.41,32,42,Fastened,False
4977,LDR001,OP1003,2026-09-29 11:00:00,1123.75,112.35,32,33,Fastened,False
4978,LDR001,OP1003,2026-09-29 11:15:00,1124.0,119.53,35,4,Unfastened,False
4979,LDR001,OP1003,2026-09-29 11:30:00,1124.15,121.72,35,33,Fastened,False
4980,LDR001,OP1003,2026-09-29 11:45:00,1124.4,130.08,38,7,Fastened,False
4981,LDR001,OP1003,2026-09-29 12:00:00,1124.65,136.97,41,8,Fastened,False
4982,LDR001,OP1003,2026-09-29 12:15:00,1124.8,139.43,41,28,Fastened,False
4983,LDR001,OP1003,2026-09-29 12:30:00,1125.05,147.08,43,6,Fastened,False
4984,LDR001,OP1003,2026-09-29 12:45:00,1125.3,155.92,46,4,Fastened,False
4985,LDR001,OP1003,2026-09-29 13:00:00,1125.55,161.81,49,7,Fastened,False
4986,LDR001,OP1003,2026-09-29 13:15:00,1125.8,170.36,52,7,Fastened,False
4987,LDR001,OP1003,2026-09-29 13:30:00,1126.05,175.45,53,0,Unfastened,False
4988,LDR001,OP1003,2026-09-29 13:45:00,1126.3,183.72,55,0,Fastened,False
4989,LDR001,OP1003,2026-09-29 14:00:00,1126.55,191.55,57,8,Fastened,False
4990,LDR001,OP1003,2026-09-29 14:15:00,1126.8,199.72,58,7,Fastened,False
4991,LDR001,OP1003,2026-09-29 14:30:00,1127.05,205.7,59,0,Fastened,False
4992,LDR001,OP1003,2026-09-29 14:45:00,1127.3,213.2,60,9,Fastened,False
4993,LDR002,OP1004,2026-09-29 07:00:00,1966.85,6.69,2,7,Fastened,False
4994,LDR002,OP1004,2026-09-29 07:15:00,1967.1,11.8,5,8,Fastened,False
4995,LDR002,OP1004,2026-09-29 07:30:00,1967.35,19.64,7,3,Fastened,False
4996,LDR002,OP1004,2026-09-29 07:45:00,1967.6,25.6,8,8,Fastened,False
4997,LDR002,OP1004,2026-09-29 08:00:00,1967.85,32.3,11,6,Fastened,False
4998,LDR002,OP1004,2026-09-29 08:15:00,1968.1,40.7,14,4,Fastened,False
4999,LDR002,OP1004,2026-09-29 08:30:00,1968.35,48.67,16,4,Fastened,False
5000,LDR002,OP1004,2026-09-29 08:45:00,1968.6,55.02,17,4,Fastened,False
5001,LDR002,OP1004,2026-09-29 09:00:00,1968.85,60.7,18,4,Fastened,False
5002,LDR002,OP1004,2026-09-29 09:15:00,1969.1,69.71,19,7,Fastened,False
5003,LDR002,OP1004,2026-09-29 09:30:00,1969.35,75.19,21,8,Fastened,False
5004,LDR002,OP1004,2026-09-29 09:45:00,1969.6,83.35,24,7,Fastened,False
5005,LDR002,OP1004,2026-09-29 10:00:00,1969.85,88.7,26,9,Fastened,False
5006,LDR002,OP1004,2026-09-29 10:15:00,1970.1,94.89,28,5,Fastened,False
5007,LDR002,OP1004,2026-09-29 10:30:00,1970.35,101.04,30,7,Fastened,False
5008,LDR002,OP1004,2026-09-29 10:45:00,1970.6,106.09,33,8,Unfastened,True
5009,LDR002,OP1004,2026-09-29 11:00:00,1970.85,114.11,36,9,Fastened,False
5010,LDR002,OP1004,2026-09-29 11:15:00,1971.1,120.1,37,9,Fastened,False
5011,LDR002,OP1004,2026-09-29 11:30:00,1971.35,128.46,40,2,Fastened,False
5012,LDR002,OP1004,2026-09-29 11:45:00,1971.6,133.93,41,1,Fastened,False
5013,LDR002,OP1004,2026-09-29 12:00:00,1971.85,138.76,42,2,Fastened,False
5014,LDR002,OP1004,2026-09-29 12:15:00,1972.1,145.96,45,1,Fastened,False
5015,LDR002,OP1004,2026-09-29 12:30:00,1972.35,152.68,46,2,Fastened,False
5016,LDR002,OP1004,2026-09-29 12:45:00,1972.6,158.86,47,8,Fastened,False
5017,LDR002,OP1004,2026-09-29 13:00:00,1972.85,166.25,50,0,Fastened,False
5018,LDR002,OP1004,2026-09-29 13:15:00,1973.1,172.73,53,1,Fastened,False
5019,LDR002,OP1004,2026-09-29 13:30:00,1973.35,178.85,56,2,Fastened,False
5020,LDR002,OP1004,2026-09-29 13:45:00,1973.6,185.48,58,4,Fastened,False
5021,LDR002,OP1004,2026-09-29 14:00:00,1973.85,192.22,60,4,Fastened,False
5022,LDR002,OP1004,2026-09-29 14:15:00,1974.0,193.46,60,31,Fastened,False
5023,LDR002,OP1004,2026-09-29 14:30:00,1974.25,198.27,61,0,Fastened,False
5024,LDR002,OP1004,2026-09-29 14:45:00,1974.5,207.39,64,8,Fastened,False
5025,DOZ001,OP1005,2026-09-29 07:00:00,3556.25,8.64,1,5,Fastened,False
5026,DOZ001,OP1005,2026-09-29 07:15:00,3556.5,17.81,4,6,Fastened,False
5027,DOZ001,OP1005,2026-09-29 07:30:00,3556.75,22.75,5,14,Fastened,False
5028,DOZ001,OP1005,2026-09-29 07:45:00,3557.0,29.64,6,0,Fastened,False
5029,DOZ001,OP1005,2026-09-29 08:00:00,3557.25,38.97,9,3,Fastened,False
5030,DOZ001,OP1005,2026-09-29 08:15:00,3557.5,44.92,11,2,Fastened,False
5031,DOZ001,OP1005,2026-09-29 08:30:00,3557.75,53.91,12,3,Unfastened,True
5032,DOZ001,OP1005,2026-09-29 08:45:00,3558.0,60.89,14,7,Fastened,False
5033,DOZ001,OP1005,2026-09-29 09:00:00,3558.25,66.61,16,4,Fastened,False
5034,DOZ001,OP1005,2026-09-29 09:15:00,3558.5,73.14,18,4,Fastened,False
5035,DOZ001,OP1005,2026-09-29 09:30:00,3558.75,79.55,20,3,Fastened,False
5036,DOZ001,OP1005,2026-09-29 09:45:00,3559.0,87.48,23,4,Fastened,False
5037,DOZ001,OP1005,2026-09-29 10:00:00,3559.25,96.69,25,5,Fastened,False
5038,DOZ001,OP1005,2026-09-29 10:15:00,3559.5,103.7,26,0,Fastened,False
5039,DOZ001,OP1005,2026-09-29 10:30:00,3559.75,109.27,29,0,Fastened,False
5040,DOZ001,OP1005,2026-09-29 10:45:00,3560.0,117.12,32,13,Fastened,False
5041,DOZ001,OP1005,2026-09-29 11:00:00,3560.25,122.36,33,1,Fastened,False
5042,DOZ001,OP1005,2026-09-29 11:15:00,3560.4,124.34,33,31,Unfastened,True
5043,DOZ001,OP1005,2026-09-29 11:30:00,3560.65,132.38,35,2,Fastened,False
5044,DOZ001,OP1005,2026-09-29 11:45:00,3560.9,138.36,37,7,Fastened,False
5045,DOZ001,OP1005,2026-09-29 12:00:00,3561.15,145.37,38,6,Fastened,False
5046,DOZ001,OP1005,2026-09-29 12:15:00,3561.4,153.15,39,0,Fastened,False
5047,DOZ001,OP1005,2026-09-29 12:30:00,3561.65,160.53,41,6,Fastened,False
5048,DOZ001,OP1005,2026-09-29 12:45:00,3561.9,167.74,42,4,Fastened,False
5049,DOZ001,OP1005,2026-09-29 13:00:00,3562.15,174.4,45,9,Unfastened,False
5050,DOZ001,OP1005,2026-09-29 13:15:00,3562.4,183.3,48,1,Unfastened,False
5051,DOZ001,OP1005,2026-09-29 13:30:00,3562.65,190.92,51,4,Fastened,False
5052,DOZ001,OP1005,2026-09-29 13:45:00,3562.9,199.33,52,2,Fastened,False
5053,DOZ001,OP1005,2026-09-29 14:00:00,3563.15,208.28,55,6,Fastened,False
5054,DOZ001,OP1005,2026-09-29 14:15:00,3563.4,215.53,56,6,Fastened,False
5055,DOZ001,OP1005,2026-09-29 14:30:00,3563.65,222.32,57,4,Fastened,False
5056,DOZ001,OP1005,2026-09-29 14:45:00,3563.9,228.3,59,1,Fastened,False
5057,DOZ002,OP1006,2026-09-29 07:00:00,4266.35,6.05,3,5,Fastened,False
5058,DOZ002,OP1006,2026-09-29 07:15:00,4266.6,12.72,5,6,Fastened,False
5059,DOZ002,OP1006,2026-09-29 07:30:00,4266.85,19.58,6,2,Fastened,False
5060,DOZ002,OP1006,2026-09-29 07:45:00,4267.1,27.97,9,5,Fastened,False
5061,DOZ002,OP1006,2026-09-29 08:00:00,4267.25,29.36,9,46,Fastened,False
5062,DOZ002,OP1006,2026-09-29 08:15:00,4267.5,34.06,10,5,Fastened,False
5063,DOZ002,OP1006,2026-09-29 08:30:00,4267.75,40.5,12,8,Unfastened,False
5064,DOZ002,OP1006,2026-09-29 08:45:00,4268.0,49.01,15,3,Fastened,False
5065,DOZ002,OP1006,2026-09-29 09:00:00,4268.25,57.46,16,6,Unfastened,True
5066,DOZ002,OP1006,2026-09-29 09:15:00,4268.5,62.26,19,1,Fastened,False
5067,DOZ002,OP1006,2026-09-29 09:30:00,4268.75,70.69,22,7,Fastened,False
5068,DOZ002,OP1006,2026-09-29 09:45:00,4269.0,79.1,23,4,Fastened,False
5069,DOZ002,OP1006,2026-09-29 10:00:00,4269.25,84.93,26,7,Fastened,False
5070,DOZ002,OP1006,2026-09-29 10:15:00,4269.5,92.79,29,1,Fastened,False
5071,DOZ002,OP1006,2026-09-29 10:30:00,4269.75,101.69,32,5,Fastened,False
5072,DOZ002,OP1006,2026-09-29 10:45:00,4270.0,110.57,33,3,Fastened,False
5073,DOZ002,OP1006,2026-09-29 11:00:00,4270.25,118.36,34,3,Fastened,False
5074,DOZ002,OP1006,2026-09-29 11:15:00,4270.5,126.09,36,1,Fastened,False
5075,DOZ002,OP1006,2026-09-29 11:30:00,4270.75,135.37,39,1,Unfastened,True
5076,DOZ002,OP1006,2026-09-29 11:45:00,4271.0,140.09,42,4,Fastened,False
5077,DOZ002,OP1006,2026-09-29 12:00:00,4271.25,147.88,43,9,Fastened,False
5078,DOZ002,OP1006,2026-09-29 12:15:00,4271.5,154.38,44,9,Fastened,False
5079,DOZ002,OP1006,2026-09-29 12:30:00,4271.75,161.05,45,3,Fastened,False
5080,DOZ002,OP1006,2026-09-29 12:45:00,4272.0,168.63,47,10,Fastened,False
5081,DOZ002,OP1006,2026-09-29 13:00:00,4272.25,174.39,49,6,Unfastened,True
5082,DOZ002,OP1006,2026-09-29 13:15:00,4272.5,180.98,52,1,Fastened,False
5083,DOZ002,OP1006,2026-09-29 13:30:00,4272.75,188.18,55,2,Fastened,False
5084,DOZ002,OP1006,2026-09-29 13:45:00,4273.0,195.7,56,2,Fastened,False
5085,DOZ002,OP1006,2026-09-29 14:00:00,4273.25,203.29,57,1,Fastened,False
5086,DOZ002,OP1006,2026-09-29 14:15:00,4273.5,210.92,59,8,Fastened,False
5087,DOZ002,OP1006,2026-09-29 14:30:00,4273.75,216.34,60,5,Fastened,False
5088,DOZ002,OP1006,2026-09-29 14:45:00,4274.0,225.45,63,7,Fastened,False
5089,TRK001,OP1007,2026-09-29 07:00:00,2297.25,1.36,0,33,Fastened,False
5090,TRK001,OP1007,2026-09-29 07:15:00,2297.5,9.32,3,2,Fastened,False
5091,TRK001,OP1007,2026-09-29 07:30:00,2297.75,17.53,4,9,Fastened,False
5092,TRK001,OP1007,2026-09-29 07:45:00,2298.0,25.67,5,4,Fastened,False
5093,TRK001,OP1007,2026-09-29 08:00:00,2298.25,32.95,7,6,Fastened,False
5094,TRK001,OP1007,2026-09-29 08:15:00,2298.5,40.61,8,7,Fastened,False
5095,TRK001,OP1007,2026-09-29 08:30:00,2298.75,45.23,9,2,Fastened,False
5096,TRK001,OP1007,2026-09-29 08:45:00,2299.0,50.19,11,6,Fastened,False
5097,TRK001,OP1007,2026-09-29 09:00:00,2299.25,56.65,14,20,Fastened,False
5098,TRK001,OP1007,2026-09-29 09:15:00,2299.5,65.01,15,0,Fastened,False
5099,TRK001,OP1007,2026-09-29 09:30:00,2299.75,72.78,18,4,Fastened,False
5100,TRK001,OP1007,2026-09-29 09:45:00,2300.0,81.52,20,4,Unfastened,True
5101,TRK001,OP1007,2026-09-29 10:00:00,2300.25,90.13,22,8,Fastened,False
5102,TRK001,OP1007,2026-09-29 10:15:00,2300.5,99.11,24,0,Fastened,False
5103,TRK001,OP1007,2026-09-29 10:30:00,2300.75,104.16,25,3,Fastened,False
5104,TRK001,OP1007,2026-09-29 10:45:00,2301.0,112.81,27,6,Fastened,False
5105,TRK001,OP1007,2026-09-29 11:00:00,2301.15,114.63,27,30,Unfastened,False
5106,TRK001,OP1007,2026-09-29 11:15:00,2301.4,119.89,28,1,Fastened,False
5107,TRK001,OP1007,2026-09-29 11:30:00,2301.65,124.78,31,9,Fastened,False
5108,TRK001,OP1007,2026-09-29 11:45:00,2301.9,131.84,34,6,Fastened,False
5109,TRK001,OP1007,2026-09-29 12:00:00,2302.15,136.67,37,7,Fastened,False
5110,TRK001,OP1007,2026-09-29 12:15:00,2302.3,138.1,37,36,Fastened,False
5111,TRK001,OP1007,2026-09-29 12:30:00,2302.55,147.23,40,7,Fastened,False
5112,TRK001,OP1007,2026-09-29 12:45:00,2302.8,153.21,42,2,Fastened,False
5113,TRK001,OP1007,2026-09-29 13:00:00,2303.05,162.22,45,5,Fastened,False
5114,TRK001,OP1007,2026-09-29 13:15:00,2303.2,164.58,45,41,Fastened,False
5115,TRK001,OP1007,2026-09-29 13:30:00,2303.35,166.17,45,29,Unfastened,True
5116,TRK001,OP1007,2026-09-29 13:45:00,2303.6,172.44,47,7,Fastened,False
5117,TRK001,OP1007,2026-09-29 14:00:00,2303.85,179.27,49,6,Fastened,False
5118,TRK001,OP1007,2026-09-29 14:15:00,2304.1,187.37,51,2,Fastened,False
5119,TRK001,OP1007,2026-09-29 14:30:00,2304.25,189.64,51,45,Fastened,False
5120,TRK001,OP1007,2026-09-29 14:45:00,2304.4,191.91,51,29,Fastened,False
5121,EXC001,OP1001,2026-09-30 07:00:00,1672.05,8.63,2,0,Fastened,False
5122,EXC001,OP1001,2026-09-30 07:15:00,1672.2,10.61,2,23,Fastened,False
5123,EXC001,OP1001,2026-09-30 07:30:00,1672.45,15.93,3,6,Fastened,False
5124,EXC001,OP1001,2026-09-30 07:45:00,1672.7,23.76,4,11,Fastened,False
5125,EXC001,OP1001,2026-09-30 08:00:00,1672.95,30.57,6,6,Fastened,False
5126,EXC001,OP1001,2026-09-30 08:15:00,1673.2,35.25,7,1,Fastened,False
5127,EXC001,OP1001,2026-09-30 08:30:00,1673.45,40.89,8,1,Fastened,False
5128,EXC001,OP1001,2026-09-30 08:45:00,1673.7,47.54,9,3,Fastened,False
5129,EXC001,OP1001,2026-09-30 09:00:00,1673.95,55.93,12,3,Fastened,False
5130,EXC001,OP1001,2026-09-30 09:15:00,1674.2,64.89,15,3,Fastened,False
5131,EXC001,OP1001,2026-09-30 09:30:00,1674.45,73.32,16,9,Fastened,False
5132,EXC001,OP1001,2026-09-30 09:45:00,1674.7,80.61,19,5,Fastened,False
5133,EXC001,OP1001,2026-09-30 10:00:00,1674.95,87.65,20,2,Unfastened,True
5134,EXC001,OP1001,2026-09-30 10:15:00,1675.2,94.14,22,0,Unfastened,True
5135,EXC001,OP1001,2026-09-30 10:30:00,1675.35,96.32,22,31,Fastened,False
5136,EXC001,OP1001,2026-09-30 10:45:00,1675.6,101.65,24,8,Fastened,False
5137,EXC001,OP1001,2026-09-30 11:00:00,1675.85,106.93,25,1,Fastened,False
5138,EXC001,OP1001,2026-09-30 11:15:00,1676.1,111.96,26,7,Fastened,False
5139,EXC001,OP1001,2026-09-30 11:30:00,1676.35,117.51,29,6,Fastened,False
5140,EXC001,OP1001,2026-09-30 11:45:00,1676.6,122.17,32,1,Fastened,False
5141,EXC001,OP1001,2026-09-30 12:00:00,1676.85,130.69,34,2,Fastened,False
5142,EXC001,OP1001,2026-09-30 12:15:00,1677.1,139.86,37,3,Fastened,False
5143,EXC001,OP1001,2026-09-30 12:30:00,1677.35,144.64,40,1,Fastened,False
5144,EXC001,OP1001,2026-09-30 12:45:00,1677.6,152.83,41,1,Fastened,False
5145,EXC001,OP1001,2026-09-30 13:00:00,1677.75,155.17,41,47,Unfastened,True
5146,EXC001,OP1001,2026-09-30 13:15:00,1677.9,157.22,41,46,Fastened,False
5147,EXC001,OP1001,2026-09-30 13:30:00,1678.05,159.45,41,43,Fastened,False
5148,EXC001,OP1001,2026-09-30 13:45:00,1678.2,160.67,41,47,Unfastened,True
5149,EXC001,OP1001,2026-09-30 14:00:00,1678.35,162.99,41,52,Fastened,False
5150,EXC001,OP1001,2026-09-30 14:15:00,1678.5,164.61,41,49,Fastened,False
5151,EXC001,OP1001,2026-09-30 14:30:00,1678.65,166.94,41,46,Fastened,False
5152,EXC001,OP1001,2026-09-30 14:45:00,1678.8,169.26,41,51,Unfastened,False
5153,EXC002,OP1002,2026-09-30 07:00:00,2990.05,5.16,1,2,Unfastened,True
5154,EXC002,OP1002,2026-09-30 07:15:00,2990.3,10.58,2,4,Fastened,False
5155,EXC002,OP1002,2026-09-30 07:30:00,2990.55,17.0,3,7,Fastened,False
5156,EXC002,OP1002,2026-09-30 07:45:00,2990.8,23.6,5,6,Fastened,False
5157,EXC002,OP1002,2026-09-30 08:00:00,2991.05,28.24,7,7,Fastened,False
5158,EXC002,OP1002,2026-09-30 08:15:00,2991.3,36.09,10,9,Fastened,False
5159,EXC002,OP1002,2026-09-30 08:30:00,2991.55,42.31,12,12,Fastened,False
5160,EXC002,OP1002,2026-09-30 08:45:00,2991.8,49.6,13,7,Fastened,False
5161,EXC002,OP1002,2026-09-30 09:00:00,2992.05,59.01,15,6,Fastened,False
5162,EXC002,OP1002,2026-09-30 09:15:00,2992.3,67.28,16,8,Fastened,False
5163,EXC002,OP1002,2026-09-30 09:30:00,2992.55,73.18,19,3,Unfastened,False
5164,EXC002,OP1002,2026-09-30 09:45:00,2992.8,78.0,20,0,Fastened,False
5165,EXC002,OP1002,2026-09-30 10:00:00,2993.05,83.95,21,0,Fastened,False
5166,EXC002,OP1002,2026-09-30 10:15:00,2993.3,90.22,24,6,Fastened,False
5167,EXC002,OP1002,2026-09-30 10:30:00,2993.55,97.52,26,1,Unfastened,False
5168,EXC002,OP1002,2026-09-30 10:45:00,2993.8,103.13,27,0,Fastened,False
5169,EXC002,OP1002,2026-09-30 11:00:00,2994.05,107.75,28,3,Fastened,False
5170,EXC002,OP1002,2026-09-30 11:15:00,2994.3,112.64,29,9,Unfastened,True
5171,EXC002,OP1002,2026-09-30 11:30:00,2994.55,119.93,31,4,Fastened,False
5172,EXC002,OP1002,2026-09-30 11:45:00,2994.8,128.18,32,6,Fastened,False
5173,EXC002,OP1002,2026-09-30 12:00:00,2994.95,129.96,32,51,Fastened,False
5174,EXC002,OP1002,2026-09-30 12:15:00,2995.1,131.76,32,61,Unfastened,True
5175,EXC002,OP1002,2026-09-30 12:30:00,2995.25,134.11,32,63,Fastened,False
5176,EXC002,OP1002,2026-09-30 12:45:00,2995.4,135.61,32,55,Fastened,False
5177,EXC002,OP1002,2026-09-30 13:00:00,2995.55,137.79,32,63,Fastened,False
5178,EXC002,OP1002,2026-09-30 13:15:00,2995.7,139.82,32,55,Unfastened,True
5179,EXC002,OP1002,2026-09-30 13:30:00,2995.85,142.23,32,65,Fastened,False
5180,EXC002,OP1002,2026-09-30 13:45:00,2996.0,144.42,32,61,Fastened,False
5181,EXC002,OP1002,2026-09-30 14:00:00,2996.15,146.15,32,61,Fastened,False
5182,EXC002,OP1002,2026-09-30 14:15:00,2996.3,147.99,32,63,Fastened,False
5183,EXC002,OP1002,2026-09-30 14:30:00,2996.45,149.93,32,57,Fastened,False
5184,EXC002,OP1002,2026-09-30 14:45:00,2996.6,151.99,32,63,Fastened,False
5185,EXC003,OP1003,2026-09-30 07:00:00,573.95,5.82,1,0,Fastened,False
5186,EXC003,OP1003,2026-09-30 07:15:00,574.2,11.55,3,4,Fastened,False
5187,EXC003,OP1003,2026-09-30 07:30:00,574.45,20.26,6,0,Fastened,False
5188,EXC003,OP1003,2026-09-30 07:45:00,574.7,29.18,9,6,Fastened,False
5189,EXC003,OP1003,2026-09-30 08:00:00,574.85,30.52,9,26,Fastened,False
5190,EXC003,OP1003,2026-09-30 08:15:00,575.1,38.75,10,9,Fastened,False
5191,EXC003,OP1003,2026-09-30 08:30:00,575.35,46.61,13,2,Fastened,False
5192,EXC003,OP1003,2026-09-30 08:45:00,575.6,53.32,15,17,Fastened,False
5193,EXC003,OP1003,2026-09-30 09:00:00,575.85,58.84,16,5,Fastened,False
5194,EXC003,OP1003,2026-09-30 09:15:00,576.1,64.76,19,0,Fastened,False
5195,EXC003,OP1003,2026-09-30 09:30:00,576.25,66.71,19,23,Unfastened,False
5196,EXC003,OP1003,2026-09-30 09:45:00,576.4,68.33,19,36,Fastened,False
5197,EXC003,OP1003,2026-09-30 10:00:00,576.65,77.32,21,5,Fastened,False
5198,EXC003,OP1003,2026-09-30 10:15:00,576.9,84.71,23,2,Fastened,False
5199,EXC003,OP1003,2026-09-30 10:30:00,577.15,93.15,24,5,Fastened,False
5200,EXC003,OP1003,2026-09-30 10:45:00,577.4,99.03,27,12,Fastened,False
5201,EXC003,OP1003,2026-09-30 11:00:00,577.65,106.48,29,8,Unfastened,True
5202,EXC003,OP1003,2026-09-30 11:15:00,577.9,115.93,31,5,Fastened,False
5203,EXC003,OP1003,2026-09-30 11:30:00,578.15,121.13,32,9,Fastened,False
5204,EXC003,OP1003,2026-09-30 11:45:00,578.4,127.14,34,17,Unfastened,False
5205,EXC003,OP1003,2026-09-30 12:00:00,578.65,134.99,35,0,Fastened,False
5206,EXC003,OP1003,2026-09-30 12:15:00,578.9,141.46,37,3,Fastened,False
5207,EXC003,OP1003,2026-09-30 12:30:00,579.15,149.58,39,7,Fastened,False
5208,EXC003,OP1003,2026-09-30 12:45:00,579.4,157.43,42,16,Fastened,False
5209,EXC003,OP1003,2026-09-30 13:00:00,579.65,164.39,45,8,Fastened,False
5210,EXC003,OP1003,2026-09-30 13:15:00,579.9,172.91,47,3,Fastened,False
5211,EXC003,OP1003,2026-09-30 13:30:00,580.15,180.05,49,8,Fastened,False
5212,EXC003,OP1003,2026-09-30 13:45:00,580.4,185.4,51,2,Fastened,False
5213,EXC003,OP1003,2026-09-30 14:00:00,580.65,190.76,52,2,Fastened,False
5214,EXC003,OP1003,2026-09-30 14:15:00,580.9,195.39,54,6,Fastened,False
5215,EXC003,OP1003,2026-09-30 14:30:00,581.15,199.96,55,9,Fastened,False
5216,EXC003,OP1003,2026-09-30 14:45:00,581.4,206.49,58,9,Fastened,False
5217,LDR001,OP1004,2026-09-30 07:00:00,1127.55,9.43,1,9,Fastened,False
5218,LDR001,OP1004,2026-09-30 07:15:00,1127.7,10.74,1,39,Fastened,False
5219,LDR001,OP1004,2026-09-30 07:30:00,1127.95,15.33,4,8,Fastened,False
5220,LDR001,OP1004,2026-09-30 07:45:00,1128.2,22.32,7,6,Fastened,False
5221,LDR001,OP1004,2026-09-30 08:00:00,1128.45,27.36,8,9,Fastened,False
5222,LDR001,OP1004,2026-09-30 08:15:00,1128.7,36.55,11,8,Fastened,False
5223,LDR001,OP1004,2026-09-30 08:30:00,1128.95,45.15,13,1,Fastened,False
5224,LDR001,OP1004,2026-09-30 08:45:00,1129.2,50.32,15,3,Fastened,False
5225,LDR001,OP1004,2026-09-30 09:00:00,1129.45,58.14,17,1,Fastened,False
5226,LDR001,OP1004,2026-09-30 09:15:00,1129.7,63.35,18,3,Fastened,False
5227,LDR001,OP1004,2026-09-30 09:30:00,1129.95,69.3,19,9,Fastened,False
5228,LDR001,OP1004,2026-09-30 09:45:00,1130.2,74.15,22,4,Fastened,False
5229,LDR001,OP1004,2026-09-30 10:00:00,1130.45,81.88,23,3,Fastened,False
5230,LDR001,OP1004,2026-09-30 10:15:00,1130.6,84.12,23,22,Fastened,False
5231,LDR001,OP1004,2026-09-30 10:30:00,1130.85,93.23,24,4,Fastened,False
5232,LDR001,OP1004,2026-09-30 10:45:00,1131.1,100.4,27,9,Fastened,False
5233,LDR001,OP1004,2026-09-30 11:00:00,1131.35,108.57,29,1,Fastened,False
5234,LDR001,OP1004,2026-09-30 11:15:00,1131.6,113.13,31,0,Fastened,False
5235,LDR001,OP1004,2026-09-30 11:30:00,1131.85,118.36,34,3,Fastened,False
5236,LDR001,OP1004,2026-09-30 11:45:00,1132.1,124.77,35,6,Fastened,False
5237,LDR001,OP1004,2026-09-30 12:00:00,1132.25,126.39,35,54,Fastened,False
5238,LDR001,OP1004,2026-09-30 12:15:00,1132.4,128.36,35,59,Fastened,False
5239,LDR001,OP1004,2026-09-30 12:30:00,1132.55,130.55,35,51,Fastened,False
5240,LDR001,OP1004,2026-09-30 12:45:00,1132.7,131.85,35,60,Fastened,False
5241,LDR001,OP1004,2026-09-30 13:00:00,1132.85,133.6,35,55,Fastened,False
5242,LDR001,OP1004,2026-09-30 13:15:00,1133.0,135.65,35,66,Fastened,False
5243,LDR001,OP1004,2026-09-30 13:30:00,1133.15,138.05,35,48,Unfastened,False
5244,LDR001,OP1004,2026-09-30 13:45:00,1133.3,140.49,35,66,Unfastened,False
5245,LDR001,OP1004,2026-09-30 14:00:00,1133.45,142.82,35,49,Fastened,False
5246,LDR001,OP1004,2026-09-30 14:15:00,1133.6,144.74,35,49,Fastened,False
5247,LDR001,OP1004,2026-09-30 14:30:00,1133.75,145.96,35,47,Fastened,False
5248,LDR001,OP1004,2026-09-30 14:45:00,1133.9,148.13,35,66,Fastened,False
5249,LDR002,OP1005,2026-09-30 07:00:00,1974.75,7.33,2,1,Fastened,False
5250,LDR002,OP1005,2026-09-30 07:15:00,1974.9,9.26,2,34,Fastened,False
5251,LDR002,OP1005,2026-09-30 07:30:00,1975.05,11.2,2,45,Unfastened,False
5252,LDR002,OP1005,2026-09-30 07:45:00,1975.3,19.23,4,2,Fastened,False
5253,LDR002,OP1005,2026-09-30 08:00:00,1975.55,28.56,5,5,Fastened,False
5254,LDR002,OP1005,2026-09-30 08:15:00,1975.8,35.7,7,8,Fastened,False
5255,LDR002,OP1005,2026-09-30 08:30:00,1976.05,43.37,8,9,Fastened,False
5256,LDR002,OP1005,2026-09-30 08:45:00,1976.2,45.42,8,36,Fastened,False
5257,LDR002,OP1005,2026-09-30 09:00:00,1976.45,50.01,10,9,Fastened,False
5258,LDR002,OP1005,2026-09-30 09:15:00,1976.7,56.02,12,9,Fastened,False
5259,LDR002,OP1005,2026-09-30 09:30:00,1976.95,63.99,14,7,Fastened,False
5260,LDR002,OP1005,2026-09-30 09:45:00,1977.2,69.97,15,1,Fastened,False
5261,LDR002,OP1005,2026-09-30 10:00:00,1977.45,76.06,18,7,Fastened,False
5262,LDR002,OP1005,2026-09-30 10:15:00,1977.7,84.5,20,18,Fastened,False
5263,LDR002,OP1005,2026-09-30 10:30:00,1977.95,93.32,23,6,Fastened,False
5264,LDR002,OP1005,2026-09-30 10:45:00,1978.2,101.3,26,9,Fastened,False
5265,LDR002,OP1005,2026-09-30 11:00:00,1978.35,103.29,26,41,Fastened,False
5266,LDR002,OP1005,2026-09-30 11:15:00,1978.6,112.68,29,1,Fastened,False
5267,LDR002,OP1005,2026-09-30 11:30:00,1978.85,120.75,32,1,Unfastened,True
5268,LDR002,OP1005,2026-09-30 11:45:00,1979.1,125.81,33,7,Unfastened,True
5269,LDR002,OP1005,2026-09-30 12:00:00,1979.35,133.21,36,14,Fastened,False
5270,LDR002,OP1005,2026-09-30 12:15:00,1979.6,140.29,37,4,Fastened,False
5271,LDR002,OP1005,2026-09-30 12:30:00,1979.85,145.43,39,2,Fastened,False
5272,LDR002,OP1005,2026-09-30 12:45:00,1980.1,154.84,42,6,Fastened,False
5273,LDR002,OP1005,2026-09-30 13:00:00,1980.35,163.8,45,1,Unfastened,True
5274,LDR002,OP1005,2026-09-30 13:15:00,1980.6,170.17,46,8,Fastened,False
5275,LDR002,OP1005,2026-09-30 13:30:00,1980.85,178.29,49,2,Fastened,False
5276,LDR002,OP1005,2026-09-30 13:45:00,1981.0,180.22,49,41,Fastened,False
5277,LDR002,OP1005,2026-09-30 14:00:00,1981.25,186.45,52,4,Fastened,False
5278,LDR002,OP1005,2026-09-30 14:15:00,1981.5,194.79,54,7,Fastened,False
5279,LDR002,OP1005,2026-09-30 14:30:00,1981.75,201.46,57,5,Unfastened,True
5280,LDR002,OP1005,2026-09-30 14:45:00,1981.9,203.2,57,40,Unfastened,False
5281,DOZ001,OP1006,2026-09-30 07:00:00,3564.15,7.5,3,5,Fastened,False
5282,DOZ001,OP1006,2026-09-30 07:15:00,3564.4,14.62,6,9,Fastened,False
5283,DOZ001,OP1006,2026-09-30 07:30:00,3564.65,21.91,8,9,Fastened,False
5284,DOZ001,OP1006,2026-09-30 07:45:00,3564.9,30.26,10,0,Fastened,False
5285,DOZ001,OP1006,2026-09-30 08:00:00,3565.05,32.41,10,47,Fastened,False
5286,DOZ001,OP1006,2026-09-30 08:15:00,3565.3,40.11,13,5,Fastened,False
5287,DOZ001,OP1006,2026-09-30 08:30:00,3565.55,46.52,14,7,Fastened,False
5288,DOZ001,OP1006,2026-09-30 08:45:00,3565.8,53.12,16,0,Fastened,False
5289,DOZ001,OP1006,2026-09-30 09:00:00,3565.95,54.91,16,31,Fastened,False
5290,DOZ001,OP1006,2026-09-30 09:15:00,3566.2,61.0,17,8,Fastened,False
5291,DOZ001,OP1006,2026-09-30 09:30:00,3566.35,63.45,17,39,Fastened,False
5292,DOZ001,OP1006,2026-09-30 09:45:00,3566.6,72.04,19,3,Fastened,False
5293,DOZ001,OP1006,2026-09-30 10:00:00,3566.85,79.86,20,8,Fastened,False
5294,DOZ001,OP1006,2026-09-30 10:15:00,3567.1,85.21,23,3,Fastened,False
5295,DOZ001,OP1006,2026-09-30 10:30:00,3567.35,91.26,26,7,Fastened,False
5296,DOZ001,OP1006,2026-09-30 10:45:00,3567.6,97.33,28,5,Fastened,False
5297,DOZ001,OP1006,2026-09-30 11:00:00,3567.85,105.3,30,2,Fastened,False
5298,DOZ001,OP1006,2026-09-30 11:15:00,3568.1,111.35,32,0,Fastened,False
5299,DOZ001,OP1006,2026-09-30 11:30:00,3568.25,113.12,32,34,Fastened,False
5300,DOZ001,OP1006,2026-09-30 11:45:00,3568.5,118.35,33,14,Unfastened,True
5301,DOZ001,OP1006,2026-09-30 12:00:00,3568.75,127.41,35,7,Fastened,False
5302,DOZ001,OP1006,2026-09-30 12:15:00,3569.0,133.12,38,5,Fastened,False
5303,DOZ001,OP1006,2026-09-30 12:30:00,3569.25,139.49,39,9,Fastened,False
5304,DOZ001,OP1006,2026-09-30 12:45:00,3569.4,140.7,39,42,Fastened,False
5305,DOZ001,OP1006,2026-09-30 13:00:00,3569.65,148.9,40,0,Unfastened,True
5306,DOZ001,OP1006,2026-09-30 13:15:00,3569.9,153.69,42,1,Fastened,False
5307,DOZ001,OP1006,2026-09-30 13:30:00,3570.15,162.86,45,1,Fastened,False
5308,DOZ001,OP1006,2026-09-30 13:45:00,3570.4,169.23,48,9,Fastened,False
5309,DOZ001,OP1006,2026-09-30 14:00:00,3570.65,173.99,49,9,Fastened,False
5310,DOZ001,OP1006,2026-09-30 14:15:00,3570.9,182.62,50,6,Fastened,False
5311,DOZ001,OP1006,2026-09-30 14:30:00,3571.15,187.41,53,7,Fastened,False
5312,DOZ001,OP1006,2026-09-30 14:45:00,3571.4,194.0,56,6,Fastened,False
5313,DOZ002,OP1007,2026-09-30 07:00:00,4274.25,5.73,1,1,Unfastened,False
5314,DOZ002,OP1007,2026-09-30 07:15:00,4274.5,10.35,4,6,Fastened,False
5315,DOZ002,OP1007,2026-09-30 07:30:00,4274.75,16.33,6,6,Fastened,False
5316,DOZ002,OP1007,2026-09-30 07:45:00,4275.0,23.92,8,18,Fastened,False
5317,DOZ002,OP1007,2026-09-30 08:00:00,4275.25,32.02,9,1,Fastened,False
5318,DOZ002,OP1007,2026-09-30 08:15:00,4275.5,39.26,11,2,Fastened,False
5319,DOZ002,OP1007,2026-09-30 08:30:00,4275.75,44.48,14,8,Fastened,False
5320,DOZ002,OP1007,2026-09-30 08:45:00,4276.0,53.24,16,3,Fastened,False
5321,DOZ002,OP1007,2026-09-30 09:00:00,4276.25,60.68,18,19,Fastened,False
5322,DOZ002,OP1007,2026-09-30 09:15:00,4276.5,65.52,19,9,Fastened,False
5323,DOZ002,OP1007,2026-09-30 09:30:00,4276.75,71.79,20,12,Fastened,False
5324,DOZ002,OP1007,2026-09-30 09:45:00,4277.0,77.43,22,9,Fastened,False
5325,DOZ002,OP1007,2026-09-30 10:00:00,4277.25,82.08,23,5,Fastened,False
5326,DOZ002,OP1007,2026-09-30 10:15:00,4277.5,86.79,24,2,Unfastened,True
5327,DOZ002,OP1007,2026-09-30 10:30:00,4277.75,93.09,27,1,Fastened,False
5328,DOZ002,OP1007,2026-09-30 10:45:00,4277.9,94.84,27,32,Fastened,False
5329,DOZ002,OP1007,2026-09-30 11:00:00,4278.15,99.4,30,15,Unfastened,False
5330,DOZ002,OP1007,2026-09-30 11:15:00,4278.4,107.11,31,14,Fastened,False
5331,DOZ002,OP1007,2026-09-30 11:30:00,4278.65,115.46,32,5,Fastened,False
5332,DOZ002,OP1007,2026-09-30 11:45:00,4278.9,121.7,33,6,Fastened,False
5333,DOZ002,OP1007,2026-09-30 12:00:00,4279.15,130.34,34,4,Fastened,False
5334,DOZ002,OP1007,2026-09-30 12:15:00,4279.4,139.32,35,1,Fastened,False
5335,DOZ002,OP1007,2026-09-30 12:30:00,4279.65,148.41,36,2,Fastened,False
5336,DOZ002,OP1007,2026-09-30 12:45:00,4279.9,156.69,37,3,Unfastened,True
5337,DOZ002,OP1007,2026-09-30 13:00:00,4280.15,161.68,40,11,Fastened,False
5338,DOZ002,OP1007,2026-09-30 13:15:00,4280.4,169.1,43,7,Fastened,False
5339,DOZ002,OP1007,2026-09-30 13:30:00,4280.55,170.65,43,32,Unfastened,True
5340,DOZ002,OP1007,2026-09-30 13:45:00,4280.8,176.76,45,1,Fastened,False
5341,DOZ002,OP1007,2026-09-30 14:00:00,4281.05,185.31,46,1,Fastened,False
5342,DOZ002,OP1007,2026-09-30 14:15:00,4281.3,193.46,47,2,Fastened,False
5343,DOZ002,OP1007,2026-09-30 14:30:00,4281.55,198.79,48,5,Fastened,False
5344,DOZ002,OP1007,2026-09-30 14:45:00,4281.8,207.67,51,2,Fastened,False
5345,TRK001,OP1008,2026-09-30 07:00:00,2304.65,8.14,1,5,Fastened,False
5346,TRK001,OP1008,2026-09-30 07:15:00,2304.9,14.94,3,15,Fastened,False
5347,TRK001,OP1008,2026-09-30 07:30:00,2305.15,24.26,4,5,Fastened,False
5348,TRK001,OP1008,2026-09-30 07:45:00,2305.4,30.53,7,7,Fastened,False
5349,TRK001,OP1008,2026-09-30 08:00:00,2305.65,35.78,10,5,Fastened,False
5350,TRK001,OP1008,2026-09-30 08:15:00,2305.9,43.65,11,7,Unfastened,True
5351,TRK001,OP1008,2026-09-30 08:30:00,2306.15,51.62,12,1,Fastened,False
5352,TRK001,OP1008,2026-09-30 08:45:00,2306.4,60.91,14,6,Fastened,False
5353,TRK001,OP1008,2026-09-30 09:00:00,2306.65,65.98,15,5,Fastened,False
5354,TRK001,OP1008,2026-09-30 09:15:00,2306.9,71.45,18,5,Fastened,False
5355,TRK001,OP1008,2026-09-30 09:30:00,2307.15,76.24,21,8,Fastened,False
5356,TRK001,OP1008,2026-09-30 09:45:00,2307.4,85.69,22,1,Fastened,False
5357,TRK001,OP1008,2026-09-30 10:00:00,2307.65,93.65,23,3,Fastened,False
5358,TRK001,OP1008,2026-09-30 10:15:00,2307.9,99.05,26,1,Fastened,False
5359,TRK001,OP1008,2026-09-30 10:30:00,2308.05,100.72,26,41,Fastened,False
5360,TRK001,OP1008,2026-09-30 10:45:00,2308.3,109.12,28,0,Fastened,False
5361,TRK001,OP1008,2026-09-30 11:00:00,2308.55,118.04,30,3,Fastened,False
5362,TRK001,OP1008,2026-09-30 11:15:00,2308.8,127.01,31,12,Unfastened,True
5363,TRK001,OP1008,2026-09-30 11:30:00,2309.05,134.27,32,6,Fastened,False
5364,TRK001,OP1008,2026-09-30 11:45:00,2309.2,136.22,32,29,Fastened,False
5365,TRK001,OP1008,2026-09-30 12:00:00,2309.45,143.57,34,3,Fastened,False
5366,TRK001,OP1008,2026-09-30 12:15:00,2309.6,145.53,34,22,Fastened,False
5367,TRK001,OP1008,2026-09-30 12:30:00,2309.85,154.93,36,6,Unfastened,False
5368,TRK001,OP1008,2026-09-30 12:45:00,2310.1,160.86,39,3,Fastened,False
5369,TRK001,OP1008,2026-09-30 13:00:00,2310.35,166.88,40,7,Fastened,False
5370,TRK001,OP1008,2026-09-30 13:15:00,2310.5,168.95,40,23,Fastened,False
5371,TRK001,OP1008,2026-09-30 13:30:00,2310.75,175.42,42,9,Fastened,False
5372,TRK001,OP1008,2026-09-30 13:45:00,2311.0,181.28,43,5,Unfastened,True
5373,TRK001,OP1008,2026-09-30 14:00:00,2311.25,188.22,45,1,Fastened,False
5374,TRK001,OP1008,2026-09-30 14:15:00,2311.5,197.37,48,5,Fastened,False
5375,TRK001,OP1008,2026-09-30 14:30:00,2311.75,206.82,49,0,Fastened,False
5376,TRK001,OP1008,2026-09-30 14:45:00,2312.0,213.75,51,3,Fastened,False
